datetime,temp_degC,rel_humidity,wind_dir,wind_km_hr,gust_km_hr,precip_mm_hr,solar_w_m2,pressure_kpa,wx-gap-filled-from-atmos-41,solar-gap-filled-from-mx2202
1/1/2024 22:00,24.4,95,West,12,23,12.8,NA,NA,0,0
1/1/2024 23:00,24.6,95,East,15,27,12.8,NA,NA,0,0
1/2/2024 0:00,23.8,93,South,8,28,15,NA,NA,0,0
1/2/2024 1:00,23.4,96,West North-West,2,8,4.6,NA,NA,0,0
1/2/2024 2:00,24.9,90,North North-East,13,26,5.4,NA,NA,0,0
1/2/2024 3:00,24.7,90,North-East,16,24,6.8,NA,NA,0,0
1/2/2024 4:00,25.3,84,East North-East,14,27,3.6,NA,NA,0,0
1/2/2024 5:00,25.2,86,North-East,9,18,0.4,NA,NA,0,0
1/2/2024 6:00,25.6,88,North-East,10,17,0,NA,NA,0,0
1/2/2024 7:00,25.1,91,East,2,15,0,NA,NA,0,0
1/2/2024 8:00,25.4,92,West,4,8,0,NA,NA,0,0
1/2/2024 9:00,26.7,87,South,2,6,0,NA,NA,0,0
1/2/2024 10:00,27.5,79,South,7,13,0,NA,NA,0,0
1/2/2024 11:00,27.6,79,East,12,17,0,NA,NA,0,0
1/2/2024 12:00,27.4,81,East South-East,18,25,0,NA,NA,0,0
1/2/2024 13:00,27.9,75,East South-East,25,33,0,NA,NA,0,0
1/2/2024 14:00,28.1,77,East South-East,24,34,0,NA,NA,0,0
1/2/2024 15:00,28.1,80,East South-East,26,34,0,NA,NA,0,0
1/2/2024 16:00,28.2,85,East South-East,25,38,0,NA,NA,0,0
1/2/2024 17:00,28.2,85,East South-East,26,35,0,NA,NA,0,0
1/2/2024 18:00,28.1,86,East South-East,31,40,0,NA,NA,0,0
1/2/2024 19:00,28.2,84,East South-East,26,39,0,NA,NA,0,0
1/2/2024 20:00,28.2,85,East South-East,26,38,0,NA,NA,0,0
1/2/2024 21:00,28.3,83,East South-East,28,37,0,NA,NA,0,0
1/2/2024 22:00,28.2,85,East South-East,26,36,0,NA,NA,0,0
1/2/2024 23:00,28.2,85,East,26,33,0,NA,NA,0,0
1/3/2024 0:00,28.2,84,East,26,33,0,NA,NA,0,0
1/3/2024 1:00,28.1,84,East,26,34,0,NA,NA,0,0
1/3/2024 2:00,28.1,82,East,27,34,0,NA,NA,0,0
1/3/2024 3:00,28,83,East,25,35,0,NA,NA,0,0
1/3/2024 4:00,27.9,84,East,25,36,0,NA,NA,0,0
1/3/2024 5:00,28,85,East,30,42,0.8,NA,NA,0,0
1/3/2024 6:00,28.1,84,East,30,39,0,NA,NA,0,0
1/3/2024 7:00,28.1,85,East,27,36,0,NA,NA,0,0
1/3/2024 8:00,28.2,87,East,24,36,0,NA,NA,0,0
1/3/2024 9:00,28.4,86,East,28,39,0,NA,NA,0,0
1/3/2024 10:00,28.5,85,East,29,44,0.6,NA,NA,0,0
1/3/2024 11:00,28.6,84,East,27,39,0,NA,NA,0,0
1/3/2024 12:00,28.7,85,East,27,37,0,NA,NA,0,0
1/3/2024 13:00,28.7,84,East,25,34,0,NA,NA,0,0
1/3/2024 14:00,26.5,89,East North-East,23,45,1.6,NA,NA,0,0
1/3/2024 15:00,27.7,87,East,18,29,0,NA,NA,0,0
1/3/2024 16:00,28.2,86,East,18,28,0,NA,NA,0,0
1/3/2024 17:00,25.8,91,East South-East,22,45,9.4,NA,NA,0,0
1/3/2024 18:00,27.3,85,East,18,31,1.6,NA,NA,0,0
1/3/2024 19:00,25.9,90,South-East,25,46,0.4,NA,NA,0,0
1/3/2024 20:00,27.1,90,East South-East,15,22,0,NA,NA,0,0
1/3/2024 21:00,27.9,87,East South-East,16,22,0,NA,NA,0,0
1/3/2024 22:00,27.7,85,East,23,33,0,NA,NA,0,0
1/3/2024 23:00,27.4,91,East,14,31,0,NA,NA,0,0
1/4/2024 0:00,27.9,85,East,15,22,0,NA,NA,0,0
1/4/2024 1:00,27.8,89,East,20,26,0,NA,NA,0,0
1/4/2024 2:00,24.9,94,North,15,46,2.4,NA,NA,0,0
1/4/2024 3:00,25.2,87,North-East,8,20,0.4,NA,NA,0,0
1/4/2024 4:00,26.7,88,East,14,22,0,NA,NA,0,0
1/4/2024 5:00,27,90,East North-East,19,24,0,NA,NA,0,0
1/4/2024 6:00,26.8,89,East North-East,26,36,0.2,NA,NA,0,0
1/4/2024 7:00,27,87,East North-East,27,34,0,NA,NA,0,0
1/4/2024 8:00,27.3,86,North-East,27,37,0,NA,NA,0,0
1/4/2024 9:00,27,88,East,25,36,0,NA,NA,0,0
1/4/2024 10:00,27.5,84,East,21,35,0,NA,NA,0,0
1/4/2024 11:00,27.4,85,East,21,30,0,NA,NA,0,0
1/4/2024 12:00,27.6,81,East South-East,22,29,0,NA,NA,0,0
1/4/2024 13:00,27.9,83,South-East,27,34,0,NA,NA,0,0
1/4/2024 14:00,27.9,84,East South-East,28,39,0,NA,NA,0,0
1/4/2024 15:00,28,84,East South-East,31,37,0,NA,NA,0,0
1/4/2024 16:00,27.8,86,South-East,30,48,0,NA,NA,0,0
1/4/2024 17:00,27.9,87,East South-East,35,43,0,NA,NA,0,0
1/4/2024 18:00,27.7,88,South-East,36,46,0,NA,NA,0,0
1/4/2024 19:00,27.3,87,South-East,40,51,0,NA,NA,0,0
1/4/2024 20:00,27.8,88,East South-East,37,54,0,NA,NA,0,0
1/4/2024 21:00,27.7,88,East South-East,31,47,0,NA,NA,0,0
1/4/2024 22:00,27.8,88,East South-East,31,47,0,NA,NA,0,0
1/4/2024 23:00,27.7,87,East,32,45,2.8,NA,NA,0,0
1/5/2024 0:00,27.7,88,East,35,46,0,NA,NA,0,0
1/5/2024 1:00,27.4,89,East,33,47,0,NA,NA,0,0
1/5/2024 2:00,27.3,88,East,26,37,0,NA,NA,0,0
1/5/2024 3:00,27.4,89,East,32,41,0.6,NA,NA,0,0
1/5/2024 4:00,27.4,85,East North-East,31,46,0,NA,NA,0,0
1/5/2024 5:00,27.7,86,East,29,38,0,NA,NA,0,0
1/5/2024 6:00,27.8,86,East,31,40,1.6,NA,NA,0,0
1/5/2024 7:00,27.7,88,East,27,42,0.4,NA,NA,0,0
1/5/2024 8:00,27.9,86,East,27,39,0,NA,NA,0,0
1/5/2024 9:00,27.7,87,East,30,42,1.6,NA,NA,0,0
1/5/2024 10:00,27.8,88,East,27,38,0.6,NA,NA,0,0
1/5/2024 11:00,28.2,86,East,30,36,0,NA,NA,0,0
1/5/2024 12:00,28.2,87,East,26,36,0,NA,NA,0,0
1/5/2024 13:00,28.3,86,East,27,35,0,NA,NA,0,0
1/5/2024 14:00,28.1,89,East,23,33,0,NA,NA,0,0
1/5/2024 15:00,28.1,89,East,18,30,0,NA,NA,0,0
1/5/2024 16:00,28.4,86,East,26,32,0,NA,NA,0,0
1/5/2024 17:00,28.2,83,East,22,30,0,NA,NA,0,0
1/5/2024 18:00,28.3,88,East North-East,24,31,0,NA,NA,0,0
1/5/2024 19:00,28.3,89,East,24,30,0,NA,NA,0,0
1/5/2024 20:00,27.9,85,East,26,33,0,NA,NA,0,0
1/5/2024 21:00,28.2,84,East South-East,27,34,0,NA,NA,0,0
1/5/2024 22:00,27.9,88,East South-East,28,37,0,NA,NA,0,0
1/5/2024 23:00,27.7,91,East South-East,27,36,0,NA,NA,0,0
1/6/2024 0:00,27.5,88,East,26,35,2.4,NA,NA,0,0
1/6/2024 1:00,25.4,96,South South-East,52,70,10.3,NA,NA,0,0
1/6/2024 2:00,24.6,99,South-East,51,72,32.6,NA,NA,0,0
1/6/2024 3:00,23.9,96,South South-East,45,63,7.2,NA,NA,0,0
1/6/2024 4:00,23.9,94,South South-East,35,54,4.8,NA,NA,0,0
1/6/2024 5:00,24.7,91,East South-East,23,40,0.8,NA,NA,0,0
1/6/2024 6:00,25.8,90,East South-East,24,33,0,NA,NA,0,0
1/6/2024 7:00,26.2,89,East South-East,33,42,0,NA,NA,0,0
1/6/2024 8:00,26.7,88,East,28,41,0,NA,NA,0,0
1/6/2024 9:00,27.1,83,East,21,32,0,NA,NA,0,0
1/6/2024 10:00,27.1,83,East South-East,18,25,0,NA,NA,0,0
1/6/2024 11:00,27.3,83,South-East,23,32,0,NA,NA,0,0
1/6/2024 12:00,27.4,84,South-East,25,33,0,NA,NA,0,0
1/6/2024 13:00,27.5,84,South-East,21,31,0,NA,NA,0,0
1/6/2024 14:00,27.5,85,South-East,25,37,0,NA,NA,0,0
1/6/2024 15:00,27.4,84,East South-East,24,31,0,NA,NA,0,0
1/6/2024 16:00,27.9,79,East South-East,22,33,0,NA,NA,0,0
1/6/2024 17:00,27.9,79,East South-East,23,30,0,NA,NA,0,0
1/6/2024 18:00,27.9,79,South-East,24,31,0,NA,NA,0,0
1/6/2024 19:00,27.8,82,East South-East,23,31,0,NA,NA,0,0
1/6/2024 20:00,27.5,86,East South-East,21,29,0,NA,NA,0,0
1/6/2024 21:00,27.6,82,East South-East,21,30,0,NA,NA,0,0
1/6/2024 22:00,27.7,82,East South-East,20,28,0,NA,NA,0,0
1/6/2024 23:00,27.5,85,East South-East,17,25,0,NA,NA,0,0
1/7/2024 0:00,27.4,84,South-East,22,27,0,NA,NA,0,0
1/7/2024 1:00,27.4,84,South-East,22,27,0,NA,NA,0,0
1/7/2024 2:00,27.3,85,South-East,21,28,0,NA,NA,0,0
1/7/2024 3:00,27.1,88,South-East,24,31,0,NA,NA,0,0
1/7/2024 4:00,26.6,90,East,16,36,2.2,NA,NA,0,0
1/7/2024 5:00,27.3,85,East South-East,20,27,0,NA,NA,0,0
1/7/2024 6:00,27.3,84,East South-East,19,26,0,NA,NA,0,0
1/7/2024 7:00,27.4,84,South-East,21,27,0,NA,NA,0,0
1/7/2024 8:00,27.6,83,South-East,19,28,0,NA,NA,0,0
1/7/2024 9:00,27.8,81,South-East,21,28,0,NA,NA,0,0
1/7/2024 10:00,28,81,South-East,18,28,0,NA,NA,0,0
1/7/2024 11:00,28,80,East South-East,16,27,0,NA,NA,0,0
1/7/2024 12:00,28.2,81,East South-East,15,23,0,NA,NA,0,0
1/7/2024 13:00,28.1,81,East South-East,18,27,0,NA,NA,0,0
1/7/2024 14:00,28.2,80,East,15,24,0,NA,NA,0,0
1/7/2024 15:00,28.2,79,East South-East,13,22,0,NA,NA,0,0
1/7/2024 16:00,28.3,77,East,14,20,0,NA,NA,0,0
1/7/2024 17:00,28.4,78,South-East,15,21,0,NA,NA,0,0
1/7/2024 18:00,28,85,South-East,20,26,0,NA,NA,0,0
1/7/2024 19:00,28,82,East,18,26,0,NA,NA,0,0
1/7/2024 20:00,26.8,90,South South-East,22,37,0.2,NA,NA,0,0
1/7/2024 21:00,27.9,82,South-East,20,25,0.2,NA,NA,0,0
1/7/2024 22:00,27.5,85,East South-East,22,27,0,NA,NA,0,0
1/7/2024 23:00,27.7,84,East South-East,18,29,0,NA,NA,0,0
1/8/2024 0:00,27.6,83,South-East,19,25,0,NA,NA,0,0
1/8/2024 1:00,27.3,86,South-East,22,28,0,NA,NA,0,0
1/8/2024 2:00,27,88,South South-East,22,32,0,NA,NA,0,0
1/8/2024 3:00,26.9,87,South-East,26,32,0,NA,NA,0,0
1/8/2024 4:00,26.6,89,South-East,27,35,0,NA,NA,0,0
1/8/2024 5:00,26.7,88,South-East,25,36,0,NA,NA,0,0
1/8/2024 6:00,26.3,90,South-East,27,36,0,NA,NA,0,0
1/8/2024 7:00,26.8,89,South-East,25,36,0,NA,NA,0,0
1/8/2024 8:00,26.5,91,East,25,33,1,NA,NA,0,0
1/8/2024 9:00,27.6,84,East South-East,24,33,0,NA,NA,0,0
1/8/2024 10:00,27.8,84,East South-East,23,31,0,NA,NA,0,0
1/8/2024 11:00,NA,NA,NA,NA,NA,NA,NA,NA,0,0
1/8/2024 12:00,28,84,East South-East,22,33,0,NA,NA,0,0
1/8/2024 13:00,28.1,81,East South-East,24,33,0,NA,NA,0,0
1/8/2024 14:00,28.3,86,East,21,33,0,NA,NA,0,0
1/8/2024 15:00,28.1,83,East South-East,22,30,0,NA,NA,0,0
1/8/2024 16:00,28.2,85,East,20,28,0,NA,NA,0,0
1/8/2024 17:00,28.3,84,East,20,31,0,NA,NA,0,0
1/8/2024 18:00,28.5,80,East,22,31,0,NA,NA,0,0
1/8/2024 19:00,28,84,East,28,34,0,NA,NA,0,0
1/8/2024 20:00,28,85,East,23,33,0,NA,NA,0,0
1/8/2024 21:00,27.8,84,East,22,29,0,NA,NA,0,0
1/8/2024 22:00,27.8,84,East,21,30,0,NA,NA,0,0
1/8/2024 23:00,26.9,82,North-East,19,37,0.4,NA,NA,0,0
1/9/2024 0:00,25.8,88,East South-East,12,33,3.8,NA,NA,0,0
1/9/2024 1:00,27.6,85,East,22,29,0.4,NA,NA,0,0
1/9/2024 2:00,27.7,85,East,19,33,0,NA,NA,0,0
1/9/2024 3:00,27.6,82,East South-East,19,26,0,NA,NA,0,0
1/9/2024 4:00,27.6,85,East South-East,20,28,0,NA,NA,0,0
1/9/2024 5:00,27.5,86,East,21,27,0,NA,NA,0,0
1/9/2024 6:00,26.6,91,East North-East,18,36,1.2,NA,NA,0,0
1/9/2024 7:00,27.6,83,East,18,29,0,NA,NA,0,0
1/9/2024 8:00,28.2,82,East,21,26,0,NA,NA,0,0
1/9/2024 9:00,28.1,86,East,14,40,0.2,NA,NA,0,0
1/9/2024 10:00,28.2,85,East,17,21,0,NA,NA,0,0
1/9/2024 11:00,27.2,89,East North-East,20,45,4.9,NA,NA,0,0
1/9/2024 12:00,28.4,85,East North-East,17,26,0,NA,NA,0,0
1/9/2024 13:00,28.5,84,East North-East,17,35,2.2,NA,NA,0,0
1/9/2024 14:00,28.9,80,North-East,19,30,0,NA,NA,0,0
1/9/2024 15:00,28.7,78,North-East,15,27,0,NA,NA,0,0
1/9/2024 16:00,28.6,79,North-East,11,22,0,NA,NA,0,0
1/9/2024 17:00,27.4,89,East,26,32,0,NA,NA,0,0
1/9/2024 18:00,26.2,92,East South-East,17,39,2.2,NA,NA,0,0
1/9/2024 19:00,27.7,87,East North-East,15,24,0.2,NA,NA,0,0
1/9/2024 20:00,27.7,87,North-East,13,22,0,NA,NA,0,0
1/9/2024 21:00,27.4,87,East,19,24,0,NA,NA,0,0
1/9/2024 22:00,26.6,90,East,13,27,1,NA,NA,0,0
1/9/2024 23:00,26.3,91,East,18,26,0,NA,NA,0,0
1/10/2024 0:00,25,94,North North-East,13,28,2.8,NA,NA,0,0
1/10/2024 1:00,24.8,96,North North-East,8,27,14.4,NA,NA,0,0
1/10/2024 2:00,25.7,92,East North-East,15,24,3,NA,NA,0,0
1/10/2024 3:00,26.1,88,East,13,21,0.2,NA,NA,0,0
1/10/2024 4:00,26.5,89,East North-East,18,24,0,NA,NA,0,0
1/10/2024 5:00,26.9,89,East North-East,12,20,0,NA,NA,0,0
1/10/2024 6:00,24,92,North,29,46,11.8,NA,NA,0,0
1/10/2024 7:00,25.7,92,East North-East,21,38,6.2,NA,NA,0,0
1/10/2024 8:00,26.9,87,East,24,29,0.4,NA,NA,0,0
1/10/2024 9:00,27.4,87,East North-East,28,36,0,NA,NA,0,0
1/10/2024 10:00,27.7,83,North-East,27,43,0,NA,NA,0,0
1/10/2024 11:00,28.5,82,North-East,23,41,0,NA,NA,0,0
1/10/2024 12:00,28.4,80,North North-East,27,42,0,NA,NA,0,0
1/10/2024 13:00,28.2,82,North North-East,27,42,0,NA,NA,0,0
1/10/2024 14:00,28.8,79,North North-East,28,44,0,NA,NA,0,0
1/10/2024 15:00,28.8,79,North North-East,23,39,0,NA,NA,0,0
1/10/2024 16:00,28.5,82,North North-East,21,43,0,NA,NA,0,0
1/10/2024 17:00,28.2,84,North,16,32,0,NA,NA,0,0
1/10/2024 18:00,28.1,83,North,17,29,0,NA,NA,0,0
1/10/2024 19:00,27.9,80,North,15,28,0,NA,NA,0,0
1/10/2024 20:00,27.9,81,North,15,28,0,NA,NA,0,0
1/10/2024 21:00,28,81,North,15,28,0,0,101.235,0,0
1/10/2024 22:00,28.1,83,North,14,27,0,0,101.2616667,0,0
1/10/2024 23:00,28,83,North,14,24,0,0,101.2466667,0,0
1/11/2024 0:00,28,82,North,11,26,0,0,101.1783333,0,0
1/11/2024 1:00,27.8,85,North,10,21,0,0,101.14,0,0
1/11/2024 2:00,27.8,84,North,12,24,0,0,101.08,0,0
1/11/2024 3:00,28,84,North North-West,11,25,0,0,101.0383333,0,0
1/11/2024 4:00,27.7,86,North,7,18,0,0,101.0316667,0,0
1/11/2024 5:00,24.8,93,West South-West,12,43,3.5,0,101.1233333,0,0
1/11/2024 6:00,24.3,95,West,4,27,6.5,0,101.2033333,0,0
1/11/2024 7:00,24.8,95,West South-West,2,13,0,0,101.2416667,0,0
1/11/2024 8:00,27,84,North-East,8,12,0,0.9,101.2716667,0,0
1/11/2024 9:00,27.9,82,East South-East,6,12,0,173.5,101.2733333,0,0
1/11/2024 10:00,28.1,80,East North-East,7,13,0,743.5666667,101.2433333,0,0
1/11/2024 11:00,27.9,84,East,9,14,0,849.0333333,101.2083333,0,0
1/11/2024 12:00,29.6,75,East North-East,6,14,0,929.8333333,101.1583333,0,0
1/11/2024 13:00,29.7,76,North-West,7,16,0,896.8,101.1083333,0,0
1/11/2024 14:00,30.1,75,North-West,9,19,0,848.7166667,101.06,0,0
1/11/2024 15:00,30.5,76,West North-West,8,19,0,780.9333333,101.015,0,0
1/11/2024 16:00,29.9,75,North-West,12,24,0,550.4166667,100.97,0,0
1/11/2024 17:00,29.7,77,North-West,10,19,0,326.65,101.0183333,0,0
1/11/2024 18:00,29.5,76,West North-West,4,16,0,111.8166667,101.1033333,0,0
1/11/2024 19:00,28.4,80,West South-West,5,13,0,15.95,101.1966667,0,0
1/11/2024 20:00,28.2,82,West South-West,7,14,0,0,101.2583333,0,0
1/11/2024 21:00,27.9,83,West South-West,5,15,0,0,101.2883333,0,0
1/11/2024 22:00,27.8,83,West South-West,5,9,0,0,101.3416667,0,0
1/11/2024 23:00,27,87,South-West,2,9,0,0,101.345,0,0
1/12/2024 0:00,26.9,90,West,3,8,0,0,101.305,0,0
1/12/2024 1:00,27.6,89,South,6,9,0,0,101.2516667,0,0
1/12/2024 2:00,27.2,86,East South-East,3,9,0,0,101.19,0,0
1/12/2024 3:00,27.8,86,East South-East,8,11,0,0,101.14,0,0
1/12/2024 4:00,27.8,81,East South-East,8,14,0,0,101.1233333,0,0
1/12/2024 5:00,27.8,85,East,10,15,0,0,101.1516667,0,0
1/12/2024 6:00,27.9,85,East,13,18,0,5.983333333,101.2216667,0,0
1/12/2024 7:00,28.3,84,East North-East,18,24,0,132.1833333,101.2383333,0,0
1/12/2024 8:00,28.5,82,East,18,27,0,379.3,101.2216667,0,0
1/12/2024 9:00,28.5,80,East,18,23,0,556.3166667,101.255,0,0
1/12/2024 10:00,28.8,79,East,18,24,0,703.7166667,101.295,0,0
1/12/2024 11:00,28.9,78,East,19,26,0,869.0833333,101.295,0,0
1/12/2024 12:00,29,79,East,20,27,0,936.8,101.255,0,0
1/12/2024 13:00,29.1,81,East,22,30,0,854.5,101.21,0,0
1/12/2024 14:00,29.3,78,East,24,31,0,749.1833333,101.1666667,0,0
1/12/2024 15:00,29.5,77,East,22,30,0,652.5333333,101.1066667,0,0
1/12/2024 16:00,29.4,77,East,20,29,0,447.1166667,101.0683333,0,0
1/12/2024 17:00,29.4,76,East,20,30,0,378.7833333,101.0883333,0,0
1/12/2024 18:00,29,79,East South-East,19,25,0,78.46666667,101.16,0,0
1/12/2024 19:00,28.9,82,East South-East,21,28,0,15,101.22,0,0
1/12/2024 20:00,28.7,80,East South-East,21,27,0,0,101.28,0,0
1/12/2024 21:00,28.6,84,East South-East,24,31,0,0,101.3033333,0,0
1/12/2024 22:00,28.6,82,East South-East,24,36,0,0,101.3183333,0,0
1/12/2024 23:00,28.3,82,East South-East,23,33,0,0,101.31,0,0
1/13/2024 0:00,28.3,87,East South-East,22,31,0,0,101.2666667,0,0
1/13/2024 1:00,27.3,80,East South-East,16,46,0,0,101.22,0,0
1/13/2024 2:00,27.8,88,East South-East,13,26,0,0,101.165,0,0
1/13/2024 3:00,28.3,84,East,24,32,0,0,101.1016667,0,0
1/13/2024 4:00,28.1,85,East,26,32,0,0,101.1,0,0
1/13/2024 5:00,28.2,84,East,27,35,0,0,101.1183333,0,0
1/13/2024 6:00,28.2,85,East,24,36,0,7.65,101.185,0,0
1/13/2024 7:00,28.3,81,East,27,36,0,97.91666667,101.255,0,0
1/13/2024 8:00,28.3,83,East,26,32,0,197.4833333,101.295,0,0
1/13/2024 9:00,28.5,83,East,28,36,0,368.8333333,101.3,0,0
1/13/2024 10:00,28.6,83,East,29,39,0,422.8,101.3083333,0,0
1/13/2024 11:00,28.8,81,East,29,37,0,635.5166667,101.27,0,0
1/13/2024 12:00,28.9,82,East,26,38,0,613.6166667,101.25,0,0
1/13/2024 13:00,29,81,East,29,40,0,496.1,101.1966667,0,0
1/13/2024 14:00,29.1,80,East,27,41,0,511.35,101.1483333,0,0
1/13/2024 15:00,28.8,82,East,30,40,0,502.4,101.085,0,0
1/13/2024 16:00,28.9,82,East,32,40,0,212.9833333,101.065,0,0
1/13/2024 17:00,28.9,79,East,34,44,0,177.6166667,101.0833333,0,0
1/13/2024 18:00,28.7,81,East South-East,33,45,0,74.53333333,101.1333333,0,0
1/13/2024 19:00,28.7,82,East South-East,28,45,0,9.3,101.21,0,0
1/13/2024 20:00,28.8,79,East South-East,30,40,0,0,101.3066667,0,0
1/13/2024 21:00,28.5,83,East South-East,32,47,0,0,101.3183333,0,0
1/13/2024 22:00,28.4,82,East South-East,34,45,0,0,101.3366667,0,0
1/13/2024 23:00,28.4,83,East South-East,34,46,0,0,101.3383333,0,0
1/14/2024 0:00,28.2,85,East South-East,32,45,0,0,101.2833333,0,0
1/14/2024 1:00,28,85,East South-East,31,45,0,0,101.1983333,0,0
1/14/2024 2:00,28.2,83,East South-East,34,47,0,0,101.14,0,0
1/14/2024 3:00,27.4,83,East,37,50,0,0,101.1,0,0
1/14/2024 4:00,28,84,East,35,59,5.5,0,101.0883333,0,0
1/14/2024 5:00,27.9,81,East South-East,33,50,0,0,101.08,0,0
1/14/2024 6:00,28.3,82,East South-East,38,52,0,5.983333333,101.125,0,0
1/14/2024 7:00,28.4,81,East South-East,42,56,0,103.0166667,101.155,0,0
1/14/2024 8:00,28,80,East,43,57,0,242.55,101.1866667,0,0
1/14/2024 9:00,28.6,82,East South-East,37,56,0,451.2833333,101.1916667,0,0
1/14/2024 10:00,28.35617957,76.72288958,East,35.42535233,53.52841733,0,635.5166667,101.18,1,0
1/14/2024 11:00,28.70674647,75.84426172,East,36.46575303,53.52841733,0,655.5833333,101.1483333,1,0
1/14/2024 12:00,28.75016531,73.96927979,East,36.48422168,51.67984576,0,800.65,101.12,1,0
1/14/2024 13:00,28.8418273,75.27933912,East,35.55463289,50.58579319,0,807.4,101.0733333,1,0
1/14/2024 14:00,28.98816487,74.87800205,East South-East,39.07598911,54.01885469,0,851.9666667,101.0066667,1,0
1/14/2024 15:00,28.98334055,75.08568439,East South-East,38.02943219,53.00025402,0,702.55,100.955,1,0
1/14/2024 16:00,28.91419203,76.07946327,East South-East,36.71815793,50.20853369,0,501.15,100.9216667,1,0
1/14/2024 17:00,28.98012434,75.32468952,East South-East,37.22912396,53.90567684,0,322.2333333,100.94,1,0
1/14/2024 18:00,28.95278655,74.48069128,East South-East,37.49384129,51.98165336,0,85.45,101.0066667,1,0
1/14/2024 19:00,28.8,80,East South-East,40,54,0,10,101.0883333,0,0
1/14/2024 20:00,28.7,82,East South-East,38,50,0,0,101.1383333,0,0
1/14/2024 21:00,28.5,82,East South-East,39,55,0,0,101.1733333,0,0
1/14/2024 22:00,27.8,86,East,29,72,4.4,0,101.24,0,0
1/14/2024 23:00,25.6,89,East South-East,43,65,1.2,0,101.2283333,0,0
1/15/2024 0:00,26.8,91,East,28,62,0.8,0,101.2133333,0,0
1/15/2024 1:00,28.3,82,East,40,53,1.8,0,101.1466667,0,0
1/15/2024 2:00,28.3,82,East South-East,39,52,0,0,101.0816667,0,0
1/15/2024 3:00,28.3,81,East South-East,37,52,0,0,101.0466667,0,0
1/15/2024 4:00,28.2,82,East South-East,37,50,0,0,101.045,0,0
1/15/2024 5:00,28.1,84,East South-East,34,48,0.4,0,101.08,0,0
1/15/2024 6:00,28.4,81,East South-East,38,50,0,6.166666667,101.1383333,0,0
1/15/2024 7:00,28.4,81,East,40,57,0,87.6,101.1766667,0,0
1/15/2024 8:00,28.7,80,East,39,54,0,301.2166667,101.19,0,0
1/15/2024 9:00,28.8,80,East South-East,40,55,0,540.5333333,101.2066667,0,0
1/15/2024 10:00,28.9,81,East South-East,37,51,0,656.25,101.195,0,0
1/15/2024 11:00,28.6,82,East,39,52,0,734.0166667,101.155,0,0
1/15/2024 12:00,28.7,82,East South-East,40,55,0,641.7666667,101.0916667,0,0
1/15/2024 13:00,27.1,88,East,42,62,1.8,400.5666667,101.0683333,0,0
1/15/2024 14:00,28.3,84,East South-East,33,47,0,575.1166667,101.015,0,0
1/15/2024 15:00,28.5,84,East,31,72,1,506.6333333,100.9483333,0,0
1/15/2024 16:00,28.4,82,East South-East,40,54,0,391.0333333,100.8933333,0,0
1/15/2024 17:00,28.4,82,East South-East,44,58,0,242.4333333,100.8933333,0,0
1/15/2024 18:00,28.3,83,East South-East,37,54,0,108.1166667,100.9433333,0,0
1/15/2024 19:00,28.4,82,East South-East,39,55,0,13.26666667,100.9883333,0,0
1/15/2024 20:00,28.5,83,East South-East,34,50,0,0,101.0933333,0,0
1/15/2024 21:00,28.5,81,East South-East,37,49,0,0,101.1233333,0,0
1/15/2024 22:00,28.4,82,East South-East,38,51,0.6,0,101.15,0,0
1/15/2024 23:00,28.2,84,East South-East,31,47,0,0,101.1516667,0,0
1/16/2024 0:00,27.2,81,East South-East,37,53,0,0,101.0916667,0,0
1/16/2024 1:00,28.2,82,East South-East,32,46,0,0,101.0333333,0,0
1/16/2024 2:00,28.1,84,East South-East,32,41,0,0,100.99,0,0
1/16/2024 3:00,27.8,81,East South-East,30,46,0,0,100.9533333,0,0
1/16/2024 4:00,27.9,84,East South-East,32,44,0,0,100.9716667,0,0
1/16/2024 5:00,27.9,83,East South-East,33,46,0,0,100.9933333,0,0
1/16/2024 6:00,28.2,85,East,30,44,0,5.066666667,101.0833333,0,0
1/16/2024 7:00,28.4,81,East South-East,34,45,0,78.63333333,101.14,0,0
1/16/2024 8:00,27.7,83,East,33,45,0,165.8666667,101.195,0,0
1/16/2024 9:00,28,80,East,27,43,0,425.2666667,101.195,0,0
1/16/2024 10:00,28.6,84,East,25,36,0,489.4,101.2083333,0,0
1/16/2024 11:00,28.9,80,East,32,40,0,850.0333333,101.145,0,0
1/16/2024 12:00,28.7,81,East,30,43,0,917.9833333,101.085,0,0
1/16/2024 13:00,28.9,82,East,28,41,0,874.6333333,101.05,0,0
1/16/2024 14:00,29,82,East,31,42,0,701.5666667,100.985,0,0
1/16/2024 15:00,28.7,82,East South-East,29,40,0,405.2833333,100.965,0,0
1/16/2024 16:00,25.7,87,East,30,51,0.6,379.6166667,100.9683333,0,0
1/16/2024 17:00,28.3,84,East North-East,26,42,3.4,57.45,101.0316667,0,0
1/16/2024 18:00,28.05868012,80.37285838,East South-East,31.0051884,45.90777533,0,49.98333333,101.0216667,1,0
1/16/2024 19:00,28.28059862,78.70463176,East South-East,33.64620557,46.81319814,0,3.566666667,101.0783333,1,0
1/16/2024 20:00,28.28542294,77.88985107,East South-East,31.42381117,43.53104044,0,0,101.0866667,1,0
1/16/2024 21:00,28.47035502,77.25746034,East,32.20565075,44.43646326,0,0,101.1316667,1,0
1/16/2024 22:00,28.46874692,77.32364445,East,30.99287597,46.47366458,0,0,101.1583333,1,0
1/16/2024 23:00,28.48643608,75.87887292,East,28.62273236,39.38118588,0,0,101.1816667,1,0
1/17/2024 0:00,28.37547683,76.66659128,East,28.22873446,39.75844539,0,0,101.1383333,1,0
1/17/2024 1:00,28.29667967,77.05217468,East,29.20141677,41.87109862,0,0,101.0183333,1,0
1/17/2024 2:00,28.23235547,76.90201604,East,27.68698735,37.60806621,0,0,100.9816667,1,0
1/17/2024 3:00,28.22270684,76.75004594,East,26.65889908,39.19255613,0,0,100.9833333,1,0
1/17/2024 4:00,28.23557168,75.19272679,East South-East,26.76355477,36.51401364,0,0,100.9916667,1,0
1/17/2024 5:00,26.95230382,81.14627423,South-East,32.27336914,51.37803815,0,0,101.0033333,1,0
1/17/2024 6:00,25.24449621,87.67450336,East South-East,26.78817964,48.66176971,4.40214863,0.066666667,101.19,1,0
1/17/2024 7:00,25.28309073,86.87527416,East South-East,30.55578455,42.70106953,0.705127255,7.066666667,101.2016667,1,0
1/17/2024 8:00,25.98422455,86.54738789,East South-East,29.1029173,40.2866087,0.372150496,46.85,101.215,1,0
1/17/2024 9:00,26.73520963,81.48283185,East,31.0421257,42.77652143,0,217.5666667,101.22,1,0
1/17/2024 10:00,27.25301947,79.9064927,East,30.3957229,45.07780441,0,256.15,101.19,1,0
1/17/2024 11:00,27.31895178,81.46925925,East South-East,35.65928858,49.11448112,0,296.05,101.1233333,1,0
1/17/2024 12:00,27.56499186,80.39685767,East,31.82396528,46.17185698,0,626,101.0933333,1,0
1/17/2024 13:00,27.9,83,East,28,39,0,922.7666667,101.0466667,0,0
1/17/2024 14:00,28.3,82,East,28,41,0,856.7333333,101,0,0
1/17/2024 15:00,28.5,84,East,29,38,0,740.8333333,100.9616667,0,0
1/17/2024 16:00,28.6,85,East South-East,30,40,0,571.8833333,100.9366667,0,0
1/17/2024 17:00,28.6,83,East,27,40,0,353.9333333,100.95,0,0
1/17/2024 18:00,28.6,83,East,30,39,0,102.9666667,101.035,0,0
1/17/2024 19:00,28.4,83,East South-East,30,43,0,13.93333333,101.1283333,0,0
1/17/2024 20:00,28.4,85,East South-East,30,44,0,0,101.185,0,0
1/17/2024 21:00,28.3,84,East South-East,30,43,0,0,101.2133333,0,0
1/17/2024 22:00,28.3,83,East South-East,30,42,0,0,101.225,0,0
1/17/2024 23:00,28.2,82,East South-East,31,44,0,0,101.2033333,0,0
1/18/2024 0:00,28.2,81,East,28,39,0,0,101.18,0,0
1/18/2024 1:00,28.2,83,East,29,42,0,0,101.105,0,0
1/18/2024 2:00,28.1,80,East,28,39,0,0,101.0733333,0,0
1/18/2024 3:00,28.1,82,East,26,38,0,0,101.0516667,0,0
1/18/2024 4:00,27.8,83,East,26,35,0,0,101.0633333,0,0
1/18/2024 5:00,28,83,East South-East,28,36,0,0,101.0883333,0,0
1/18/2024 6:00,28.1,82,East South-East,26,35,0,5.75,101.14,0,0
1/18/2024 7:00,28.4,82,East,24,35,0,105.5333333,101.185,0,0
1/18/2024 8:00,28.6,81,East,23,32,0,305.7333333,101.1766667,0,0
1/18/2024 9:00,28.8,80,East,25,32,0,529.3333333,101.175,0,0
1/18/2024 10:00,28.1,84,East North-East,22,35,0,519.2833333,101.2166667,0,0
1/18/2024 11:00,28.1,81,North-East,19,42,0,567.8,101.2233333,0,0
1/18/2024 12:00,28.4,84,East North-East,14,24,0,924.8833333,101.1533333,0,0
1/18/2024 13:00,28.8,82,East North-East,13,23,0,913.25,101.1016667,0,0
1/18/2024 14:00,28.8,81,East,19,26,0,860.2,101.025,0,0
1/18/2024 15:00,28.9,81,East,22,30,0,713.1333333,100.9716667,0,0
1/18/2024 16:00,29,82,East,14,24,0,572.5833333,100.9383333,0,0
1/18/2024 17:00,28.6,82,East,18,24,0,354.6666667,100.9466667,0,0
1/18/2024 18:00,28.6,83,East South-East,15,24,0,101.5833333,101.01,0,0
1/18/2024 19:00,28.7,81,East,17,26,0,11.28333333,101.045,0,0
1/18/2024 20:00,28.4,83,East South-East,18,25,0,0,101.125,0,0
1/18/2024 21:00,28.4,84,East South-East,18,26,0,0,101.1583333,0,0
1/18/2024 22:00,28.4,85,East South-East,17,25,0,0,101.165,0,0
1/18/2024 23:00,28.4,81,East South-East,15,22,0,0,101.1766667,0,0
1/19/2024 0:00,27.7,83,East South-East,19,29,0,0,101.11,0,0
1/19/2024 1:00,27.7,86,East South-East,13,23,0,0,100.995,0,0
1/19/2024 2:00,27.9,86,East South-East,9,17,0,0,100.96,0,0
1/19/2024 3:00,28,86,East South-East,9,17,0,0,100.94,0,0
1/19/2024 4:00,28,82,East South-East,10,14,0,0,100.9183333,0,0
1/19/2024 5:00,28.1,83,East South-East,11,15,0,0,100.9516667,0,0
1/19/2024 6:00,27.9,83,East South-East,11,17,0,2.883333333,101.01,0,0
1/19/2024 7:00,28.5,81,East South-East,12,17,0,106.4666667,101.04,0,0
1/19/2024 8:00,28.4,78,East,9,21,0.2,217.7666667,101.07,0,0
1/19/2024 9:00,29,78,East,11,18,0,580.7,101.0516667,0,0
1/19/2024 10:00,29.1,79,North-East,14,19,0,393.9666667,101.09,0,0
1/19/2024 11:00,27.6,83,North North-East,10,26,0.4,577.7666667,101.0933333,0,0
1/19/2024 12:00,29.1,75,East North-East,7,12,1.8,797.2166667,101.0283333,0,0
1/19/2024 13:00,29.6,74,North-East,9,20,0,903.7333333,100.9616667,0,0
1/19/2024 14:00,29.5,75,East North-East,9,17,0,852.5,100.925,0,0
1/19/2024 15:00,29.6,76,East,7,15,0,710.55,100.875,0,0
1/19/2024 16:00,30.1,73,North-East,6,15,0,564.8833333,100.825,0,0
1/19/2024 17:00,30.2,73,North North-East,6,15,0,429.0166667,100.8383333,0,0
1/19/2024 18:00,29.5,74,North North-West,6,13,0,162.2333333,100.8933333,0,0
1/19/2024 19:00,28.2,80,North-West,0,9,0,15.86666667,100.9583333,0,0
1/19/2024 20:00,28.6,79,North-East,5,11,0,0,101.0133333,0,0
1/19/2024 21:00,28.3,80,North,4,12,0,0,101.0616667,0,0
1/19/2024 22:00,27.4,83,North North-West,2,9,0,0,101.0766667,0,0
1/19/2024 23:00,27.3,84,West North-West,3,6,0,0,101.0666667,0,0
1/20/2024 0:00,26.8,87,West,0,5,0,0,101.0333333,0,0
1/20/2024 1:00,27.4,86,West North-West,5,11,0,0,100.9716667,0,0
1/20/2024 2:00,26.6,88,West South-West,3,8,0,0,100.91,0,0
1/20/2024 3:00,26.5,91,South-West,2,8,0,0,100.8683333,0,0
1/20/2024 4:00,26.3,91,West,0,7,0,0,100.845,0,0
1/20/2024 5:00,26.3,92,South-West,3,11,0,0,100.8716667,0,0
1/20/2024 6:00,27.4,81,East North-East,5,23,0,0.4,100.94,0,0
1/20/2024 7:00,26.7,85,West South-West,0,6,0,16.31666667,100.9933333,0,0
1/20/2024 8:00,24.8,91,North-West,5,18,7,9.716666667,101.0866667,0,0
1/20/2024 9:00,24.9,95,South South-West,5,14,6,24.11666667,101.16,0,0
1/20/2024 10:00,25.1,96,South-West,7,18,4.8,87.21666667,101.17,0,0
1/20/2024 11:00,24.9,95,South-East,15,29,6,154.3833333,101.145,0,0
1/20/2024 12:00,24.9,91,East South-East,22,28,2.6,220.9,101.0783333,0,0
1/20/2024 13:00,25.1,92,South-East,10,24,3.4,187.85,101.05,0,0
1/20/2024 14:00,25.1,87,South-East,17,28,1.2,214.2666667,100.9883333,0,0
1/20/2024 15:00,25.8,86,South-East,17,23,0,188.1166667,100.935,0,0
1/20/2024 16:00,25.4,90,South-East,30,47,0.6,104.5166667,100.8966667,0,0
1/20/2024 17:00,25,84,East South-East,32,47,0.2,65.36666667,100.91,0,0
1/20/2024 18:00,25.4,85,East South-East,28,45,0.4,26.08333333,100.95,0,0
1/20/2024 19:00,25.3,88,East,31,38,0.2,3.95,101.0383333,0,0
1/20/2024 20:00,25.5,87,East,29,38,0,0,101.075,0,0
1/20/2024 21:00,25.5,86,East,32,41,0,0,101.07,0,0
1/20/2024 22:00,26,86,East South-East,29,41,0,0,101.0816667,0,0
1/20/2024 23:00,26.2,83,East,28,38,0,0,101.0766667,0,0
1/21/2024 0:00,25.9,83,East South-East,27,39,0.2,0,101.03,0,0
1/21/2024 1:00,26.5,82,East,23,34,0,0,100.9516667,0,0
1/21/2024 2:00,26.5,81,East,24,34,0,0,100.9,0,0
1/21/2024 3:00,26.8,82,East North-East,20,27,0,0,100.8733333,0,0
1/21/2024 4:00,26.8,87,East North-East,21,28,0.2,0,100.8716667,0,0
1/21/2024 5:00,26.9,86,North-East,23,31,0,0,100.8733333,0,0
1/21/2024 6:00,27,85,East North-East,20,30,0,0.233333333,100.9266667,0,0
1/21/2024 7:00,26.1,92,East,17,27,2,6.383333333,101.0266667,0,0
1/21/2024 8:00,25.1,94,South-East,25,31,6.8,34.35,101.09,0,0
1/21/2024 9:00,25.5,92,South-East,23,30,0.8,109.7,101.1083333,0,0
1/21/2024 10:00,25.1,92,South-East,21,34,2.6,159.7166667,101.1033333,0,0
1/21/2024 11:00,24.8,95,South,7,30,7,217.9333333,101.1216667,0,0
1/21/2024 12:00,25.3,94,South,11,18,4,264.15,101.075,0,0
1/21/2024 13:00,26.6,84,East North-East,8,14,0,361.9833333,100.98,0,0
1/21/2024 14:00,26.5,87,North-East,11,15,0.2,211.8166667,100.9916667,0,0
1/21/2024 15:00,26.4,86,East North-East,17,25,0.2,237.9333333,100.9433333,0,0
1/21/2024 16:00,26.6,85,East,14,19,0,188.8666667,100.8816667,0,0
1/21/2024 17:00,26.8,79,East,5,17,0,126.6833333,100.8766667,0,0
1/21/2024 18:00,27.1,79,East,8,12,0,54.5,100.955,0,0
1/21/2024 19:00,27.1,79,East,7,14,0,7.033333333,101.0233333,0,0
1/21/2024 20:00,27.2,83,East,10,17,0,0,101.0833333,0,0
1/21/2024 21:00,27.2,85,East,13,17,0,0,101.115,0,0
1/21/2024 22:00,27.3,86,East,14,18,0,0,101.1416667,0,0
1/21/2024 23:00,27.5,85,East,15,20,0,0,101.1383333,0,0
1/22/2024 0:00,27.6,86,East North-East,13,21,0,0,101.0916667,0,0
1/22/2024 1:00,27.7,88,East,14,19,0,0,101.0383333,0,0
1/22/2024 2:00,27.6,88,East,15,21,0,0,100.9866667,0,0
1/22/2024 3:00,27.7,88,East North-East,14,22,0,0,100.9633333,0,0
1/22/2024 4:00,27.9,90,East North-East,13,20,0,0,100.9683333,0,0
1/22/2024 5:00,27.9,83,North-East,9,19,0,0,100.9916667,0,0
1/22/2024 6:00,28.2,78,North,12,25,0,2.083333333,101.0483333,0,0
1/22/2024 7:00,28.5,77,North,13,26,0,49.13333333,101.12,0,0
1/22/2024 8:00,28.9,78,North,16,26,0,160.1666667,101.1583333,0,0
1/22/2024 9:00,29.5,77,North,17,27,0,303.2333333,101.1466667,0,0
1/22/2024 10:00,29.9,75,North,21,36,0,628.5666667,101.1166667,0,0
1/22/2024 11:00,30.2,72,North,24,38,0,847.0833333,101.0833333,0,0
1/22/2024 12:00,30,74,North,19,32,0,591.35,101.0616667,0,0
1/22/2024 13:00,30.7,71,North North-West,21,35,0,757.3666667,101.0233333,0,0
1/22/2024 14:00,30.3,74,North North-West,19,33,0,731.7333333,100.9716667,0,0
1/22/2024 15:00,29.9,76,North North-West,15,34,0,579.5,100.93,0,0
1/22/2024 16:00,29.8,76,North North-West,15,28,0,309.8,100.935,0,0
1/22/2024 17:00,29.4,78,North North-West,11,24,0,199.2333333,100.9666667,0,0
1/22/2024 18:00,29.3,79,North,9,18,0,91.35,101.0333333,0,0
1/22/2024 19:00,29,81,North North-East,5,13,0,11.11666667,101.1216667,0,0
1/22/2024 20:00,29,82,East North-East,7,10,0,0,101.1783333,0,0
1/22/2024 21:00,29,83,East North-East,9,12,0,0,101.225,0,0
1/22/2024 22:00,28.9,84,East North-East,9,12,0,0,101.2933333,0,0
1/22/2024 23:00,28.9,84,East,4,12,0,0,101.325,0,0
1/23/2024 0:00,27.4,81,South-East,17,24,0,0,101.2983333,0,0
1/23/2024 1:00,26.3,90,South-East,18,39,0,0,101.225,0,0
1/23/2024 2:00,26.4,86,South-East,17,35,0,0,101.1683333,0,0
1/23/2024 3:00,27.4,84,East South-East,23,30,0,0,101.1283333,0,0
1/23/2024 4:00,27.4,85,East South-East,19,31,0,0,101.0916667,0,0
1/23/2024 5:00,27.5,83,East South-East,23,27,0,0,101.1066667,0,0
1/23/2024 6:00,27.6,85,East South-East,20,29,0,0.95,101.1416667,0,0
1/23/2024 7:00,27.9,84,East,18,27,0,43.43333333,101.23,0,0
1/23/2024 8:00,28,86,East,21,28,0,84.08333333,101.2533333,0,0
1/23/2024 9:00,28.3,87,East,23,30,0,195.8666667,101.2666667,0,0
1/23/2024 10:00,26.4,86,North-East,21,41,0.8,225.2666667,101.2933333,0,0
1/23/2024 11:00,28.9,80,East North-East,22,30,0,520.1666667,101.1933333,0,0
1/23/2024 12:00,29.4,80,East North-East,13,27,0,803.7833333,101.1316667,0,0
1/23/2024 13:00,29.6,81,North-East,14,24,0,777.15,101.0816667,0,0
1/23/2024 14:00,30.3,78,North North-East,17,27,0,449.2666667,101.0233333,0,0
1/23/2024 15:00,30,77,North North-East,17,27,0,652.65,100.9633333,0,0
1/23/2024 16:00,29.6,80,North,14,26,0,381.0333333,100.945,0,0
1/23/2024 17:00,29.5,80,North,14,25,0,178.9666667,100.965,0,0
1/23/2024 18:00,29.2,82,North,13,22,0,142.9833333,100.9933333,0,0
1/23/2024 19:00,28.7,84,North,10,21,0,15.86666667,101.0566667,0,0
1/23/2024 20:00,28.7,85,North North-West,10,22,0,0,101.1383333,0,0
1/23/2024 21:00,28.5,84,North North-West,8,17,0,0,101.1683333,0,0
1/23/2024 22:00,28.5,86,North North-West,8,16,0,0,101.215,0,0
1/23/2024 23:00,28.7,86,North North-West,11,18,0,0,101.2266667,0,0
1/24/2024 0:00,28.4,79,North North-West,6,20,0,0,101.1883333,0,0
1/24/2024 1:00,25.8,86,North North-West,18,47,1.4,0,101.1383333,0,0
1/24/2024 2:00,24.8,94,North,21,31,3.8,0,101.1283333,0,0
1/24/2024 3:00,26,90,North-East,15,27,0,0,101.0683333,0,0
1/24/2024 4:00,26.6,87,North-East,22,30,0,0,101.0633333,0,0
1/24/2024 5:00,26.8,85,North North-East,18,30,0,0,101.07,0,0
1/24/2024 6:00,27.3,82,North,14,32,0,2.133333333,101.105,0,0
1/24/2024 7:00,27.4,85,North-East,17,32,0,65.35,101.1733333,0,0
1/24/2024 8:00,28.4,80,North North-East,12,24,0,183.6666667,101.1883333,0,0
1/24/2024 9:00,27.9,80,North North-East,23,34,0,351.6166667,101.2066667,0,0
1/24/2024 10:00,28.3,79,North,25,40,0,651.7833333,101.1866667,0,0
1/24/2024 11:00,28.8,74,North North-West,26,42,0,695.6833333,101.1383333,0,0
1/24/2024 12:00,28.8,74,North North-West,22,41,0,857.1833333,101.0966667,0,0
1/24/2024 13:00,29.4,72,North North-West,16,37,0,713.35,101.0516667,0,0
1/24/2024 14:00,29.9,76,North North-West,17,31,0,866.5333333,100.9916667,0,0
1/24/2024 15:00,28.9,76,North-West,14,28,0,410.9666667,100.97,0,0
1/24/2024 16:00,28.3,81,North-West,6,23,0,165.9333333,100.965,0,0
1/24/2024 17:00,28.4,82,West North-West,3,12,0,107.2833333,100.9783333,0,0
1/24/2024 18:00,27.5,81,West South-West,6,23,0,53.98333333,101.07,0,0
1/24/2024 19:00,24.5,93,West North-West,3,51,3.6,1.6,101.14,0,0
1/24/2024 20:00,25.4,94,South-West,3,10,0,0,101.21,0,0
1/24/2024 21:00,26,93,South,3,12,0,0,101.2266667,0,0
1/24/2024 22:00,26.1,85,North-West,17,31,0,0,101.2766667,0,0
1/24/2024 23:00,26.1,91,North-West,24,40,0,0,101.3066667,0,0
1/25/2024 0:00,25.6,90,North-West,6,31,0.4,0,101.2566667,0,0
1/25/2024 1:00,25.9,91,West,2,10,0,0,101.2066667,0,0
1/25/2024 2:00,26,91,East South-East,3,7,0,0,101.1416667,0,0
1/25/2024 3:00,25.5,93,South-West,2,8,0,0,101.115,0,0
1/25/2024 4:00,25.7,92,South,0,6,0,0,101.135,0,0
1/25/2024 5:00,25.5,92,South,2,5,0,0,101.1566667,0,0
1/25/2024 6:00,25.7,92,South,0,5,0,1.816666667,101.21,0,0
1/25/2024 7:00,27.4,85,South-East,8,12,0,49.5,101.26,0,0
1/25/2024 8:00,27.8,85,South-East,10,15,0,151.8333333,101.3066667,0,0
1/25/2024 9:00,27.8,80,South-East,6,23,0,387.1333333,101.285,0,0
1/25/2024 10:00,27.1,84,North North-East,12,28,0.2,192.55,101.33,0,0
1/25/2024 11:00,26.8,89,East North-East,21,29,0,569.25,101.2733333,0,0
1/25/2024 12:00,26.7,88,North-East,13,27,0.8,296.3833333,101.2383333,0,0
1/25/2024 13:00,27.7,84,East North-East,15,20,0,455.4666667,101.1483333,0,0
1/25/2024 14:00,28.5,79,East North-East,9,18,0,563.05,101.0916667,0,0
1/25/2024 15:00,28.9,77,East North-East,8,17,0,540.4333333,101.0616667,0,0
1/25/2024 16:00,28.7,78,East North-East,14,19,0,436.9166667,101.0266667,0,0
1/25/2024 17:00,27.9,82,East North-East,16,22,0,289.4166667,101.05,0,0
1/25/2024 18:00,27.9,83,East,19,26,0,62.35,101.1066667,0,0
1/25/2024 19:00,26.6,92,East,24,31,0,8.3,101.15,0,0
1/25/2024 20:00,26.7,88,East,21,30,0,0,101.1933333,0,0
1/25/2024 21:00,27.1,89,East North-East,21,28,0,0,101.1883333,0,0
1/25/2024 22:00,27.5,87,East North-East,15,26,0,0,101.1883333,0,0
1/25/2024 23:00,27.4,84,North North-East,10,23,0,0,101.1816667,0,0
1/26/2024 0:00,27,84,North,5,18,0,0,101.125,0,0
1/26/2024 1:00,27.2,84,North,5,11,0,0,101.0433333,0,0
1/26/2024 2:00,27.2,84,North,5,12,0,0,100.995,0,0
1/26/2024 3:00,25.6,92,West North-West,0,8,0,0,100.9816667,0,0
1/26/2024 4:00,25.7,93,West,0,4,0,0,100.9983333,0,0
1/26/2024 5:00,25.8,93,West,0,4,0,0,101.02,0,0
1/26/2024 6:00,26.2,91,East North-East,2,7,0,2.166666667,101.0866667,0,0
1/26/2024 7:00,27.1,88,South-East,3,6,0,41.4,101.165,0,0
1/26/2024 8:00,28.2,80,East South-East,7,10,0,152.95,101.1916667,0,0
1/26/2024 9:00,29.3,76,East,8,12,0,605.8,101.145,0,0
1/26/2024 10:00,28.5,81,East South-East,11,17,0,459.0333333,101.1683333,0,0
1/26/2024 11:00,28.4,81,East South-East,12,23,0,312.1166667,101.135,0,0
1/26/2024 12:00,28.6,83,East,15,22,0,591.15,101.0716667,0,0
1/26/2024 13:00,29,78,East,10,21,0,965.0166667,101.015,0,0
1/26/2024 14:00,28.5,82,East,15,22,0,715.3833333,100.9616667,0,0
1/26/2024 15:00,28.8,81,East,14,21,0,750.4,100.91,0,0
1/26/2024 16:00,28.7,80,East,14,21,0,554.6833333,100.8783333,0,0
1/26/2024 17:00,28.9,78,East,13,22,0,329.9,100.875,0,0
1/26/2024 18:00,28.6,80,East North-East,10,16,0,136.6166667,100.9433333,0,0
1/26/2024 19:00,28.5,81,East,10,17,0,8.766666667,101.01,0,0
1/26/2024 20:00,28.4,82,East,10,15,0,0,101.0666667,0,0
1/26/2024 21:00,28.4,78,East,9,15,0,0,101.095,0,0
1/26/2024 22:00,28.5,79,East North-East,9,14,0,0,101.135,0,0
1/26/2024 23:00,28.3,81,East North-East,9,18,0,0,101.1433333,0,0
1/27/2024 0:00,28.2,81,East North-East,7,12,0,0,101.0866667,0,0
1/27/2024 1:00,28.2,83,East North-East,7,14,0,0,101.0266667,0,0
1/27/2024 2:00,28,84,North-East,8,15,0,0,100.9566667,0,0
1/27/2024 3:00,28.1,82,North-East,8,14,0,0,100.9233333,0,0
1/27/2024 4:00,27.9,83,North-East,4,14,0,0,100.9133333,0,0
1/27/2024 5:00,27,86,North North-West,3,10,0,0,100.95,0,0
1/27/2024 6:00,26.5,89,West North-West,2,8,0,3.266666667,100.9983333,0,0
1/27/2024 7:00,28.4,80,North,5,9,0,67.56666667,101.0516667,0,0
1/27/2024 8:00,29.3,77,North-East,9,12,0,252.0166667,101.0533333,0,0
1/27/2024 9:00,29.5,78,North-East,11,17,0,479.6333333,101.0283333,0,0
1/27/2024 10:00,30,75,North-East,11,18,0,743.5166667,101.0183333,0,0
1/27/2024 11:00,30.1,73,North-East,12,21,0,875,101.0083333,0,0
1/27/2024 12:00,30,74,North-East,10,19,0,992.2333333,100.9666667,0,0
1/27/2024 13:00,29.5,77,North-East,14,20,0,620.65,100.915,0,0
1/27/2024 14:00,29.14897537,73.22625723,North-East,10.58501606,20.40503277,0,509.4333333,100.865,1,0
1/27/2024 15:00,29.1859618,72.95688406,North North-East,8.288747059,23.30993096,0,166.55,100.8333333,1,0
1/27/2024 16:00,28.03455854,81.18289661,South South-West,7.1560031,18.10374979,0,192.65,100.8,1,0
1/27/2024 17:00,25.47123903,89.00555748,North North-West,8.725838477,30.02515015,15.36100139,106.8,100.83,1,0
1/27/2024 18:00,26.05498118,86.52238532,East South-East,14.85127456,22.7440417,0.11752121,104.0166667,100.8583333,1,0
1/27/2024 19:00,27.26106,80.77041708,East,10.33876737,16.55698582,0,14.3,100.8983333,1,0
1/27/2024 20:00,27.70328889,80.95968822,East,13.36147,21.00864798,0,0,100.9566667,1,0
1/27/2024 21:00,28.04259907,79.14434978,East,10.67735932,16.25517821,0,0,100.9916667,1,0
1/27/2024 22:00,28.37226061,78.64504791,East North-East,10.22179925,16.85879342,0,0,101.03,1,0
1/27/2024 23:00,28.62151691,77.18429358,East North-East,11.56385459,17.72649028,0,0,101.04,1,0
1/28/2024 0:00,28.5877467,77.57406397,East North-East,11.09598209,16.51925987,0,0,101.005,1,0
1/28/2024 1:00,28.67940869,74.91973315,North-East,9.680052138,15.1988516,0,0,100.9366667,1,0
1/28/2024 2:00,28.51377386,76.56175247,North-East,7.9809362,12.97302052,0,0,100.88,1,0
1/28/2024 3:00,28.3384904,77.17357328,North North-East,6.651193292,12.18077556,0,0,100.865,1,0
1/28/2024 4:00,27.75796447,80.03568662,North,5.623105026,11.50170845,0,0,100.875,1,0
1/28/2024 5:00,27.12276295,82.47450766,North-West,4.447267547,9.766314722,0,0,100.9133333,1,0
1/28/2024 6:00,27.04718202,82.95808357,West North-West,4.416486461,10.36992993,0,3,100.9716667,1,0
1/28/2024 7:00,28.35778767,79.80315172,North,5.358387687,10.59628563,0,111.1666667,100.99,1,0
1/28/2024 8:00,29.32425883,77.16654474,North-East,8.5904017,14.40660664,0,325.6,100.9816667,1,0
1/28/2024 9:00,29.32747504,76.71600525,North-East,9.366085063,15.53838515,0,497.9,101.015,1,0
1/28/2024 10:00,30.1,76,North-East,9,18,0,700.4,101.02,0,0
1/28/2024 11:00,29.8,79,North North-East,5,18,0,670.1333333,100.995,0,0
1/28/2024 12:00,31,76,West North-West,7,13,0,682.1333333,100.9683333,0,0
1/28/2024 13:00,30.7,72,North-West,8,14,0,977.2666667,100.9016667,0,0
1/28/2024 14:00,31,72,North-West,7,13,0,889.65,100.845,0,0
1/28/2024 15:00,30.8,70,North-West,7,13,0,643.3833333,100.8166667,0,0
1/28/2024 16:00,31.4,69,North-West,5,12,0,501.65,100.7866667,0,0
1/28/2024 17:00,31.3,69,West North-West,4,11,0,374.9166667,100.79,0,0
1/28/2024 18:00,30.5,70,West,2,8,0,124.65,100.835,0,0
1/28/2024 19:00,28.9,75,South-West,0,4,0,9.166666667,100.9133333,0,0
1/28/2024 20:00,28.2,79,West South-West,0,3,0,0,100.98,0,0
1/28/2024 21:00,27.9,82,West,0,2,0,0,101.0033333,0,0
1/28/2024 22:00,27.8,83,West South-West,0,4,0,0,101.03,0,0
1/28/2024 23:00,27.5,85,West,0,4,0,0,101.045,0,0
1/29/2024 0:00,27.1,89,West,7,17,0.8,0,101.0233333,0,0
1/29/2024 1:00,27.4,88,South South-East,13,24,1,0,100.9916667,0,0
1/29/2024 2:00,26.3,92,South,0,15,0,0,100.9233333,0,0
1/29/2024 3:00,26.1,92,West,2,4,0,0,100.8866667,0,0
1/29/2024 4:00,26.2,92,West,0,3,0,0,100.9033333,0,0
1/29/2024 5:00,26.5,93,West,3,5,0,0,100.935,0,0
1/29/2024 6:00,26.1,94,West,0,5,0,0.266666667,101,0,0
1/29/2024 7:00,27.9,95,West,0,5,0,55.25,101.0783333,0,0
1/29/2024 8:00,31.2,73,East South-East,0,4,0,270.8,101.0583333,0,0
1/29/2024 9:00,31.7,72,East South-East,0,6,0,405.8166667,101.0583333,0,0
1/29/2024 10:00,30.6,74,South-East,3,15,0,570.5,101.0466667,0,0
1/29/2024 11:00,30.4,77,East North-East,3,14,0,389.9666667,101.0316667,0,0
1/29/2024 12:00,30,78,East North-East,5,15,0,297.75,101.0016667,0,0
1/29/2024 13:00,29.7,80,East,6,12,0,674.65,100.9333333,0,0
1/29/2024 14:00,30.7,75,East South-East,3,9,0,398.2833333,100.8966667,0,0
1/29/2024 15:00,30.8,73,South-East,7,12,0,768.9666667,100.855,0,0
1/29/2024 16:00,30.6,72,South-East,3,10,0,186.0166667,100.835,0,0
1/29/2024 17:00,27,90,West South-West,10,32,0.8,70.51666667,100.8466667,0,0
1/29/2024 18:00,27.7,88,West South-West,4,12,0.6,0,100.895,0,0
1/29/2024 19:00,27.9,87,West,4,8,0,0,100.95,0,0
1/29/2024 20:00,27.9,89,North North-West,3,10,0,0,101.0066667,0,0
1/29/2024 21:00,27.3,89,North-West,0,9,0,0,101.0516667,0,0
1/29/2024 22:00,27.3,91,West,2,8,0,0,101.0916667,0,0
1/29/2024 23:00,27.4,91,West South-West,3,7,0,0,101.1033333,0,0
1/30/2024 0:00,26.4,90,West South-West,8,23,0.4,0,101.0733333,0,0
1/30/2024 1:00,27.4,88,West South-West,9,17,0,0,101.0016667,0,0
1/30/2024 2:00,27.7,84,South-West,5,12,0,0,100.8983333,0,0
1/30/2024 3:00,28.1,87,West South-West,12,18,0,0,100.8583333,0,0
1/30/2024 4:00,26.6,90,South-West,5,24,0.2,0,100.8516667,0,0
1/30/2024 5:00,26.9,90,South South-West,7,22,0,0,100.85,0,0
1/30/2024 6:00,26.6,90,South-West,4,16,0,0,100.8783333,0,0
1/30/2024 7:00,28.9,84,West South-West,4,10,0,18.55,100.8733333,0,0
1/30/2024 8:00,30.5,79,South South-West,7,15,0,308.1666667,100.895,0,0
1/30/2024 9:00,29.4,82,South South-East,17,23,0,380.3166667,100.9333333,0,0
1/30/2024 10:00,29.9,84,South South-East,3,24,1.2,521.1166667,100.91,0,0
1/30/2024 11:00,30.6,78,South-East,4,20,0,711.2166667,100.87,0,0
1/30/2024 12:00,31,76,South-West,9,18,0,824.55,100.8383333,0,0
1/30/2024 13:00,31.9,73,South South-West,8,21,0,916.8666667,100.785,0,0
1/30/2024 14:00,31.4,71,South South-West,11,24,0,832.8,100.7333333,0,0
1/30/2024 15:00,31.4,72,South South-West,10,24,0,751.8833333,100.695,0,0
1/30/2024 16:00,31.1,74,South South-West,9,23,0,573.1166667,100.6516667,0,0
1/30/2024 17:00,31.2,73,South South-West,8,21,0,367.65,100.65,0,0
1/30/2024 18:00,30.1,78,South South-East,18,24,0,101.7833333,100.6733333,0,0
1/30/2024 19:00,29.4,82,South-East,12,24,0,4.583333333,100.7166667,0,0
1/30/2024 20:00,29.5,83,North-East,19,26,0,0,100.78,0,0
1/30/2024 21:00,29.3,83,East North-East,21,26,0,0,100.8083333,0,0
1/30/2024 22:00,29.1,83,North-East,18,28,0,0,100.8316667,0,0
1/30/2024 23:00,29.1,80,South-East,10,24,0,0,100.835,0,0
1/31/2024 0:00,28.9,80,South-East,6,14,0,0,100.8,0,0
1/31/2024 1:00,27.7,86,South South-East,2,10,0,0,100.725,0,0
1/31/2024 2:00,27.7,87,West,2,4,0,0,100.6583333,0,0
1/31/2024 3:00,27.3,87,West,2,5,0,0,100.6166667,0,0
1/31/2024 4:00,27.4,89,West South-West,2,8,0,0,100.6233333,0,0
1/31/2024 5:00,27.6,87,West South-West,4,10,0,0,100.6333333,0,0
1/31/2024 6:00,27.7,86,South-West,4,11,0,0,100.665,0,0
1/31/2024 7:00,29,81,South-West,8,16,0,0,100.675,0,0
1/31/2024 8:00,29.8,79,West South-West,11,18,0,227.1833333,100.655,0,0
1/31/2024 9:00,30.5,75,West South-West,13,20,0,496.7333333,100.6783333,0,0
1/31/2024 10:00,30.47727018,74.87254581,West South-West,8.110216761,16.36835606,0,624.4833333,100.6933333,1,0
1/31/2024 11:00,30.9,76,West South-West,10,29,0,550.7,100.6766667,0,0
1/31/2024 12:00,30.9,72,West South-West,15,24,0,784.7,100.6466667,0,0
1/31/2024 13:00,31.3,74,West,13,23,0,933.65,100.5916667,0,0
1/31/2024 14:00,31.5,73,West South-West,15,28,0,809.5333333,100.5433333,0,0
1/31/2024 15:00,31.2,73,West,15,26,0,684.5833333,100.51,0,0
1/31/2024 16:00,31.2,72,West South-West,16,27,0,240.1833333,100.4866667,0,0
1/31/2024 17:00,31,72,West South-West,12,25,0,380.75,100.4733333,0,0
1/31/2024 18:00,29.7,76,West South-West,10,21,0,146.85,100.5266667,0,0
1/31/2024 19:00,27.6,88,West South-West,5,20,0,7.2,100.6166667,0,0
1/31/2024 20:00,27.4,91,South-West,6,19,0.6,0,100.6916667,0,0
1/31/2024 21:00,27.5,87,South-West,5,17,0,0,100.7533333,0,0
1/31/2024 22:00,27.6,87,South-West,5,20,0,0,100.7983333,0,0
1/31/2024 23:00,27.8,85,South-West,6,19,0,0,100.825,0,0
2/1/2024 0:00,27.3,86,South-West,3,15,0,0,100.76,0,0
2/1/2024 1:00,27.3,87,South-West,4,14,0,0,100.71,0,0
2/1/2024 2:00,27.6,85,South-West,6,15,0,0,100.67,0,0
2/1/2024 3:00,27.4,85,South-West,5,20,0,0,100.615,0,0
2/1/2024 4:00,27.2,89,South South-West,12,26,0,1.901896723,100.605,0,1
2/1/2024 5:00,26.7,89,South South-West,5,30,0,1.901739398,100.6483333,0,1
2/1/2024 6:00,27.3,87,South,10,23,0,7.71750308,100.675,0,1
2/1/2024 7:00,28.9,79,South South-West,4,21,0,176.9011708,100.6933333,0,1
2/1/2024 8:00,29.6,76,South-West,8,15,0,475.1783453,100.7116667,0,1
2/1/2024 9:00,30.2,73,South South-West,8,19,0,630.1953394,100.7416667,0,1
2/1/2024 10:00,30.2,72,South-West,14,23,0,792.3007741,100.74,0,1
2/1/2024 11:00,31.4,70,South-West,13,27,0,925.6165262,100.715,0,1
2/1/2024 12:00,31.7,70,South South-West,10,30,0,1016.68593,100.6733333,0,1
2/1/2024 13:00,31.3,70,South South-West,10,31,0,975.0934627,100.6016667,0,1
2/1/2024 14:00,31.1,69,South South-West,12,35,0,976.4675587,100.58,0,1
2/1/2024 15:00,30.7,68,South South-West,12,39,0,808.259242,100.55,0,1
2/1/2024 16:00,30.5,66,South South-West,12,31,0,649.0346709,100.5433333,0,1
2/1/2024 17:00,30.2,68,South South-West,9,29,0,342.1871642,100.5733333,0,1
2/1/2024 18:00,29,72,South South-West,8,30,0,65.25586196,100.6316667,0,1
2/1/2024 19:00,28.6,79,South South-West,23,39,0,15.90300877,100.7033333,0,1
2/1/2024 20:00,28.8,76,South,37,47,0,1.902720366,100.7216667,0,1
2/1/2024 21:00,28.8,76,South-East,26,47,0,1.901896723,100.7416667,0,1
2/1/2024 22:00,28.6,75,East South-East,17,30,0,1.901739398,100.7766667,0,1
2/1/2024 23:00,27.7,85,East South-East,27,37,0,1.901739398,100.805,0,1
2/2/2024 0:00,27.1,82,South,9,31,0,1.901896723,100.8333333,0,1
2/2/2024 1:00,27.3,85,South South-West,10,17,0,1.901739398,100.805,0,1
2/2/2024 2:00,25.7,92,South-East,4,26,0.8,1.901739398,100.7716667,0,1
2/2/2024 3:00,28.1,80,East South-East,14,18,0,1.901739398,100.7333333,0,1
2/2/2024 4:00,27.8,82,East South-East,17,26,0,1.901739398,100.7216667,0,1
2/2/2024 5:00,27.1,83,East South-East,19,32,0,1.901739398,100.7233333,0,1
2/2/2024 6:00,27.3,83,East South-East,17,25,0,5.725711532,100.7933333,0,1
2/2/2024 7:00,27.9,79,East South-East,17,23,0,140.642802,100.82,0,1
2/2/2024 8:00,28.3,76,East South-East,17,22,0,417.9211819,100.83,0,1
2/2/2024 9:00,28.4,76,East South-East,18,25,0,414.689687,100.885,0,1
2/2/2024 10:00,28.7,75,East South-East,18,28,0,642.7801645,100.8633333,0,1
2/2/2024 11:00,28.9,75,East South-East,15,25,0,906.0380258,100.8133333,0,1
2/2/2024 12:00,28.9,76,East South-East,15,27,0,836.2055139,100.7833333,0,1
2/2/2024 13:00,29.3,71,East South-East,10,21,0,993.53478,100.7616667,0,1
2/2/2024 14:00,29.5,73,South-East,11,19,0,969.0190102,100.6983333,0,1
2/2/2024 15:00,29.7,69,South-East,8,18,0,793.6559172,100.6666667,0,1
2/2/2024 16:00,29.5,70,South-East,9,14,0,633.8153719,100.6383333,0,1
2/2/2024 17:00,29.4,69,South-East,8,14,0,383.2773761,100.6466667,0,1
2/2/2024 18:00,29.2,70,South-East,8,14,0,69.43145574,100.6883333,0,1
2/2/2024 19:00,28.5,77,East South-East,12,21,0,15.10479665,100.755,0,1
2/2/2024 20:00,28.58453048,71.84792898,South-East,13.58925004,20.97092203,0,1.902229882,100.815,1,1
2/2/2024 21:00,28.4639226,72.39254546,South-East,10.91745179,18.14147574,0,1.901739398,100.8733333,1,1
2/2/2024 22:00,28.5,77,South-East,9,19,0,1.901739398,100.9233333,0,1
2/2/2024 23:00,28.4,76,East South-East,10,19,0,1.901896723,100.935,0,1
2/3/2024 0:00,28.3,77,East South-East,14,20,0,1.901739398,100.8883333,0,1
2/3/2024 1:00,28.2,76,South-East,14,20,0,1.901896723,100.8383333,0,1
2/3/2024 2:00,28.2,79,South-East,17,22,0,1.901739398,100.765,0,1
2/3/2024 3:00,28,77,South-East,15,23,0,1.901739398,100.7366667,0,1
2/3/2024 4:00,28,78,South-East,16,22,0,1.901896723,100.73,0,1
2/3/2024 5:00,27.9,79,South-East,17,26,0,1.901739398,100.7233333,0,1
2/3/2024 6:00,28,76,South-East,15,23,0,6.487359457,100.75,0,1
2/3/2024 7:00,28.4,76,East South-East,15,22,0,177.8802143,100.7816667,0,1
2/3/2024 8:00,28.4,76,East South-East,19,25,0,403.677965,100.79,0,1
2/3/2024 9:00,28.6,75,East South-East,18,24,0,631.1619449,100.7933333,0,1
2/3/2024 10:00,29,76,East South-East,16,27,0,781.8197375,100.805,0,1
2/3/2024 11:00,28.9,73,East South-East,16,24,0,888.620173,100.8316667,0,1
2/3/2024 12:00,28.9,76,East South-East,18,28,0,975.9463499,100.7766667,0,1
2/3/2024 13:00,29,74,East,18,30,0,802.6207097,100.7333333,0,1
2/3/2024 14:00,29,71,East,13,27,0,926.8295214,100.67,0,1
2/3/2024 15:00,28.8,74,East,20,26,0,529.2324433,100.6416667,0,1
2/3/2024 16:00,29,75,East,19,27,0,526.3041971,100.6233333,0,1
2/3/2024 17:00,28.8,75,East,21,30,0,341.8009957,100.6166667,0,1
2/3/2024 18:00,28.6,75,East,20,30,0,103.9153452,100.68,0,1
2/3/2024 19:00,28.5,76,East,21,29,0,15.51264814,100.7083333,0,1
2/3/2024 20:00,28.6,77,East,18,28,0,1.901896723,100.7533333,0,1
2/3/2024 21:00,28.4,77,East,21,28,0,1.901739398,100.815,0,1
2/3/2024 22:00,28.5,78,East,19,27,0,1.901739398,100.845,0,1
2/3/2024 23:00,28.3,77,East,18,28,0,1.901739398,100.8283333,0,1
2/4/2024 0:00,28.2,76,East,15,24,0,1.901896723,100.7633333,0,1
2/4/2024 1:00,28.2,76,East North-East,14,24,0,1.901739398,100.69,0,1
2/4/2024 2:00,28.2,77,East North-East,13,18,0,1.901739398,100.6083333,0,1
2/4/2024 3:00,28.2,78,East North-East,12,17,0,1.901896723,100.5666667,0,1
2/4/2024 4:00,28.1,78,East North-East,13,19,0,1.901739398,100.55,0,1
2/4/2024 5:00,28.2,78,East North-East,14,21,0,1.901739398,100.555,0,1
2/4/2024 6:00,28.2,81,East North-East,15,22,0,3.359375145,100.5616667,0,1
2/4/2024 7:00,28.3,82,East,22,27,0,43.37575056,100.5983333,0,1
2/4/2024 8:00,28.4,79,East North-East,19,30,0,153.7796346,100.6916667,0,1
2/4/2024 9:00,28.4,79,North-East,20,27,0,220.0466041,100.7516667,0,1
2/4/2024 10:00,28.8,78,North-East,22,28,0,318.479268,100.7233333,0,1
2/4/2024 11:00,29.2,76,East North-East,20,28,0,677.4168629,100.695,0,1
2/4/2024 12:00,28.1,80,East North-East,19,30,0,579.6759852,100.6316667,0,1
2/4/2024 13:00,26.9,78,North,21,42,0,343.4736025,100.615,0,1
2/4/2024 14:00,27.6,78,North-East,24,32,0,296.2141728,100.56,0,1
2/4/2024 15:00,27.6,82,East,18,28,0,316.6645135,100.4933333,0,1
2/4/2024 16:00,26.4,79,East,13,31,0.2,233.1431614,100.4716667,0,1
2/4/2024 17:00,27.1372359,73.08870886,North North-West,11.77932219,21.34818153,0,178.9990364,100.475,1,1
2/4/2024 18:00,27.6,81,East North-East,16,26,0,72.99581366,100.52,0,1
2/4/2024 19:00,27.4,71,North North-East,4,20,0,10.94849833,100.5883333,0,1
2/4/2024 20:00,28,73,North,6,15,0,1.901896723,100.65,0,1
2/4/2024 21:00,28.5,69,North North-East,12,23,0,1.901896723,100.6866667,0,1
2/4/2024 22:00,28.6,74,North North-East,14,22,0,1.901739398,100.725,0,1
2/4/2024 23:00,28.6,73,North-East,15,22,0,1.901739398,100.6966667,0,1
2/5/2024 0:00,28.6,76,East North-East,15,23,0,1.901896723,100.6183333,0,1
2/5/2024 1:00,28.6,80,East North-East,18,24,0,1.901739398,100.5383333,0,1
2/5/2024 2:00,27.8,86,North-East,26,38,0,1.901739398,100.4716667,0,1
2/5/2024 3:00,28,82,East North-East,22,32,0,1.901896723,100.4116667,0,1
2/5/2024 4:00,28,83,North-East,22,30,0,1.901739398,100.4116667,0,1
2/5/2024 5:00,26,93,North North-East,19,34,4.6,1.901739398,100.4433333,0,1
2/5/2024 6:00,25.9,92,North North-West,13,31,1,2.149831858,100.4933333,0,1
2/5/2024 7:00,26.7,90,North North-East,14,29,0.8,11.11514265,100.5566667,0,1
2/5/2024 8:00,27.8,88,North North-East,19,28,0.8,39.18001917,100.6016667,0,1
2/5/2024 9:00,27.8,89,North-East,25,38,1.6,75.17037999,100.625,0,1
2/5/2024 10:00,28,89,North-East,25,33,0.2,188.0112116,100.5766667,0,1
2/5/2024 11:00,27.3,91,North-East,29,44,3.7,142.6565635,100.5266667,0,1
2/5/2024 12:00,27.9,87,North,24,45,2,241.2882345,100.4766667,0,1
2/5/2024 13:00,25.9,94,North,25,57,2,242.5438741,100.3883333,0,1
2/5/2024 14:00,27.7,89,North,23,46,0.4,325.0796676,100.335,0,1
2/5/2024 15:00,27.7,86,North,28,44,0,295.6503196,100.2716667,0,1
2/5/2024 16:00,27.9,85,North,23,40,0,247.5474792,100.28,0,1
2/5/2024 17:00,28.15838264,79.98321737,North,20.533463,35.23133133,0,248.5282996,100.3066667,1,1
2/5/2024 18:00,28.5,84,North North-East,25,44,0,98.91588608,100.3533333,0,1
2/5/2024 19:00,25.6,95,North,26,51,8.3,3.323995502,100.46,0,1
2/5/2024 20:00,26.3,94,North North-East,22,36,2,1.901739398,100.5333333,0,1
2/5/2024 21:00,26.7,91,North,30,56,3.2,1.901896723,100.5616667,0,1
2/5/2024 22:00,25.9,96,North North-West,21,50,3.8,1.901739398,100.5783333,0,1
2/5/2024 23:00,26,97,North North-West,20,37,5.6,1.901739398,100.5916667,0,1
2/6/2024 0:00,26.7,96,North North-West,10,37,2.4,1.901896723,100.5566667,0,1
2/6/2024 1:00,27.7,92,West North-West,14,39,0.4,1.901739398,100.4633333,0,1
2/6/2024 2:00,27.9,90,North-West,14,43,0.4,1.901739398,100.4033333,0,1
2/6/2024 3:00,28.3,91,North-West,12,39,0,1.901739398,100.3583333,0,1
2/6/2024 4:00,28.7,88,West North-West,13,47,1.6,1.901739398,100.3416667,0,1
2/6/2024 5:00,28.9,86,West North-West,14,40,0,1.901739398,100.3916667,0,1
2/6/2024 6:00,29,83,West North-West,17,42,0,3.592669789,100.4366667,0,1
2/6/2024 7:00,29.3,84,West North-West,22,50,0,39.10598382,100.515,0,1
2/6/2024 8:00,29.8,83,West North-West,17,50,0,367.6659859,100.55,0,1
2/6/2024 9:00,29.3,85,West North-West,14,39,0,233.8444243,100.595,0,1
2/6/2024 10:00,26.8,94,West North-West,15,56,18,130.7125885,100.67,0,1
2/6/2024 11:00,26.7,93,North-West,29,67,4.9,226.6730641,100.685,0,1
2/6/2024 12:00,28.2,84,North-West,28,63,1.6,449.2126671,100.64,0,1
2/6/2024 13:00,28.4,88,North-West,31,46,0,579.2874477,100.5716667,0,1
2/6/2024 14:00,27,92,North-West,33,58,2,141.5940082,100.5816667,0,1
2/6/2024 15:00,28.2,87,North-West,31,51,0.2,177.6486316,100.545,0,1
2/6/2024 16:00,28.2,86,North North-West,27,52,0,205.9739646,100.48,0,1
2/6/2024 17:00,28.7,83,North North-West,34,50,0,129.9817115,100.4466667,0,1
2/6/2024 18:00,29,88,North-West,36,57,0,51.15331222,100.4966667,0,1
2/6/2024 19:00,29.3,85,North-West,33,51,0,4.551742231,100.56,0,1
2/6/2024 20:00,29.4,85,North-West,36,51,0,1.901739398,100.5783333,0,1
2/6/2024 21:00,29.5,84,North-West,39,58,0,1.901896723,100.625,0,1
2/6/2024 22:00,29.4,84,North-West,35,62,0,1.901739398,100.6233333,0,1
2/6/2024 23:00,29.4,84,North-West,35,54,0,1.901739398,100.64,0,1
2/7/2024 0:00,29.3,83,North-West,33,54,0,1.901896723,100.61,0,1
2/7/2024 1:00,29.3,84,North-West,42,68,0.2,1.901739398,100.5533333,0,1
2/7/2024 2:00,28.8,88,North-West,30,65,0,1.901739398,100.475,0,1
2/7/2024 3:00,29.4,85,North-West,40,62,0,1.901896723,100.4,0,1
2/7/2024 4:00,29.2,86,North-West,41,62,0.2,1.901739398,100.3516667,0,1
2/7/2024 5:00,28.9,87,North-West,21,58,0,1.901739398,100.4,0,1
2/7/2024 6:00,28.9,88,North-West,36,60,0,3.144459776,100.4083333,0,1
2/7/2024 7:00,28.7,89,North-West,35,64,0,42.31911804,100.4583333,0,1
2/7/2024 8:00,28.8,88,North-West,39,66,0.2,172.6142278,100.5166667,0,1
2/7/2024 9:00,29.3,89,North-West,26,67,0.4,485.5788314,100.5166667,0,1
2/7/2024 10:00,30.2,82,West North-West,24,54,0,637.2363974,100.555,0,1
2/7/2024 11:00,29.5,86,North-West,39,64,0,484.8917833,100.4666667,0,1
2/7/2024 12:00,29.9,84,North-West,32,61,0,592.9336435,100.3883333,0,1
2/7/2024 13:00,30.1,83,West North-West,24,59,0,527.7067227,100.3466667,0,1
2/7/2024 14:00,30.3,81,West North-West,25,63,0,709.2295569,100.3083333,0,1
2/7/2024 15:00,29.7,87,West North-West,20,59,1,573.5067675,100.2466667,0,1
2/7/2024 16:00,28.9,89,West North-West,21,64,1.6,307.6239088,100.1866667,0,1
2/7/2024 17:00,28.6,89,West North-West,14,55,0.6,266.5336968,100.175,0,1
2/7/2024 18:00,29.3,85,West North-West,17,64,0,110.4541474,100.215,0,1
2/7/2024 19:00,28.8,89,West North-West,19,56,0.6,13.84541831,100.2883333,0,1
2/7/2024 20:00,28.8,88,West North-West,15,53,0,1.901896723,100.3416667,0,1
2/7/2024 21:00,29,87,West North-West,15,51,0,1.901896723,100.37,0,1
2/7/2024 22:00,28.6,88,West North-West,14,45,0.2,1.901739398,100.3833333,0,1
2/7/2024 23:00,28.4,88,West,24,53,0,1.901739398,100.4166667,0,1
2/8/2024 0:00,28.5,87,West,29,52,0,1.901896723,100.4383333,0,1
2/8/2024 1:00,27.9,89,West,31,59,0,1.901739398,100.365,0,1
2/8/2024 2:00,28.1,90,West,24,50,0,1.901739398,100.28,0,1
2/8/2024 3:00,28.4,87,West,28,49,0,1.901896723,100.2683333,0,1
2/8/2024 4:00,28.3,87,West,27,52,0,1.901739398,100.255,0,1
2/8/2024 5:00,28.4,87,West,26,50,0,1.901739398,100.2683333,0,1
2/8/2024 6:00,28.3,86,West,24,48,0,2.821110382,100.3166667,0,1
2/8/2024 7:00,27.9,87,West,27,51,0.8,92.13928236,100.4133333,0,1
2/8/2024 8:00,28.9,85,West South-West,30,50,0,307.3727808,100.4466667,0,1
2/8/2024 9:00,29.2,82,West South-West,23,51,0,474.955647,100.4633333,0,1
2/8/2024 10:00,28.9,87,South-West,21,51,0.2,528.0289245,100.4816667,0,1
2/8/2024 11:00,30.2,80,South-West,19,41,0.2,846.4117312,100.475,0,1
2/8/2024 12:00,31,77,South-West,14,42,0,909.4116686,100.4683333,0,1
2/8/2024 13:00,29.7,81,South South-West,13,37,0,508.0050275,100.4566667,0,1
2/8/2024 14:00,29.7,81,South South-West,24,44,0,803.5399326,100.365,0,1
2/8/2024 15:00,29.7,82,South,26,45,0,716.5075281,100.3283333,0,1
2/8/2024 16:00,28.4,83,South,12,36,0,350.8510771,100.3483333,0,1
2/8/2024 17:00,28.7,80,East North-East,13,18,0,268.2584244,100.35,0,1
2/8/2024 18:00,28.4,78,East,3,21,0,84.16922879,100.4233333,0,1
2/8/2024 19:00,28.2,83,West South-West,7,22,0,6.571528396,100.5216667,0,1
2/8/2024 20:00,28,83,South South-West,9,31,0,1.901739398,100.5816667,0,1
2/8/2024 21:00,27.8,81,South South-West,6,28,0,1.901739398,100.62,0,1
2/8/2024 22:00,27.7,82,South-West,7,30,0,1.901896723,100.6816667,0,1
2/8/2024 23:00,27.8,80,South-West,5,25,0,1.901739398,100.7116667,0,1
2/9/2024 0:00,27.8,84,South-West,9,25,0,1.901739398,100.6616667,0,1
2/9/2024 1:00,27.3,89,South,27,37,0.4,1.901896723,100.5933333,0,1
2/9/2024 2:00,26.1,94,South South-West,9,45,11.1,1.901739398,100.5616667,0,1
2/9/2024 3:00,27.5,86,South-East,18,31,0.6,1.901739398,100.5266667,0,1
2/9/2024 4:00,27.9,82,East South-East,19,23,0,1.901739398,100.485,0,1
2/9/2024 5:00,27.8,81,East South-East,18,24,0,1.901739398,100.4933333,0,1
2/9/2024 6:00,27.8,81,East South-East,17,26,0,4.156254642,100.525,0,1
2/9/2024 7:00,27.90108582,77.51596233,East South-East,16.79048296,25.46031014,0,49.78780422,100.5933333,1,1
2/9/2024 8:00,28.1,80,East,15,22,0,257.9716567,100.6366667,0,1
2/9/2024 9:00,28.1,81,East,14,21,0,268.7085593,100.6766667,0,1
2/9/2024 10:00,28.4,81,East,13,21,0,430.0037511,100.6833333,0,1
2/9/2024 11:00,27.7,84,East North-East,13,18,0.2,412.6806637,100.6866667,0,1
2/9/2024 12:00,26.5,90,North,14,27,0,408.0655961,100.6666667,0,1
2/9/2024 13:00,25.8,94,North,13,26,0.6,336.1766783,100.6133333,0,1
2/9/2024 14:00,25.5,94,North,8,22,0.2,330.955113,100.545,0,1
2/9/2024 15:00,25.9,94,North,12,22,0.4,237.1422549,100.5033333,0,1
2/9/2024 16:00,26.5,93,North-East,15,23,0,249.0400319,100.445,0,1
2/9/2024 17:00,26.6,91,North North-East,16,26,0,174.7322312,100.435,0,1
2/9/2024 18:00,26.6,93,East North-East,22,28,0.2,56.66243074,100.455,0,1
2/9/2024 19:00,26.1,96,East North-East,27,33,3.8,5.430671405,100.495,0,1
2/9/2024 20:00,26.1,96,East North-East,21,32,4.2,1.901739398,100.545,0,1
2/9/2024 21:00,26.3,97,North North-East,18,40,11.3,1.901739398,100.5866667,0,1
2/9/2024 22:00,26.9,93,North-West,14,30,0.2,1.901896723,100.6116667,0,1
2/9/2024 23:00,25.8,94,North-West,19,49,6.2,1.901739398,100.615,0,1
2/10/2024 0:00,26.1,95,West,19,54,1.4,1.901739398,100.615,0,1
2/10/2024 1:00,27,91,West North-West,13,34,0,1.901739398,100.5583333,0,1
2/10/2024 2:00,26.7,95,West North-West,14,41,2.4,1.901739398,100.49,0,1
2/10/2024 3:00,26.7,93,West North-West,11,39,0.8,1.901739398,100.4033333,0,1
2/10/2024 4:00,24.9,95,West North-West,26,69,6.4,1.901739398,100.375,0,1
2/10/2024 5:00,26.2,92,West North-West,36,74,9.6,1.901739398,100.4316667,0,1
2/10/2024 6:00,27.4,90,North-West,32,55,0.2,2.238313356,100.4133333,0,1
2/10/2024 7:00,26.5,92,North-West,26,59,1.2,25.71417345,100.45,0,1
2/10/2024 8:00,27.2,93,West North-West,27,63,1.8,61.44629895,100.51,0,1
2/10/2024 9:00,27.9,89,North-West,37,54,0.4,149.941642,100.54,0,1
2/10/2024 10:00,28.4,86,North-West,40,55,0,250.7931891,100.555,0,1
2/10/2024 11:00,27.8,90,North-West,42,66,0.2,313.6462403,100.5033333,0,1
2/10/2024 12:00,27.1,95,North-West,42,63,4.5,366.269383,100.4666667,0,1
2/10/2024 13:00,26.5,93,North-West,41,72,7.1,126.5985922,100.4083333,0,1
2/10/2024 14:00,25.8,94,North-West,17,63,5.4,158.1577891,100.3483333,0,1
2/10/2024 15:00,26.3,96,West North-West,24,69,6.2,56.987594,100.3116667,0,1
2/10/2024 16:00,27.6,93,North-West,38,58,0.2,119.157151,100.2533333,0,1
2/10/2024 17:00,27.7,90,North-West,39,76,0.2,115.6342528,100.2533333,0,1
2/10/2024 18:00,27,95,North-West,32,74,2,46.82579791,100.3166667,0,1
2/10/2024 19:00,28.1,87,West North-West,28,61,0,8.643056017,100.3783333,0,1
2/10/2024 20:00,28.5,86,West North-West,24,63,0,1.901739398,100.44,0,1
2/10/2024 21:00,28,88,West North-West,31,65,0.4,1.901739398,100.52,0,1
2/10/2024 22:00,28.4,88,North-West,30,59,0,1.901896723,100.55,0,1
2/10/2024 23:00,27.7,90,West North-West,18,56,0.6,1.901739398,100.5833333,0,1
2/11/2024 0:00,28.1,88,North-West,26,58,0.2,1.901739398,100.5666667,0,1
2/11/2024 1:00,28.2,87,West North-West,21,60,0,1.901739398,100.5216667,0,1
2/11/2024 2:00,27.8,89,West North-West,26,59,0,1.901739398,100.4733333,0,1
2/11/2024 3:00,28.1,89,West North-West,16,52,0,1.901739398,100.4016667,0,1
2/11/2024 4:00,28.2,90,West North-West,13,43,0,1.901739398,100.41,0,1
2/11/2024 5:00,26.2,93,West,27,56,5,1.901739398,100.4466667,0,1
2/11/2024 6:00,26.9,97,West,17,64,10.7,2.271916151,100.505,0,1
2/11/2024 7:00,27.2,94,West,15,57,1.6,29.83238983,100.5733333,0,1
2/11/2024 8:00,26.95391192,89.45859909,West North-West,12.13022657,31.27010652,3.310180728,98.51964888,100.635,1,1
2/11/2024 9:00,28.9,90,West North-West,15,53,0,499.1397385,100.64,0,1
2/11/2024 10:00,29.5,85,West North-West,17,48,0.2,588.7687108,100.6466667,0,1
2/11/2024 11:00,28.7,89,West North-West,19,56,0,676.7819358,100.605,0,1
2/11/2024 12:00,28.2,89,West North-West,22,63,0.2,617.9895754,100.6083333,0,1
2/11/2024 13:00,27.7,90,West North-West,20,66,0.2,464.3087712,100.59,0,1
2/11/2024 14:00,27.4,92,West North-West,18,66,0.8,306.8847399,100.5783333,0,1
2/11/2024 15:00,26.9,94,West North-West,22,59,5.4,188.612971,100.53,0,1
2/11/2024 16:00,27.7,85,West North-West,16,58,0,108.993578,100.53,0,1
2/11/2024 17:00,28.2,85,West North-West,20,69,0.2,94.25047442,100.4916667,0,1
2/11/2024 18:00,28.3,85,West North-West,18,61,0,52.24222416,100.5266667,0,1
2/11/2024 19:00,28.2,86,West North-West,18,67,0,6.227134454,100.61,0,1
2/11/2024 20:00,28.2,87,West North-West,15,54,0,1.901739398,100.65,0,1
2/11/2024 21:00,28.2,88,West North-West,17,44,0,1.901739398,100.67,0,1
2/11/2024 22:00,27.6,90,West North-West,12,50,0,1.901896723,100.6933333,0,1
2/11/2024 23:00,27.7,89,West North-West,13,43,0,1.901739398,100.7233333,0,1
2/12/2024 0:00,27.4,91,West,11,38,0,1.901739398,100.745,0,1
2/12/2024 1:00,26.7,87,West North-West,15,44,0,1.901896723,100.71,0,1
2/12/2024 2:00,27.1,92,North-West,28,40,0,1.901739398,100.67,0,1
2/12/2024 3:00,26,97,North-West,21,45,26,1.901739398,100.6566667,0,1
2/12/2024 4:00,26.7,97,North-West,24,44,27.5,1.901896723,100.6683333,0,1
2/12/2024 5:00,27.1,93,North-West,33,49,5.4,1.901739398,100.67,0,1
2/12/2024 6:00,27.8,89,North-West,31,50,0,2.487470075,100.7016667,0,1
2/12/2024 7:00,28.2,88,North-West,35,54,0,10.89747872,100.7333333,0,1
2/12/2024 8:00,28.2,90,North-West,30,53,0,53.66370289,100.76,0,1
2/12/2024 9:00,27.7,88,North-West,27,48,0.4,100.3426954,100.8783333,0,1
2/12/2024 10:00,28.3,86,North-West,25,47,0,229.6794916,100.8666667,0,1
2/12/2024 11:00,28.6,84,North-West,36,49,0,275.6880199,100.7883333,0,1
2/12/2024 12:00,29.1,83,North-West,28,48,0,445.7726886,100.71,0,1
2/12/2024 13:00,29.4,83,North-West,27,39,0,594.5825588,100.6633333,0,1
2/12/2024 14:00,29.5,84,North-West,26,38,0,469.0565102,100.635,0,1
2/12/2024 15:00,27.9,90,West North-West,13,42,1.2,236.0311324,100.625,0,1
2/12/2024 16:00,28.8,87,North-West,13,30,0,192.2661713,100.6266667,0,1
2/12/2024 17:00,29.1,84,North-West,19,27,0,151.3228455,100.6366667,0,1
2/12/2024 18:00,29,86,North-West,19,31,0,82.3775733,100.6816667,0,1
2/12/2024 19:00,28.5,87,North North-West,18,28,0,8.792561153,100.7583333,0,1
2/12/2024 20:00,28,84,North-West,15,37,0,1.901739398,100.815,0,1
2/12/2024 21:00,28.6,85,North North-West,12,22,0,1.901739398,100.8683333,0,1
2/12/2024 22:00,27.4,85,North-West,26,46,0.2,1.901896723,100.9,0,1
2/12/2024 23:00,27.9,82,North-West,26,43,0,1.901739398,100.895,0,1
2/13/2024 0:00,26.9,90,North-West,37,53,0,1.901739398,100.8916667,0,1
2/13/2024 1:00,26.5,93,North-West,26,50,0.2,1.901896723,100.835,0,1
2/13/2024 2:00,27.1,90,North-West,26,41,0,1.901739398,100.78,0,1
2/13/2024 3:00,27.1,90,North-West,21,36,0,1.901739398,100.7416667,0,1
2/13/2024 4:00,27,91,North North-West,22,38,0,1.901896723,100.7633333,0,1
2/13/2024 5:00,26.9,90,North North-West,19,38,0,1.901739398,100.7783333,0,1
2/13/2024 6:00,27.1,89,North North-West,23,34,0,3.251625946,100.8166667,0,1
2/13/2024 7:00,27.5,87,North North-West,19,33,0,48.25231104,100.9016667,0,1
2/13/2024 8:00,27.9,87,North-West,22,37,0,179.7524202,100.9833333,0,1
2/13/2024 9:00,28.5,85,North North-West,18,34,0,333.5706339,101.02,0,1
2/13/2024 10:00,28.9,84,North North-West,18,31,0,707.4479702,100.95,0,1
2/13/2024 11:00,29.6,82,North North-West,20,32,0,931.9089388,100.8966667,0,1
2/13/2024 12:00,29.6,81,North North-West,21,35,0,898.9685382,100.8883333,0,1
2/13/2024 13:00,28.9,82,North North-West,19,36,0,712.1672796,100.8466667,0,1
2/13/2024 14:00,29.2,82,North North-West,21,34,0,807.4063547,100.795,0,1
2/13/2024 15:00,28.7,83,North North-West,19,33,0,396.978062,100.8016667,0,1
2/13/2024 16:00,28.6,85,North North-West,14,28,0,290.0733846,100.7933333,0,1
2/13/2024 17:00,28.6,85,North North-West,8,20,0,172.0859116,100.8433333,0,1
2/13/2024 18:00,28.4,87,North North-West,9,15,0,85.4503365,100.9116667,0,1
2/13/2024 19:00,28.1,88,North North-West,7,13,0,9.018220902,100.96,0,1
2/13/2024 20:00,26.1,94,North-West,7,48,4.1,1.901896723,101.0233333,0,1
2/13/2024 21:00,27.2,91,West North-West,7,24,0.6,1.901739398,101.05,0,1
2/13/2024 22:00,27.7,90,West North-West,4,23,0,1.901739398,101.0716667,0,1
2/13/2024 23:00,26.6,92,West North-West,4,38,0.4,1.901739398,101.1083333,0,1
2/14/2024 0:00,26.7,92,West North-West,4,14,0,1.901739398,101.065,0,1
2/14/2024 1:00,26.7,92,North-West,2,14,0,1.901739398,101.0166667,0,1
2/14/2024 2:00,26.5,94,West,2,8,0,1.901739398,100.9966667,0,1
2/14/2024 3:00,26.2,96,West North-West,3,8,0,1.901739398,100.9716667,0,1
2/14/2024 4:00,26.8,95,North-West,5,10,0,1.901739398,100.9766667,0,1
2/14/2024 5:00,27.2,92,North-West,6,12,0,1.901896723,101.0166667,0,1
2/14/2024 6:00,27.7,85,North North-West,11,18,0,4.277163624,101.0633333,0,1
2/14/2024 7:00,28.7,81,North North-West,11,23,0,162.4322942,101.0833333,0,1
2/14/2024 8:00,29.3,77,North North-West,13,26,0,455.926785,101.105,0,1
2/14/2024 9:00,29.7,74,North North-West,15,27,0,581.2869945,101.1633333,0,1
2/14/2024 10:00,29.8,74,North,16,28,0,792.6229759,101.1616667,0,1
2/14/2024 11:00,30,74,North,18,29,0,922.887287,101.1366667,0,1
2/14/2024 12:00,29.9,74,North,20,29,0,1000.102012,101.115,0,1
2/14/2024 13:00,30.1,75,North,18,31,0,1034.937717,101.05,0,1
2/14/2024 14:00,30,74,North,21,31,0,891.0366869,100.9966667,0,1
2/14/2024 15:00,29.9,75,North,18,29,0,829.1644559,100.9566667,0,1
2/14/2024 16:00,29.9,76,North,16,29,0,634.0238555,100.9216667,0,1
2/14/2024 17:00,29.5,76,North,18,28,0,421.010529,100.9033333,0,1
2/14/2024 18:00,28.8,78,North,14,26,0,77.54099191,100.9783333,0,1
2/14/2024 19:00,28.6,78,North,13,24,0,9.587487968,101.08,0,1
2/14/2024 20:00,28.5,78,North,14,22,0,1.901739398,101.1566667,0,1
2/14/2024 21:00,28.3,78,North,13,22,0,1.901896723,101.2133333,0,1
2/14/2024 22:00,28.2,79,North North-East,12,21,0,1.901739398,101.24,0,1
2/14/2024 23:00,28,79,North North-East,9,20,0,1.901739398,101.2416667,0,1
2/15/2024 0:00,27.4,81,North,7,16,0,1.901896723,101.2066667,0,1
2/15/2024 1:00,28,81,North North-East,16,22,0,1.901739398,101.145,0,1
2/15/2024 2:00,28,79,North-East,15,23,0,1.901739398,101.0883333,0,1
2/15/2024 3:00,28,78,North North-East,15,22,0,1.901896723,101.0416667,0,1
2/15/2024 4:00,28,79,North-East,18,23,0,1.901739398,101.045,0,1
2/15/2024 5:00,27.9,76,North-East,18,26,0,1.901739398,101.0683333,0,1
2/15/2024 6:00,28.1,77,North-East,18,26,0,4.627850571,101.11,0,1
2/15/2024 7:00,28.6,76,North-East,22,27,0,137.009147,101.1583333,0,1
2/15/2024 8:00,28.9994216,73.56203898,North-East,19.03750223,28.51611213,0,440.2478746,101.1633333,1,1
2/15/2024 9:00,29.07661064,72.32760033,North-East,19.59771799,28.25203048,0,610.6926512,101.1816667,1,1
2/15/2024 10:00,29.26315084,69.68277007,North North-East,16.51960941,25.53576204,0,745.2403516,101.1966667,1,1
2/15/2024 11:00,29.53492059,69.7552631,North North-East,15.25758489,25.7998437,0,659.4209421,101.185,1,1
2/15/2024 12:00,29.84206867,70.29729124,North North-East,13.39225109,22.93267146,0,763.2078427,101.1583333,1,1
2/15/2024 13:00,29.62819069,71.98310122,North North-East,13.8970609,22.25360435,0,1048.868209,101.095,1,1
2/15/2024 14:00,29.81473088,72.81642086,North North-East,13.65081221,24.21535377,0,1055.27434,100.9983333,1,1
2/15/2024 15:00,30.03825749,70.93112716,North North-East,12.94284724,23.98899807,0,715.6925469,100.9516667,1,1
2/15/2024 16:00,29.87583888,70.04063294,North North-East,12.83203533,20.48048467,0,542.9781426,100.9016667,1,1
2/15/2024 17:00,29.83402814,69.77316134,North North-East,11.74854111,18.33010549,0,394.0687687,100.9033333,1,1
2/15/2024 18:00,29.52688007,70.7626876,North North-East,12.74584829,20.48048467,0,101.7582513,100.9566667,1,1
2/15/2024 19:00,28.9,78,North-East,16,23,0,14.50494373,101.0166667,0,1
2/15/2024 20:00,28.7,77,North North-East,11,21,0,1.901896723,101.0783333,0,1
2/15/2024 21:00,28.6,78,North North-East,9,18,0,1.901739398,101.135,0,1
2/15/2024 22:00,28.4,80,North North-East,8,15,0,1.901739398,101.19,0,1
2/15/2024 23:00,27.8,85,North,14,23,0,1.901896723,101.22,0,1
2/16/2024 0:00,27,86,West,5,21,0,1.901739398,101.1883333,0,1
2/16/2024 1:00,25.3,92,North North-West,13,28,3.2,1.901739398,101.155,0,1
2/16/2024 2:00,26.4,90,North-West,14,26,0.4,1.901896723,101.1066667,0,1
2/16/2024 3:00,26.2,89,North-West,19,35,0,1.901739398,101.0716667,0,1
2/16/2024 4:00,26.5,82,West,2,29,0,1.901739398,101.0516667,0,1
2/16/2024 5:00,27.2,81,North,7,12,0,1.901896723,101.0616667,0,1
2/16/2024 6:00,27.3,85,North,9,19,0,3.491361666,101.115,0,1
2/16/2024 7:00,27.9,84,North North-East,8,16,0,68.74707296,101.1583333,0,1
2/16/2024 8:00,29,80,North-East,10,17,0,498.8601809,101.1566667,0,1
2/16/2024 9:00,29.6,72,North North-East,13,23,0,616.6628618,101.1933333,0,1
2/16/2024 10:00,29.73593374,72.42717005,North,14.19871554,25.83756965,0,775.6410433,101.1833333,1,1
2/16/2024 11:00,30,76,North North-West,18,33,0,908.1418144,101.1366667,0,1
2/16/2024 12:00,30.4,76,North,18,35,0,999.9314343,101.0983333,0,1
2/16/2024 13:00,30.8,71,North North-West,19,35,0,1010.128175,101.0266667,0,1
2/16/2024 14:00,30.5,75,North North-West,16,32,0,901.9631201,100.98,0,1
2/16/2024 15:00,30.4,74,North-West,16,28,0,741.4497415,100.975,0,1
2/16/2024 16:00,30.3,72,North North-West,18,28,0,622.8605091,100.92,0,1
2/16/2024 17:00,29.9,74,North North-West,18,31,0,417.1441069,100.9233333,0,1
2/16/2024 18:00,29.1,76,North North-West,14,27,0,91.37671825,100.995,0,1
2/16/2024 19:00,28.8,77,North North-West,15,25,0,11.26996908,101.07,0,1
2/16/2024 20:00,28.9,76,North North-West,17,29,0,1.901739398,101.1366667,0,1
2/16/2024 21:00,28.5,77,North North-West,15,30,0,1.901896723,101.1783333,0,1
2/16/2024 22:00,28.5,80,North North-West,15,29,0,1.901739398,101.2233333,0,1
2/16/2024 23:00,28.4,80,North North-West,15,27,0,1.901739398,101.2583333,0,1
2/17/2024 0:00,28.2,80,North North-West,16,32,0,1.901896723,101.2083333,0,1
2/17/2024 1:00,28.4,81,North North-West,18,32,0,1.901739398,101.155,0,1
2/17/2024 2:00,28.1,81,North North-West,14,28,0,1.901739398,101.1033333,0,1
2/17/2024 3:00,28.1,81,North North-West,14,26,0,1.901896723,101.0516667,0,1
2/17/2024 4:00,28,81,North North-West,15,24,0,1.901739398,101.045,0,1
2/17/2024 5:00,28.1,82,North North-West,14,28,0,1.901739398,101.06,0,1
2/17/2024 6:00,28.2,81,North North-West,17,32,0,3.721139632,101.0866667,0,1
2/17/2024 7:00,28.7,80,North North-West,18,35,0,74.10634392,101.1266667,0,1
2/17/2024 8:00,28.8,81,North North-West,22,37,0.2,103.2330354,101.1766667,0,1
2/17/2024 9:00,29.1,80,North North-West,22,40,0,302.572921,101.1783333,0,1
2/17/2024 10:00,29.8,76,North North-West,23,44,0,502.6839587,101.1666667,0,1
2/17/2024 11:00,30.2,76,North-West,22,42,0,735.3089534,101.1383333,0,1
2/17/2024 12:00,30.7,74,North-West,21,37,0,985.7924592,101.115,0,1
2/17/2024 13:00,30.6,75,North-West,23,37,0,983.5939055,101.085,0,1
2/17/2024 14:00,30.4,75,North-West,20,36,0,706.4055526,101.0283333,0,1
2/17/2024 15:00,30,77,North North-West,19,34,0,537.91294,100.9883333,0,1
2/17/2024 16:00,30.4,75,North-West,19,32,0,557.2166212,100.965,0,1
2/17/2024 17:00,30.1,78,North North-West,17,29,0,399.0344678,100.955,0,1
2/17/2024 18:00,29.5,79,North North-West,17,30,0,119.6475612,101.005,0,1
2/17/2024 19:00,29,82,North-West,13,26,0,13.66555868,101.11,0,1
2/17/2024 20:00,29,82,North-West,14,21,0,1.901739398,101.1883333,0,1
2/17/2024 21:00,28.8,83,North North-West,12,21,0,1.901739398,101.2483333,0,1
2/17/2024 22:00,28.68101679,78.4439088,North North-West,10.68351554,18.6319131,0,1.901896723,101.2883333,1,1
2/17/2024 23:00,28.4,84,North North-West,8,17,0,1.901739398,101.3166667,0,1
2/18/2024 0:00,28.3,85,North North-West,7,15,0,1.901739398,101.2833333,0,1
2/18/2024 1:00,28.2,84,North North-West,9,21,0,1.901896723,101.225,0,1
2/18/2024 2:00,28.2,83,North North-West,10,18,0,1.901739398,101.1866667,0,1
2/18/2024 3:00,28,85,North North-West,9,18,0,1.901739398,101.1566667,0,1
2/18/2024 4:00,28.1,84,North North-West,10,20,0,1.901896723,101.175,0,1
2/18/2024 5:00,28,86,North North-West,8,19,0,1.901739398,101.2083333,0,1
2/18/2024 6:00,28.1,85,North North-West,9,18,0,3.234792159,101.2533333,0,1
2/18/2024 7:00,28.9,80,North North-West,11,19,0,123.8628378,101.3,0,1
2/18/2024 8:00,29.2,79,North North-West,14,25,0,379.5223031,101.3316667,0,1
2/18/2024 9:00,29.9,76,North North-West,14,24,0,574.6439505,101.3683333,0,1
2/18/2024 10:00,30.2,75,North North-West,15,29,0,742.0372861,101.375,0,1
2/18/2024 11:00,30.4,76,North North-West,17,28,0,887.2555535,101.3516667,0,1
2/18/2024 12:00,30.4,75,North-West,14,29,0,965.6832735,101.32,0,1
2/18/2024 13:00,30.7,71,North-West,14,25,0,907.649035,101.27,0,1
2/18/2024 14:00,30.9,73,North-West,15,24,0,948.3222798,101.2016667,0,1
2/18/2024 15:00,30.6,73,North-West,12,23,0,770.0498936,101.1633333,0,1
2/18/2024 16:00,30.6,73,North-West,13,23,0,621.3253121,101.145,0,1
2/18/2024 17:00,30.2,74,North-West,9,20,0,394.9595622,101.1583333,0,1
2/18/2024 18:00,29.1,78,North-West,9,15,0,70.10073531,101.2383333,0,1
2/18/2024 19:00,28.8,79,North-West,8,12,0,8.157578459,101.3216667,0,1
2/18/2024 20:00,27.7,85,West,0,9,0,1.901896723,101.395,0,1
2/18/2024 21:00,27.7,85,West South-West,2,6,0,1.901739398,101.4566667,0,1
2/18/2024 22:00,27.9,85,North North-East,0,10,0,1.901739398,101.5,0,1
2/18/2024 23:00,28.1,84,North North-East,6,18,0,1.901739398,101.5183333,0,1
2/19/2024 0:00,26.5,90,West,0,8,0,1.901896723,101.4933333,0,1
2/19/2024 1:00,26.4,92,West South-West,0,4,0,1.901739398,101.4433333,0,1
2/19/2024 2:00,26.5,92,West,0,5,0,1.901739398,101.385,0,1
2/19/2024 3:00,26.2,93,West,0,2,0,1.901896723,101.3466667,0,1
2/19/2024 4:00,25.9,94,West,0,4,0,1.901739398,101.3516667,0,1
2/19/2024 5:00,25.8,94,West North-West,3,6,0,1.901896723,101.36,0,1
2/19/2024 6:00,25.8,95,West North-West,2,8,0,3.776518074,101.3866667,0,1
2/19/2024 7:00,27.5,90,West North-West,3,6,0.2,118.0406978,101.4283333,0,1
2/19/2024 8:00,29.4,79,North North-West,8,14,0,429.7573615,101.44,0,1
2/19/2024 9:00,29.8,75,North North-West,8,19,0,649.7264572,101.465,0,1
2/19/2024 10:00,29.5,79,North-East,10,22,0,795.3995977,101.4766667,0,1
2/19/2024 11:00,30.3,75,North North-West,9,19,0,621.5243191,101.4716667,0,1
2/19/2024 12:00,30.8,74,North-West,9,18,0,919.9874704,101.4333333,0,1
2/19/2024 13:00,30.7,73,North-West,10,19,0,1058.193109,101.3533333,0,1
2/19/2024 14:00,30.6,73,North-West,8,19,0,972.7148549,101.28,0,1
2/19/2024 15:00,30.6,71,West North-West,6,20,0,788.2448214,101.2483333,0,1
2/19/2024 16:00,30,74,North-West,5,15,0,563.2436911,101.2283333,0,1
2/19/2024 17:00,29.8,73,West North-West,4,15,0,264.9463789,101.26,0,1
2/19/2024 18:00,29.3,75,West,3,10,0,112.6752079,101.3116667,0,1
2/19/2024 19:00,28,82,South-West,0,7,0,9.560298485,101.3683333,0,1
2/19/2024 20:00,27.5,84,West South-West,0,3,0,1.901739398,101.435,0,1
2/19/2024 21:00,27.7,84,West,0,4,0,1.901739398,101.4933333,0,1
2/19/2024 22:00,28.6,82,East South-East,5,9,0,1.901896723,101.5266667,0,1
2/19/2024 23:00,28.6,80,East South-East,6,11,0,1.901739398,101.56,0,1
2/20/2024 0:00,27.1,86,East South-East,0,9,0,1.901739398,101.52,0,1
2/20/2024 1:00,27.3,88,West North-West,6,8,0,1.901896723,101.4716667,0,1
2/20/2024 2:00,26.5,89,North,0,10,0,1.901739398,101.425,0,1
2/20/2024 3:00,26.7,91,West,3,7,0,1.901739398,101.3683333,0,1
2/20/2024 4:00,27.6,85,North North-West,6,9,0,1.901896723,101.3416667,0,1
2/20/2024 5:00,28.1,83,North-East,7,12,0,1.901739398,101.3783333,0,1
2/20/2024 6:00,28.3,81,East,9,14,0,4.324916425,101.4066667,0,1
2/20/2024 7:00,29,79,East,14,18,0,190.8304778,101.4133333,0,1
2/20/2024 8:00,28.8,80,East,14,22,0,344.4307314,101.47,0,1
2/20/2024 9:00,29,77,East,14,21,0,568.4368267,101.5083333,0,1
2/20/2024 10:00,29.4,75,East,12,20,0,781.8765967,101.51,0,1
2/20/2024 11:00,29.4,76,East North-East,14,20,0,942.9206607,101.4833333,0,1
2/20/2024 12:00,29.8,76,East North-East,10,20,0,1013.444959,101.455,0,1
2/20/2024 13:00,29.6,73,East,9,16,0,1041.893487,101.4033333,0,1
2/20/2024 14:00,29.7,71,East,11,15,0,948.5497164,101.325,0,1
2/20/2024 15:00,29.5,72,East North-East,11,17,0,800.6022099,101.2866667,0,1
2/20/2024 16:00,29.3,75,East,9,15,0,504.3660419,101.26,0,1
2/20/2024 17:00,29.5,76,East,11,16,0,420.4324611,101.2416667,0,1
2/20/2024 18:00,29,77,East,14,20,0,85.66355831,101.2866667,0,1
2/20/2024 19:00,28.8,78,East,15,23,0,11.16569954,101.3483333,0,1
2/20/2024 20:00,28.7,77,East,15,24,0,1.901739398,101.4066667,0,1
2/20/2024 21:00,28.6,77,East,18,26,0,1.901896723,101.445,0,1
2/20/2024 22:00,28.4,79,East,17,23,0,1.901739398,101.48,0,1
2/20/2024 23:00,28.6,81,East,16,23,0,1.901739398,101.4883333,0,1
2/21/2024 0:00,28.4,78,East,16,23,0,1.901896723,101.445,0,1
2/21/2024 1:00,28.2,79,East,12,21,0,1.901739398,101.3933333,0,1
2/21/2024 2:00,28.1,79,East,13,20,0,1.901739398,101.325,0,1
2/21/2024 3:00,28,78,East,13,22,0,1.901896723,101.2566667,0,1
2/21/2024 4:00,28.1,80,East,12,18,0,1.901739398,101.25,0,1
2/21/2024 5:00,28.2,77,East,15,22,0,1.901739398,101.2933333,0,1
2/21/2024 6:00,28.2,79,East South-East,15,21,0,3.69060005,101.3566667,0,1
2/21/2024 7:00,28.6,78,East,15,22,0,134.9533334,101.395,0,1
2/21/2024 8:00,28.8,77,East,15,22,0,428.591749,101.41,0,1
2/21/2024 9:00,29.2,75,East,15,22,0,610.4841677,101.4433333,0,1
2/21/2024 10:00,29,76,East,16,22,0,773.0255225,101.455,0,1
2/21/2024 11:00,29.2,76,East,15,25,0,899.6698011,101.4216667,0,1
2/21/2024 12:00,29.5,78,East,14,23,0,968.9716275,101.385,0,1
2/21/2024 13:00,29.5,80,East,14,20,0,936.0691332,101.3416667,0,1
2/21/2024 14:00,29.2,83,East,18,28,0,865.6490767,101.2933333,0,1
2/21/2024 15:00,30.1,76,North North-East,5,21,0.6,581.8366329,101.285,0,1
2/21/2024 16:00,29.1,85,East,15,21,0,644.703899,101.2466667,0,1
2/21/2024 17:00,29.3,82,East,14,20,0,303.6248153,101.275,0,1
2/21/2024 18:00,29,84,East South-East,16,21,0,79.30717923,101.3133333,0,1
2/21/2024 19:00,28.8,86,East South-East,14,26,0,11.02958555,101.355,0,1
2/21/2024 20:00,29.1,85,East,17,23,0,1.901896723,101.4116667,0,1
2/21/2024 21:00,28.9,86,East,16,24,0,1.901739398,101.4516667,0,1
2/21/2024 22:00,28.9,85,East,16,24,0,1.901739398,101.4866667,0,1
2/21/2024 23:00,27.3,84,East,10,34,0.4,1.901896723,101.495,0,1
2/22/2024 0:00,29,81,East,15,20,0,1.901739398,101.45,0,1
2/22/2024 1:00,28.8,81,East North-East,13,21,0,1.901739398,101.3816667,0,1
2/22/2024 2:00,28.8,81,East North-East,13,19,0,1.901896723,101.3216667,0,1
2/22/2024 3:00,28.7,81,East North-East,14,19,0,1.901739398,101.2616667,0,1
2/22/2024 4:00,28.5,83,East North-East,18,24,0,1.901739398,101.2383333,0,1
2/22/2024 5:00,28.6,81,East North-East,16,24,0,1.901896723,101.25,0,1
2/22/2024 6:00,28.7,84,North-East,15,24,0,4.094703502,101.2816667,0,1
2/22/2024 7:00,29,81,North-East,18,26,0,107.0775431,101.3216667,0,1
2/22/2024 8:00,29.3,80,North-East,18,24,0,415.4525472,101.3516667,0,1
2/22/2024 9:00,29.7,80,North-East,16,24,0,499.618303,101.3816667,0,1
2/22/2024 10:00,30.1,76,North-East,14,25,0,768.7610863,101.3883333,0,1
2/22/2024 11:00,30.5,74,North-East,13,22,0,772.0020578,101.3666667,0,1
2/22/2024 12:00,30.5,75,North-East,12,21,0,984.6837058,101.325,0,1
2/22/2024 13:00,30.9,72,North-East,12,21,0,888.4495956,101.255,0,1
2/22/2024 14:00,30.5,74,North-East,14,23,0,795.1295168,101.19,0,1
2/22/2024 15:00,30.5,73,North-East,7,22,0,683.197543,101.15,0,1
2/22/2024 16:00,30,75,North-East,9,14,0,364.4925346,101.1466667,0,1
2/22/2024 17:00,29.7,79,North,9,19,0,451.7239462,101.1266667,0,1
2/22/2024 18:00,29.7,80,North,6,14,0,101.3969587,101.1816667,0,1
2/22/2024 19:00,29.2,80,North North-East,5,12,0,11.21197163,101.2566667,0,1
2/22/2024 20:00,29.2,79,North-East,5,10,0,1.901739398,101.3533333,0,1
2/22/2024 21:00,29,81,North North-East,6,11,0,1.901896723,101.41,0,1
2/22/2024 22:00,29,81,East North-East,8,12,0,1.901739398,101.4416667,0,1
2/22/2024 23:00,29,82,North-East,9,13,0,1.901739398,101.4466667,0,1
2/23/2024 0:00,28.7,81,North North-East,6,12,0,1.901896723,101.4166667,0,1
2/23/2024 1:00,27,89,West North-West,0,9,0,1.901739398,101.365,0,1
2/23/2024 2:00,26.8,91,West,0,4,0,1.901739398,101.3216667,0,1
2/23/2024 3:00,26.9,91,West,0,5,0,1.901739398,101.2783333,0,1
2/23/2024 4:00,27,88,North-West,0,12,0,1.901896723,101.245,0,1
2/23/2024 5:00,26.4,92,West,2,4,0,1.901739398,101.26,0,1
2/23/2024 6:00,26.5,92,West,3,13,0,3.491093289,101.2983333,0,1
2/23/2024 7:00,27.7,86,North-East,3,15,1.4,100.5091268,101.3366667,0,1
2/23/2024 8:00,29.8,73,North North-East,4,10,0,354.5943043,101.3383333,0,1
2/23/2024 9:00,30.2,75,North-East,7,17,0,594.459364,101.34,0,1
2/23/2024 10:00,30,78,North-East,11,17,0,836.4992862,101.3333333,0,1
2/23/2024 11:00,30.3,76,North-East,11,19,0,927.1706763,101.3033333,0,1
2/23/2024 12:00,29.8,77,North-East,8,18,0,706.4245055,101.2583333,0,1
2/23/2024 13:00,27,89,North North-West,10,36,3.2,204.05023,101.2166667,0,1
2/23/2024 14:00,29.7,75,West,5,18,0.4,578.5672318,101.1416667,0,1
2/23/2024 15:00,29.2,77,East North-East,6,21,0,858.5795891,101.065,0,1
2/23/2024 16:00,30.6,72,West North-West,6,12,0,518.1354326,101.025,0,1
2/23/2024 17:00,30.6,73,North-West,5,12,0,442.4179988,101.025,0,1
2/23/2024 18:00,30.3,74,North-East,2,9,0,136.8853599,101.0683333,0,1
2/23/2024 19:00,29,81,South South-East,7,15,0.2,14.07350272,101.1333333,0,1
2/23/2024 20:00,28.4,84,South-East,3,10,0,1.901896723,101.1966667,0,1
2/23/2024 21:00,28.8,81,East South-East,3,11,0,1.901739398,101.245,0,1
2/23/2024 22:00,27.4,89,West South-West,13,26,3.6,1.901739398,101.2733333,0,1
2/23/2024 23:00,27.6,85,East North-East,3,23,0,1.901896723,101.2833333,0,1
2/24/2024 0:00,26.1,91,West North-West,3,7,0,1.901739398,101.2433333,0,1
2/24/2024 1:00,26.9,87,East North-East,3,10,0,1.901739398,101.1916667,0,1
2/24/2024 2:00,28.4,83,East,7,14,0,1.901896723,101.12,0,1
2/24/2024 3:00,27.5,84,East North-East,12,19,0,1.901739398,101.0616667,0,1
2/24/2024 4:00,26.5,87,North-West,5,19,0,1.901739398,101.0566667,0,1
2/24/2024 5:00,25.8,91,West,2,6,0,1.901896723,101.0783333,0,1
2/24/2024 6:00,25.8,93,West,0,4,0,4.028571425,101.13,0,1
2/24/2024 7:00,27.3,92,South-West,2,4,0,89.07629183,101.175,0,1
2/24/2024 8:00,30.5,76,South South-East,2,5,0,428.7125747,101.1883333,0,1
2/24/2024 9:00,30,76,East,8,14,0,631.2567101,101.1966667,0,1
2/24/2024 10:00,29.8,75,East,9,18,0,791.2204503,101.2083333,0,1
2/24/2024 11:00,30,76,East North-East,9,15,0,744.3874643,101.2,0,1
2/24/2024 12:00,30.3,73,North North-East,5,21,0,715.2092441,101.165,0,1
2/24/2024 13:00,30,73,East,10,15,0,1013.653442,101.1133333,0,1
2/24/2024 14:00,30.5,71,East North-East,8,15,0,957.0406828,101.065,0,1
2/24/2024 15:00,30.4,72,East,9,15,0,750.2439567,101.0116667,0,1
2/24/2024 16:00,29.8,72,East,6,14,0,413.8320614,101.0183333,0,1
2/24/2024 17:00,30.4,69,East,4,10,0,239.5256009,101.0266667,0,1
2/24/2024 18:00,29.5,75,South South-East,5,9,0,94.61887433,101.0833333,0,1
2/24/2024 19:00,28.1,85,East,13,26,0,7.480117983,101.1416667,0,1
2/24/2024 20:00,28.6,81,South South-West,12,23,0,1.901739398,101.2033333,0,1
2/24/2024 21:00,28.9,79,West North-West,18,23,0,1.901896723,101.2566667,0,1
2/24/2024 22:00,27,89,East South-East,21,41,0,1.901739398,101.2666667,0,1
2/24/2024 23:00,27.9,85,East South-East,10,23,0.2,1.901739398,101.3016667,0,1
2/25/2024 0:00,28.3,82,East South-East,16,22,0,1.901739398,101.24,0,1
2/25/2024 1:00,28.5,82,East South-East,15,24,0,1.901739398,101.1666667,0,1
2/25/2024 2:00,28.4,82,East South-East,15,23,0,1.901739398,101.1183333,0,1
2/25/2024 3:00,28.5,84,East South-East,19,27,0,1.901896723,101.06,0,1
2/25/2024 4:00,28.7,82,East South-East,20,24,0,1.901739398,101.0383333,0,1
2/25/2024 5:00,28.6,84,East South-East,17,35,1,1.901739398,101.0683333,0,1
2/25/2024 6:00,27.9,86,East South-East,18,33,0,3.297796242,101.125,0,1
2/25/2024 7:00,28.9,82,East South-East,20,30,0,107.5300472,101.1766667,0,1
2/25/2024 8:00,28.9,84,East,18,28,0,410.3162707,101.2116667,0,1
2/25/2024 9:00,29.4,80,East,22,30,0,609.5649447,101.2483333,0,1
2/25/2024 10:00,29.5,81,East,23,30,0,729.8315221,101.2516667,0,1
2/25/2024 11:00,29.9,80,East,21,30,0,924.6499206,101.2316667,0,1
2/25/2024 12:00,30.1,79,East North-East,21,27,0,1007.891715,101.205,0,1
2/25/2024 13:00,29.85814972,76.83282491,East North-East,20.58271274,36.47628769,0,864.6919477,101.165,1,1
2/25/2024 14:00,30.02539265,76.32950573,East North-East,20.58886896,29.6856166,0,928.5352959,101.0966667,1,1
2/25/2024 15:00,30.01574402,75.93415419,East North-East,19.30221957,26.93162221,0,773.2719122,101.07,1,1
2/25/2024 16:00,30.10097359,75.4779577,East North-East,17.27682412,25.00759873,0,579.4485486,101.0616667,1,1
2/25/2024 17:00,30.08006822,75.826516,East North-East,17.77547771,24.44170948,0,379.3564639,101.075,1,1
2/25/2024 18:00,30.02539265,73.94343376,East North-East,16.28567316,23.30993096,0,114.5006235,101.1316667,1,1
2/25/2024 19:00,29.72628511,74.60049376,East North-East,16.08867421,24.36625758,0,9.258095438,101.23,1,1
2/25/2024 20:00,29.51079902,76.62734054,East North-East,16.26104829,22.8949455,0,1.901896723,101.3116667,1,1
2/25/2024 21:00,29.43200187,77.31058311,East,16.08867421,24.93214683,0,1.901739398,101.3833333,1,1
2/25/2024 22:00,29.45290723,77.14872317,East,16.51345319,25.12077659,0,1.901739398,101.4216667,1,1
2/25/2024 23:00,29.38858304,76.81000044,East,15.81780065,23.08357526,0,1.901896723,101.445,1,1
2/26/2024 0:00,29.17631316,77.79084979,East,14.88205564,29.34608304,0,1.901739398,101.4233333,1,1
2/26/2024 1:00,29.06535391,77.96639869,East,13.84165494,20.32958087,0,1.901896723,101.3733333,1,1
2/26/2024 2:00,29.16988074,77.18410667,East,15.67620766,26.29028105,0,1.901739398,101.3516667,1,1
2/26/2024 3:00,28.83861109,78.14975893,East,15.43611519,23.00812336,0,1.901739398,101.3133333,1,1
2/26/2024 4:00,28.75820583,78.12289421,East South-East,12.94900345,19.0846245,0,1.901739398,101.305,1,1
2/26/2024 5:00,28.66493574,79.71039546,East,13.55846895,28.81791974,0.195868682,1.901896723,101.3133333,1,1
2/26/2024 6:00,28.49126039,75.77693503,East,9.920144608,20.63138847,0.176281813,3.545814667,101.355,1,1
2/26/2024 7:00,29.16344832,77.98133868,East,15.71930118,22.78176765,0,119.7962241,101.375,1,1
2/26/2024 8:00,29.5,78,East North-East,14,22,0,443.4225104,101.39,0,1
2/26/2024 9:00,29.8,81,East,12,19,0,582.9738159,101.4266667,0,1
2/26/2024 10:00,29.7,81,East North-East,15,21,0.2,515.7426101,101.465,0,1
2/26/2024 11:00,30,77,East,15,21,0,885.8435512,101.4416667,0,1
2/26/2024 12:00,30.2,76,East,15,21,0,984.2762153,101.4083333,0,1
2/26/2024 13:00,29.9,77,East,15,22,0,996.6336037,101.3416667,0,1
2/26/2024 14:00,30.2,78,East,17,23,0,942.8258954,101.2666667,0,1
2/26/2024 15:00,30.3,74,East,16,22,0,824.6725832,101.2366667,0,1
2/26/2024 16:00,30.3,79,East,13,21,0,591.3605404,101.2233333,0,1
2/26/2024 17:00,29.9,79,East,14,22,0,309.6803147,101.2266667,0,1
2/26/2024 18:00,29.9,76,East,14,22,0,112.8469699,101.3,0,1
2/26/2024 19:00,29.8,77,East,12,20,0,8.667006453,101.37,0,1
2/26/2024 20:00,29.6,78,East,15,21,0,1.901739398,101.4283333,0,1
2/26/2024 21:00,29.5,80,East,16,23,0,1.901896723,101.4716667,0,1
2/26/2024 22:00,29.5,79,East South-East,16,23,0,1.901739398,101.5083333,0,1
2/26/2024 23:00,29.1,82,East South-East,16,25,0,1.901739398,101.535,0,1
2/27/2024 0:00,29.3,79,East,13,24,0,1.901896723,101.5016667,0,1
2/27/2024 1:00,29.2,82,East South-East,13,18,0,1.901739398,101.4483333,0,1
2/27/2024 2:00,28.6,78,East South-East,17,23,0.2,1.901739398,101.4016667,0,1
2/27/2024 3:00,29,81,East,13,17,0,1.901896723,101.35,0,1
2/27/2024 4:00,28.9,82,East,12,17,0,1.901739398,101.33,0,1
2/27/2024 5:00,25.7,86,East North-East,14,44,3.8,1.901739398,101.365,0,1
2/27/2024 6:00,26.5,93,North,5,19,0.2,3.599601349,101.4183333,0,1
2/27/2024 7:00,29.3,77,East South-East,12,17,0,144.0134835,101.415,0,1
2/27/2024 8:00,29.6,79,East South-East,13,19,0,444.5502169,101.4333333,0,1
2/27/2024 9:00,29.7,78,East South-East,12,18,0,556.9086342,101.4533333,0,1
2/27/2024 10:00,29.8,80,East South-East,13,22,0,720.9520182,101.4516667,0,1
2/27/2024 11:00,29.7,78,East South-East,14,21,0,780.8152259,101.42,0,1
2/27/2024 12:00,29.9,77,East,11,18,0,949.0614488,101.38,0,1
2/27/2024 13:00,30,76,East,12,17,0,1034.274361,101.3016667,0,1
2/27/2024 14:00,30.1,77,East,12,17,0,899.9920029,101.2216667,0,1
2/27/2024 15:00,30.1,77,East,12,18,0,824.6725832,101.16,0,1
2/27/2024 16:00,30.1,78,East,13,19,0,621.6001314,101.1316667,0,1
2/27/2024 17:00,30,76,East,12,17,0,420.8873343,101.1216667,0,1
2/27/2024 18:00,29.8,78,East,11,18,0,130.3607725,101.1666667,0,1
2/27/2024 19:00,29.6,77,East,13,18,0,8.102005674,101.235,0,1
2/27/2024 20:00,29.3,81,East,15,22,0,1.901896723,101.2933333,0,1
2/27/2024 21:00,29.2,80,North-East,10,19,0,1.901739398,101.3416667,0,1
2/27/2024 22:00,29.5,77,East South-East,11,17,0,1.901739398,101.3666667,0,1
2/27/2024 23:00,29.5,80,East South-East,13,17,0,1.901896723,101.3483333,0,1
2/28/2024 0:00,29.3,81,East South-East,12,19,0,1.901739398,101.3133333,0,1
2/28/2024 1:00,29.3,79,East South-East,10,17,0,1.901739398,101.2716667,0,1
2/28/2024 2:00,29.2,79,East South-East,13,17,0,1.901896723,101.225,0,1
2/28/2024 3:00,29,82,East South-East,9,17,0,1.901739398,101.16,0,1
2/28/2024 4:00,29.1,80,East South-East,14,20,0,1.901739398,101.1533333,0,1
2/28/2024 5:00,29.1,82,East South-East,11,18,0,1.901896723,101.1683333,0,1
2/28/2024 6:00,29,83,South-East,15,21,0,3.033776928,101.2,0,1
2/28/2024 7:00,29,83,East South-East,18,32,0,84.6942875,101.2583333,0,1
2/28/2024 8:00,29.3,80,East South-East,15,22,0,267.4007988,101.3433333,0,1
2/28/2024 9:00,29.9,76,East South-East,11,20,0,668.1393451,101.335,0,1
2/28/2024 10:00,29.8,81,East,14,21,0,765.4632556,101.3133333,0,1
2/28/2024 11:00,29.7,78,East,15,23,0,851.6143433,101.265,0,1
2/28/2024 12:00,29.8,79,East,18,25,0,990.6065338,101.225,0,1
2/28/2024 13:00,30.1,78,East,14,22,0,972.5821835,101.175,0,1
2/28/2024 14:00,28.9,84,East,21,34,0,809.4627607,101.095,0,1
2/28/2024 15:00,29.9,78,East South-East,9,31,0,553.9472201,101.06,0,1
2/28/2024 16:00,30.4,76,East North-East,9,16,0,629.3614052,101.0366667,0,1
2/28/2024 17:00,29.7,76,East,6,16,0,229.452055,101.0716667,0,1
2/28/2024 18:00,29.9,75,East South-East,8,13,0,124.1654943,101.1316667,0,1
2/28/2024 19:00,29.5,79,East South-East,10,14,0,12.36582183,101.2066667,0,1
2/28/2024 20:00,29.3,80,South-East,12,22,0,1.901739398,101.2683333,0,1
2/28/2024 21:00,29.6,79,East South-East,14,17,0,1.901739398,101.3116667,0,1
2/28/2024 22:00,29.5,80,East South-East,11,17,0,1.901739398,101.3483333,0,1
2/28/2024 23:00,29.5,81,East South-East,14,19,0,1.901739398,101.345,0,1
2/29/2024 0:00,29.4,83,East South-East,15,22,0,1.901739398,101.295,0,1
2/29/2024 1:00,29.3,83,East,15,23,0,1.901896723,101.2316667,0,1
2/29/2024 2:00,29.2,80,East,15,21,0,1.901739398,101.1966667,0,1
2/29/2024 3:00,29.1,81,East,13,21,0,1.901739398,101.1583333,0,1
2/29/2024 4:00,29.1,80,East,15,22,0,1.901896723,101.1583333,0,1
2/29/2024 5:00,29.1,80,East,16,22,0,1.901739398,101.1866667,0,1
2/29/2024 6:00,29.2,81,East,17,23,0,3.419519613,101.2483333,0,1
2/29/2024 7:00,29.4,78,East South-East,17,24,0,112.0242891,101.3083333,0,1
2/29/2024 8:00,29.6,79,East South-East,20,28,0,420.3519105,101.35,0,1
2/29/2024 9:00,29.9,78,East,20,28,0,606.7125107,101.3933333,0,1
2/29/2024 10:00,30,76,East,18,26,0,759.4930449,101.4083333,0,1
2/29/2024 11:00,30,79,East,21,29,0,836.9257298,101.37,0,1
2/29/2024 12:00,30.2,81,East,20,27,0,913.6097692,101.3116667,0,1
2/29/2024 13:00,30.3,77,East North-East,19,30,0,978.5997768,101.2533333,0,1
2/29/2024 14:00,30.4,75,East,21,28,0,965.2284003,101.1766667,0,1
2/29/2024 15:00,30.2,75,East,23,29,0,713.1196704,101.1416667,0,1
2/29/2024 16:00,30.4,75,East North-East,23,32,0,618.254918,101.0966667,0,1
2/29/2024 17:00,30.3,75,East,23,31,0,384.4927404,101.0883333,0,1
2/29/2024 18:00,30.1,77,East,23,30,0,124.5410017,101.13,0,1
2/29/2024 19:00,29.8,81,East,21,30,0,7.740731672,101.21,0,1
2/29/2024 20:00,29,77,East,23,41,0.2,1.901896723,101.2916667,0,1
2/29/2024 21:00,29.7,77,East,20,29,0,1.901739398,101.3483333,0,1
2/29/2024 22:00,29.8,78,East,23,29,0,1.901739398,101.3966667,0,1
2/29/2024 23:00,29.6,79,East,18,28,0,1.901896723,101.4183333,0,1
3/1/2024 0:00,29.3,81,East South-East,19,32,0,1.901739398,101.3983333,0,1
3/1/2024 1:00,28.4,81,East South-East,17,31,0.4,1.901739398,101.3683333,0,1
3/1/2024 2:00,28.9,82,East,18,33,0,1.901739398,101.32,0,1
3/1/2024 3:00,29.1,84,East South-East,19,28,0,1.901739398,101.275,0,1
3/1/2024 4:00,29.2,82,East South-East,21,29,0,1.901739398,101.24,0,1
3/1/2024 5:00,29.1,83,East South-East,27,35,0,1.901896723,101.2716667,0,1
3/1/2024 6:00,28.9,84,East,21,36,0,2.615930662,101.3166667,0,1
3/1/2024 7:00,29.3,80,East South-East,22,32,0,113.6065726,101.3716667,0,1
3/1/2024 8:00,27.3,86,East South-East,40,53,0,145.572964,101.4716667,0,1
3/1/2024 9:00,26.7,88,East,36,58,0.8,103.5149621,101.53,0,1
3/1/2024 10:00,27.9,87,East,18,52,0.8,99.09297864,101.535,0,1
3/1/2024 11:00,29,84,East,32,40,0.4,139.1526185,101.435,0,1
3/1/2024 12:00,29.3,78,East,27,42,0,362.5924914,101.3966667,0,1
3/1/2024 13:00,28.7,87,East,25,36,0,330.2917563,101.345,0,1
3/1/2024 14:00,28.6,85,East,25,33,0,133.6894018,101.2933333,0,1
3/1/2024 15:00,28.4,87,East,26,40,0,199.7810555,101.24,0,1
3/1/2024 16:00,28.6,83,East,31,39,0,146.7598988,101.225,0,1
3/1/2024 17:00,28.8,79,East,30,39,0,117.4774369,101.225,0,1
3/1/2024 18:00,28.8,76,East,31,40,0,33.24105141,101.2583333,0,1
3/1/2024 19:00,28.7,78,East South-East,32,41,0,3.074857292,101.3,0,1
3/1/2024 20:00,28.4,81,East,29,45,0,1.901739398,101.3783333,0,1
3/1/2024 21:00,28.4,81,East South-East,22,39,0,1.901739398,101.435,0,1
3/1/2024 22:00,27.9,85,East,26,38,0.2,1.901739398,101.45,0,1
3/1/2024 23:00,28.7,81,East,25,35,0,1.901896723,101.4533333,0,1
3/2/2024 0:00,28.5,81,East South-East,24,33,0,1.901739398,101.4133333,0,1
3/2/2024 1:00,28.4,81,East South-East,24,33,0,1.901739398,101.3933333,0,1
3/2/2024 2:00,28.4,79,East South-East,24,33,0,1.901896723,101.3366667,0,1
3/2/2024 3:00,28.4,81,East South-East,17,32,0,1.901739398,101.295,0,1
3/2/2024 4:00,28.3,81,East South-East,21,27,0,1.901739398,101.2866667,0,1
3/2/2024 5:00,28.4,83,East South-East,21,28,0,1.901896723,101.3116667,0,1
3/2/2024 6:00,28.5,80,East South-East,22,32,0,2.724512759,101.3583333,0,1
3/2/2024 7:00,28.8,81,East South-East,23,32,0,123.8811986,101.3833333,0,1
3/2/2024 8:00,27.3,81,East South-East,30,46,0,322.1372067,101.405,0,1
3/2/2024 9:00,28.9,78,East South-East,30,40,0,479.3101102,101.4433333,0,1
3/2/2024 10:00,29.2,82,East South-East,27,41,0,586.1484518,101.4433333,0,1
3/2/2024 11:00,26.3,85,East South-East,37,61,3.6,686.2916285,101.415,0,1
3/2/2024 12:00,29.1,79,East,26,34,1.4,898.0161475,101.3766667,0,1
3/2/2024 13:00,29.3,80,East,23,37,0,956.4720913,101.315,0,1
3/2/2024 14:00,29.2,84,East,24,33,0,609.0721654,101.255,0,1
3/2/2024 15:00,29.2,81,East South-East,30,37,0,445.1567144,101.19,0,1
3/2/2024 16:00,29.2,82,East,25,37,0,352.4857776,101.1766667,0,1
3/2/2024 17:00,29.1,81,East South-East,24,33,0,227.1871655,101.195,0,1
3/2/2024 18:00,28.9,83,East South-East,30,37,0,69.70331354,101.2783333,0,1
3/2/2024 19:00,28.9,81,East South-East,31,39,0,4.755163611,101.3283333,0,1
3/2/2024 20:00,28.8,83,East South-East,30,40,0,1.901739398,101.375,0,1
3/2/2024 21:00,28.8,81,East South-East,30,42,0,1.901896723,101.3966667,0,1
3/2/2024 22:00,28.8,82,East South-East,27,39,0,1.901739398,101.4033333,0,1
3/2/2024 23:00,28.5,85,East South-East,31,39,0,1.901739398,101.4,0,1
3/3/2024 0:00,28.3,85,East South-East,27,42,0,1.901896723,101.345,0,1
3/3/2024 1:00,28.5,83,East South-East,28,40,0,1.901739398,101.315,0,1
3/3/2024 2:00,28.3,84,East South-East,26,41,0,1.901739398,101.2516667,0,1
3/3/2024 3:00,28.3,84,East South-East,26,38,0,1.901896723,101.2233333,0,1
3/3/2024 4:00,28.4,82,East South-East,27,35,0,1.901739398,101.2233333,0,1
3/3/2024 5:00,28.4,82,East South-East,28,38,0,1.901739398,101.215,0,1
3/3/2024 6:00,27.2,83,East South-East,25,46,1.8,2.773949864,101.2266667,0,1
3/3/2024 7:00,28.7,82,East South-East,28,39,0,86.69087283,101.2683333,0,1
3/3/2024 8:00,28.8,81,East South-East,29,43,0,348.737812,101.3,0,1
3/3/2024 9:00,28.1,87,East,23,48,0,142.2609186,101.3666667,0,1
3/3/2024 10:00,29,79,East,26,35,0,420.7309716,101.355,0,1
3/3/2024 11:00,29.3,80,East,27,35,0,924.4414371,101.2966667,0,1
3/3/2024 12:00,29.35320472,77.57594851,East,28.16101607,39.53208969,0,956.4531382,101.2566667,1,1
3/3/2024 13:00,29.2,82,East South-East,27,40,0,1064.712958,101.2,0,1
3/3/2024 14:00,28.9,83,East South-East,28,42,0,525.9156595,101.145,0,1
3/3/2024 15:00,29.1,80,East,31,41,0,676.009599,101.0866667,0,1
3/3/2024 16:00,28.8,84,East,28,41,0,129.124086,101.0833333,0,1
3/3/2024 17:00,29.3,79,East South-East,27,37,0,172.8274496,101.095,0,1
3/3/2024 18:00,29,84,East South-East,27,40,0,83.9483073,101.1166667,0,1
3/3/2024 19:00,29.1,81,East South-East,25,33,0,7.120963242,101.2066667,0,1
3/3/2024 20:00,28.8,81,East,28,40,0.2,1.901739398,101.245,0,1
3/3/2024 21:00,28.6,78,East,19,40,0.6,1.901896723,101.29,0,1
3/3/2024 22:00,28.9,82,East South-East,22,30,0,1.901739398,101.2966667,0,1
3/3/2024 23:00,29,80,East South-East,21,29,0,1.901739398,101.32,0,1
3/4/2024 0:00,28.6,83,East South-East,26,35,0,1.901896723,101.2816667,0,1
3/4/2024 1:00,28.5,85,East South-East,24,31,0,1.901739398,101.1983333,0,1
3/4/2024 2:00,28.6,84,East South-East,24,31,0,1.901739398,101.15,0,1
3/4/2024 3:00,28.5,84,East South-East,24,32,0,1.901896723,101.1183333,0,1
3/4/2024 4:00,28.4,81,East South-East,23,37,0.2,1.901739398,101.0766667,0,1
3/4/2024 5:00,28.2,84,East South-East,25,33,0,1.901739398,101.1016667,0,1
3/4/2024 6:00,27.9,87,East South-East,22,34,0,3.123961239,101.1266667,0,1
3/4/2024 7:00,28.4,83,East South-East,22,30,0,51.56820633,101.1766667,0,1
3/4/2024 8:00,28.6,84,East South-East,25,33,0,152.693388,101.2166667,0,1
3/4/2024 9:00,28.4,84,East,30,40,0,426.9286189,101.185,0,1
3/4/2024 10:00,28.9,84,East,24,39,0,385.5588494,101.2116667,0,1
3/4/2024 11:00,29.3,79,East,28,35,0,551.7297133,101.1533333,0,1
3/4/2024 12:00,29.5,77,East,26,35,0,727.8604048,101.105,0,1
3/4/2024 13:00,29.2,80,East South-East,26,42,0,473.8232023,101.055,0,1
3/4/2024 14:00,29.5,77,East South-East,27,35,0,743.3829526,101,0,1
3/4/2024 15:00,29.6,78,East,23,33,0,582.0640695,100.9633333,0,1
3/4/2024 16:00,29.6,76,East,24,34,0,608.7689166,100.94,0,1
3/4/2024 17:00,29.6,75,East,23,31,0,403.3841927,100.95,0,1
3/4/2024 18:00,29.2,79,East,24,31,0,134.0447715,100.9966667,0,1
3/4/2024 19:00,29.1,80,East South-East,23,31,0,6.918800463,101.0666667,0,1
3/4/2024 20:00,28.9,82,East South-East,21,30,0,1.901739398,101.1333333,0,1
3/4/2024 21:00,29,81,East South-East,22,29,0,1.901739398,101.1866667,0,1
3/4/2024 22:00,28.9,83,East South-East,22,31,0,1.901896723,101.2233333,0,1
3/4/2024 23:00,28.9,82,East South-East,21,29,0,1.901739398,101.2283333,0,1
3/5/2024 0:00,28.8,80,East,20,29,0,1.901739398,101.195,0,1
3/5/2024 1:00,28.6,81,East,19,26,0,1.901896723,101.135,0,1
3/5/2024 2:00,28.6,84,East,17,25,0,1.901739398,101.08,0,1
3/5/2024 3:00,28.5,82,East,18,23,0,1.901739398,101.0333333,0,1
3/5/2024 4:00,28.5,81,East South-East,14,24,0,1.901739398,101.0233333,0,1
3/5/2024 5:00,28.4,82,East South-East,16,21,0,1.901739398,101.0283333,0,1
3/5/2024 6:00,28.1,84,East,15,26,0,3.472945373,101.0683333,0,1
3/5/2024 7:00,28.8,78,East,18,23,0,76.82966026,101.11,0,1
3/5/2024 8:00,28.9,80,East,17,24,0,328.3111626,101.125,0,1
3/5/2024 9:00,29.2,81,East,21,26,0,471.4256414,101.1416667,0,1
3/5/2024 10:00,29.43200187,76.67668455,East,22.17717299,33.23185595,0,777.1762404,101.0883333,1,1
3/5/2024 11:00,29.54617733,76.41740005,East,21.16755337,29.57243875,0,821.962297,101.03,1,1
3/5/2024 12:00,29.6314069,77.03773699,East,20.91514847,29.34608304,0,911.9892834,100.97,1,1
3/5/2024 13:00,29.6,79,East,19,27,0,921.2383717,100.9216667,0,1
3/5/2024 14:00,29.7,80,East,18,25,0,733.9632869,100.875,0,1
3/5/2024 15:00,29.5,78,East North-East,17,23,0,661.2688645,100.8166667,0,1
3/5/2024 16:00,29.1,81,East,21,28,0,623.959786,100.7866667,0,1
3/5/2024 17:00,29.4,79,East,14,25,0,344.8903429,100.8,0,1
3/5/2024 18:00,29.2,81,East South-East,16,22,0,124.2904661,100.8566667,0,1
3/5/2024 19:00,28.3,86,East North-East,15,24,0,5.039709227,100.9383333,0,1
3/5/2024 20:00,28.6,83,East North-East,20,26,0,1.901896723,101.02,0,1
3/5/2024 21:00,27.9,84,East,18,26,0,1.901739398,101.055,0,1
3/5/2024 22:00,28.7,77,East,12,23,0,1.901739398,101.0983333,0,1
3/5/2024 23:00,28.1,83,East,17,29,0,1.901896723,101.1033333,0,1
3/6/2024 0:00,26.4,87,North,0,23,0,1.901739398,101.0766667,0,1
3/6/2024 1:00,28,86,East,17,24,0,1.901739398,101.025,0,1
3/6/2024 2:00,27.5,87,North-East,15,28,0.2,1.901896723,100.9566667,0,1
3/6/2024 3:00,27.8,80,East South-East,12,18,0,1.901739398,100.925,0,1
3/6/2024 4:00,28.1,80,East South-East,13,19,0,1.901739398,100.8983333,0,1
3/6/2024 5:00,28.1,82,East,15,20,0,1.901739398,100.8583333,0,1
3/6/2024 6:00,28.4,81,East North-East,12,24,0,2.809940299,100.91,0,1
3/6/2024 7:00,27.6,80,East,12,21,0,30.90227468,101.01,0,1
3/6/2024 8:00,26.4,92,North-East,12,32,0.6,41.2423479,101.0833333,0,1
3/6/2024 9:00,27.7,81,East South-East,12,21,0,389.358936,101.0816667,0,1
3/6/2024 10:00,27.2,89,East,22,33,0.4,367.2217738,101.1083333,0,1
3/6/2024 11:00,27.8,85,East,20,27,0.2,966.5551137,101.0416667,0,1
3/6/2024 12:00,28,83,East,13,36,0,993.8285524,100.975,0,1
3/6/2024 13:00,29,79,North-East,7,18,0,897.6418247,100.8566667,0,1
3/6/2024 14:00,28.6,80,East,12,19,0,532.2270251,100.8283333,0,1
3/6/2024 15:00,28.6,80,East,15,22,0,611.6403036,100.79,0,1
3/6/2024 16:00,28.6,79,East,14,22,0,418.9351701,100.7716667,0,1
3/6/2024 17:00,28.7,80,East,13,19,0,132.2039566,100.8266667,0,1
3/6/2024 18:00,28.7,76,East,14,19,0,52.57686395,100.9016667,0,1
3/6/2024 19:00,28.6,80,East South-East,17,24,0,4.286316245,100.9466667,0,1
3/6/2024 20:00,28.5,80,East,18,24,0,1.901739398,100.9883333,0,1
3/6/2024 21:00,28.5,81,East,22,27,0,1.901896723,101.0366667,0,1
3/6/2024 22:00,28.6,80,East South-East,16,27,0,1.901739398,101.0983333,0,1
3/6/2024 23:00,28.6,81,East,16,21,0,1.901739398,101.095,0,1
3/7/2024 0:00,28.7,83,East,18,23,0,1.901896723,101.0583333,0,1
3/7/2024 1:00,28.4,85,East,19,29,0,1.901739398,101,0,1
3/7/2024 2:00,28.3,84,East,17,24,0,1.901739398,100.9416667,0,1
3/7/2024 3:00,28.3,84,East,18,23,0,1.901896723,100.915,0,1
3/7/2024 4:00,28.5,82,East South-East,16,24,0,1.901739398,100.9066667,0,1
3/7/2024 5:00,28.4,82,East South-East,19,31,0,1.901739398,100.9083333,0,1
3/7/2024 6:00,27.1,85,East North-East,16,28,0,1.97695006,101.0016667,0,1
3/7/2024 7:00,26.3,90,North,13,27,0.4,4.65239329,101.0933333,0,1
3/7/2024 8:00,26.1,94,North-West,4,16,3,16.02724009,101.1633333,0,1
3/7/2024 9:00,26.2,93,South-East,21,33,1,46.91937859,101.2633333,0,1
3/7/2024 10:00,26.2,88,East South-East,14,28,0.6,96.86125703,101.2966667,0,1
3/7/2024 11:00,26.7,85,East South-East,23,30,0,237.3696915,101.2183333,0,1
3/7/2024 12:00,27.1,81,East South-East,19,27,0,396.0683156,101.08,0,1
3/7/2024 13:00,27.4,86,East South-East,19,27,0,311.1112699,101.0416667,0,1
3/7/2024 14:00,27.5,85,East South-East,22,28,0,514.4016818,100.985,0,1
3/7/2024 15:00,27.8,84,East South-East,21,30,0,263.0510739,100.945,0,1
3/7/2024 16:00,27.8,86,East South-East,20,30,0,205.0168356,100.985,0,1
3/7/2024 17:00,28.1,83,East South-East,23,33,0,151.8061483,100.9566667,0,1
3/7/2024 18:00,28.2,84,East,20,32,0,52.04706698,101.025,0,1
3/7/2024 19:00,28.3,83,East South-East,18,29,0,3.879630808,101.0716667,0,1
3/7/2024 20:00,28.1,86,East South-East,27,42,0,1.901739398,101.1066667,0,1
3/7/2024 21:00,28.2,86,East South-East,22,35,0,1.901896723,101.1566667,0,1
3/7/2024 22:00,28.3,85,East South-East,22,35,0,1.901739398,101.215,0,1
3/7/2024 23:00,28.2,86,East South-East,25,35,0,1.901739398,101.22,0,1
3/8/2024 0:00,28.5,83,East,21,35,0,1.901739398,101.225,0,1
3/8/2024 1:00,27.7,86,East South-East,13,38,0,1.901739398,101.18,0,1
3/8/2024 2:00,28.2,83,East South-East,17,24,0,1.901739398,101.14,0,1
3/8/2024 3:00,27.6,87,East South-East,26,31,0,1.901896723,101.0783333,0,1
3/8/2024 4:00,27.8,88,East South-East,25,35,0,1.901739398,101.0433333,0,1
3/8/2024 5:00,27.2,90,East South-East,30,40,0,1.901739398,101.065,0,1
3/8/2024 6:00,27.8,87,East South-East,25,35,0,2.933782932,101.1216667,0,1
3/8/2024 7:00,28.1,85,East South-East,24,33,0,119.4144978,101.1516667,0,1
3/8/2024 8:00,28.3,86,East South-East,23,34,0,334.8310118,101.185,0,1
3/8/2024 9:00,28.6,83,East South-East,24,34,0,549.2231725,101.23,0,1
3/8/2024 10:00,28.6,81,East,15,32,0,577.6006263,101.24,0,1
3/8/2024 11:00,28.5,87,East,16,32,0,660.5486486,101.225,1,1
3/8/2024 12:00,28.9,82,East,19,29,0,849.7095618,101.19,0,1
3/8/2024 13:00,29.2,80,East,18,24,0,974.8186434,101.1366667,0,1
3/8/2024 14:00,29.3,81,East,17,24,0,928.1183287,101.085,0,1
3/8/2024 15:00,28.9,81,East,23,29,0,820.2944287,101.0483333,0,1
3/8/2024 16:00,29.1,84,East South-East,17,23,0,600.704394,101.0433333,0,1
3/8/2024 17:00,29.2,83,East South-East,16,22,0,315.8021497,101.065,0,1
3/8/2024 18:00,28.7,85,East South-East,12,22,0,102.6099539,101.115,0,1
3/8/2024 19:00,27.3,89,East South-East,15,41,10.5,3.197487596,101.195,0,1
3/8/2024 20:00,28.4,86,East South-East,17,26,0,1.901739398,101.2566667,0,1
3/8/2024 21:00,28.6,84,East South-East,19,25,0,1.901739398,101.3083333,0,1
3/8/2024 22:00,28.5,84,East South-East,18,26,0,1.901896723,101.32,0,1
3/8/2024 23:00,28.3,87,East South-East,20,25,0,1.901739398,101.3416667,0,1
3/9/2024 0:00,28.3,85,East South-East,19,28,0,1.901739398,101.3,0,1
3/9/2024 1:00,28.4,87,East South-East,17,25,0,1.901896723,101.2383333,0,1
3/9/2024 2:00,28.2,86,East South-East,17,22,0,1.901739398,101.1933333,0,1
3/9/2024 3:00,28.3,85,East South-East,16,22,0,1.901739398,101.16,0,1
3/9/2024 4:00,28,89,East,17,22,0,1.901739398,101.125,0,1
3/9/2024 5:00,28,87,East,13,24,0,1.901739398,101.1316667,0,1
3/9/2024 6:00,27.8,87,East,17,27,0,2.65785318,101.14,0,1
3/9/2024 7:00,28.4,85,East,17,25,0,89.23798503,101.18,0,1
3/9/2024 8:00,28.7,82,East,19,24,0,283.2218571,101.2216667,0,1
3/9/2024 9:00,29.1,81,East,16,26,0,489.5163275,101.2533333,0,1
3/9/2024 10:00,29.3,80,East,16,27,0,601.4719925,101.26,0,1
3/9/2024 11:00,29.1,82,East,12,23,0,668.5847417,101.2716667,0,1
3/9/2024 12:00,29.51723144,78.70925946,East North-East,12.48728717,20.97092203,0,722.3640204,101.2283333,1,1
3/9/2024 13:00,29.40627219,80.02984893,East,13.8970609,22.6685898,0,603.5663044,101.1533333,1,1
3/9/2024 14:00,29.2,83,East,11,17,0,560.7039824,101.0966667,0,1
3/9/2024 15:00,29.2,82,East,10,16,0,499.1255237,101.07,0,1
3/9/2024 16:00,28.8,84,East North-East,11,23,0,340.3084431,101.0666667,0,1
3/9/2024 17:00,29.3,81,East,7,13,0,243.5246944,101.075,0,1
3/9/2024 18:00,29,80,East,3,8,0,74.08028348,101.14,0,1
3/9/2024 19:00,28.7,81,East North-East,4,9,0,3.886997326,101.1816667,0,1
3/9/2024 20:00,28.6,84,North North-West,5,8,0,1.901896723,101.21,0,1
3/9/2024 21:00,28.9,83,East South-East,6,12,0,1.901739398,101.2683333,0,1
3/9/2024 22:00,28.8,82,South-East,9,14,0,1.901739398,101.2833333,0,1
3/9/2024 23:00,28.4,85,South-East,11,16,0,1.901896723,101.29,0,1
3/10/2024 0:00,28.1,86,South-East,12,20,0,1.901739398,101.2066667,0,1
3/10/2024 1:00,27.2,89,South-East,22,45,0.8,1.901739398,101.145,0,1
3/10/2024 2:00,27.6,91,East South-East,28,44,1.2,1.901896723,101.0916667,0,1
3/10/2024 3:00,27.7,88,East South-East,24,33,0,1.901739398,101.0116667,0,1
3/10/2024 4:00,27.8,86,East South-East,19,30,0,1.901739398,100.9783333,0,1
3/10/2024 5:00,27.8,86,East South-East,21,27,0,1.901896723,100.9683333,0,1
3/10/2024 6:00,27.8,86,East South-East,23,30,0,2.333365492,100.9966667,0,1
3/10/2024 7:00,27.9,84,East South-East,22,31,0,46.01747994,101.0316667,0,1
3/10/2024 8:00,28.1,83,East South-East,21,30,0,157.6744864,101.0883333,0,1
3/10/2024 9:00,28.4,81,East South-East,19,30,0,329.0219019,101.1133333,0,1
3/10/2024 10:00,28.6,80,East South-East,18,26,0,672.0341968,101.1,0,1
3/10/2024 11:00,28.7,79,East South-East,20,27,0,781.6870663,101.075,0,1
3/10/2024 12:00,28.9,79,East South-East,20,27,0,979.0641265,101.015,0,1
3/10/2024 13:00,28.9,80,East South-East,19,26,0,848.7429563,100.9616667,0,1
3/10/2024 14:00,29.1,80,East South-East,16,30,0,695.3180184,100.9066667,0,1
3/10/2024 15:00,29,80,East,13,22,0,791.9406661,100.8333333,0,1
3/10/2024 16:00,29.1,82,East South-East,12,21,0,526.4558215,100.8016667,0,1
3/10/2024 17:00,28.9,82,East South-East,14,21,0,257.9337505,100.8033333,0,1
3/10/2024 18:00,28.9,82,East South-East,14,21,0,96.37973111,100.8366667,0,1
3/10/2024 19:00,28.8,80,East South-East,14,21,0,4.092297353,100.935,0,1
3/10/2024 20:00,28.7,80,East South-East,14,22,0,1.901739398,101.01,0,1
3/10/2024 21:00,28.8,82,East South-East,15,21,0,1.901896723,101.0283333,0,1
3/10/2024 22:00,28.7,81,East South-East,17,25,0,1.901739398,101.0916667,0,1
3/10/2024 23:00,28.6,81,East South-East,16,24,0,1.901739398,101.08,0,1
3/11/2024 0:00,28.6,84,East South-East,17,22,0,1.901896723,101.0383333,0,1
3/11/2024 1:00,28.5,81,East South-East,14,24,0,1.901739398,100.9916667,0,1
3/11/2024 2:00,28.1,85,East South-East,16,26,0,1.901739398,100.9366667,0,1
3/11/2024 3:00,28.3,83,East South-East,13,21,0,1.901896723,100.885,0,1
3/11/2024 4:00,28.2,82,East South-East,11,17,0,1.901739398,100.8566667,0,1
3/11/2024 5:00,28.4,83,East South-East,15,20,0,1.901739398,100.855,0,1
3/11/2024 6:00,28.3,84,East South-East,13,18,0,2.832280466,100.885,0,1
3/11/2024 7:00,28.6,82,East South-East,15,19,0,100.0735028,100.9166667,0,1
3/11/2024 8:00,29.1,80,East,15,18,0,386.724462,100.96,0,1
3/11/2024 9:00,29.1,78,East,15,19,0,542.6038199,101.0116667,0,1
3/11/2024 10:00,29.2,79,East,15,21,0,711.0206201,101.0283333,0,1
3/11/2024 11:00,29.1,81,East,17,22,0,744.4632764,101.0166667,0,1
3/11/2024 12:00,28.7,84,East North-East,10,28,1.2,729.4287697,100.9866667,0,1
3/11/2024 13:00,29.5,79,East,14,20,0,866.122903,100.9116667,0,1
3/11/2024 14:00,29.7,80,East,14,23,0,798.6310928,100.865,0,1
3/11/2024 15:00,29.7,77,North-East,14,21,0,605.3763207,100.8166667,0,1
3/11/2024 16:00,29.5,79,North-East,10,21,0,193.5549787,100.825,0,1
3/11/2024 17:00,29.4,79,North-East,12,17,0,159.2783882,100.8416667,0,1
3/11/2024 18:00,29.1,85,North-East,14,18,0,72.2436145,100.8716667,0,1
3/11/2024 19:00,29,83,East North-East,14,23,0.4,2.81461378,100.9433333,0,1
3/11/2024 20:00,29,82,East North-East,12,25,0,1.901739398,100.9916667,0,1
3/11/2024 21:00,29,82,North-East,9,18,0,1.901739398,101.06,0,1
3/11/2024 22:00,28.9,80,North North-East,10,17,0,1.901896723,101.1083333,0,1
3/11/2024 23:00,29.1,81,North North-East,12,20,0,1.901739398,101.115,0,1
3/12/2024 0:00,29,77,North North-East,10,19,0,1.901739398,101.075,0,1
3/12/2024 1:00,28.7,80,North,6,18,0,1.901896723,101.055,0,1
3/12/2024 2:00,28.9,80,North,9,17,0,1.901739398,101.0233333,0,1
3/12/2024 3:00,28.9,82,North North-East,7,15,0,1.901739398,100.965,0,1
3/12/2024 4:00,27.4,91,North North-East,22,37,0,1.901896723,100.97,0,1
3/12/2024 5:00,28.1,86,North-East,18,25,0,1.901739398,101.0216667,0,1
3/12/2024 6:00,28.4,84,North North-East,13,22,0,2.137745587,101.05,0,1
3/12/2024 7:00,28.6,86,East North-East,13,19,0,37.82080417,101.09,0,1
3/12/2024 8:00,29.2,81,North North-East,13,22,0,153.857816,101.145,0,1
3/12/2024 9:00,30.2,79,North North-East,14,23,0,535.1600096,101.1616667,0,1
3/12/2024 10:00,30.5,75,North North-East,13,22,0,699.89518,101.1666667,0,1
3/12/2024 11:00,30.4,76,North North-East,12,21,0,896.2392991,101.1666667,0,1
3/12/2024 12:00,30.5,76,North-East,13,21,0,954.1408662,101.1183333,0,1
3/12/2024 13:00,30.5,80,North North-East,15,26,0,815.6035488,101.0666667,0,1
3/12/2024 14:00,30.5,75,North North-East,14,24,0,835.9686008,101,0,1
3/12/2024 15:00,30.6,77,North North-East,14,26,0,622.6330725,100.9666667,0,1
3/12/2024 16:00,30.6,77,North North-East,15,25,0,503.9585514,100.9383333,0,1
3/12/2024 17:00,30.5,78,North North-East,14,27,0,378.3377375,100.9583333,0,1
3/12/2024 18:00,29.1,83,North,15,33,0,127.1038094,101.0316667,0,1
3/12/2024 19:00,28.9,81,North,7,25,0,3.809491568,101.1266667,0,1
3/12/2024 20:00,29.3,80,North North-West,8,13,0,1.901739398,101.1883333,0,1
3/12/2024 21:00,29.1,83,North North-West,7,13,0,1.901739398,101.2333333,0,1
3/12/2024 22:00,29,83,North North-West,7,12,0,1.901739398,101.3066667,0,1
3/12/2024 23:00,28.6,83,North North-West,8,17,0,1.901739398,101.3,0,1
3/13/2024 0:00,28.9,86,North,8,13,0,1.901896723,101.2583333,0,1
3/13/2024 1:00,28.7,87,North-East,8,13,0,1.901739398,101.1733333,0,1
3/13/2024 2:00,28.2,87,North North-East,3,9,0,1.901739398,101.125,0,1
3/13/2024 3:00,27.3,92,West,0,5,0,1.901896723,101.0883333,0,1
3/13/2024 4:00,27.7,90,North North-East,0,9,0,1.901739398,101.0866667,0,1
3/13/2024 5:00,27.4,93,West South-West,2,8,0.2,1.901739398,101.1416667,0,1
3/13/2024 6:00,28,84,North-West,7,11,0,2.513428719,101.2033333,0,1
3/13/2024 7:00,29,84,North North-East,6,12,0,105.3436352,101.235,0,1
3/13/2024 8:00,30,76,North,9,15,0,303.9328023,101.2783333,0,1
3/13/2024 9:00,30.7,73,North North-West,11,19,0,459.8216367,101.28,0,1
3/13/2024 10:00,30.4,75,North North-East,16,32,0,701.2882291,101.2316667,0,1
3/13/2024 11:00,30.7,74,North North-East,15,24,0,869.0606257,101.2133333,0,1
3/13/2024 12:00,30.7,75,North North-East,13,24,0,995.3068903,101.165,0,1
3/13/2024 13:00,30.4,74,North-East,10,20,0,947.6115405,101.1133333,0,1
3/13/2024 14:00,30.3,76,North-East,10,18,0,315.8779619,101.075,0,1
3/13/2024 15:00,29.7,81,East,10,21,0,252.6363731,101.055,0,1
3/13/2024 16:00,30.6,73,East North-East,9,18,0,421.7260067,101.05,0,1
3/13/2024 17:00,30.7,73,North North-East,9,18,0,270.6938913,101.0716667,0,1
3/13/2024 18:00,30,78,East North-East,12,19,0,141.9588544,101.135,0,1
3/13/2024 19:00,29.8,77,East North-East,10,18,0,4.032310211,101.2083333,0,1
3/13/2024 20:00,29.7,75,East North-East,10,14,0,1.901739398,101.265,0,1
3/13/2024 21:00,29.6,78,East North-East,12,17,0,1.901739398,101.2983333,0,1
3/13/2024 22:00,29.5,77,East North-East,12,16,0,1.901896723,101.325,0,1
3/13/2024 23:00,29.3,79,East North-East,12,18,0,1.901739398,101.3133333,0,1
3/14/2024 0:00,29.1,79,East North-East,13,18,0,1.901739398,101.2716667,0,1
3/14/2024 1:00,29,80,East North-East,13,21,0,1.901739398,101.2166667,0,1
3/14/2024 2:00,28.9,79,East North-East,13,18,0,1.901739398,101.1633333,0,1
3/14/2024 3:00,28.9,80,East,14,18,0,1.901739398,101.1116667,0,1
3/14/2024 4:00,28.8,82,East North-East,17,23,0,1.901739398,101.075,0,1
3/14/2024 5:00,28.7,81,East,17,23,0,1.901896723,101.085,0,1
3/14/2024 6:00,28.8,81,East,19,26,0,2.890277909,101.1166667,0,1
3/14/2024 7:00,29.0621377,77.78538508,East,18.85281572,25.98847345,0,119.0381021,101.1133333,1,1
3/14/2024 8:00,29.47702881,77.8378034,East North-East,19.4930623,27.04480006,0,368.7001117,101.1116667,1,1
3/14/2024 9:00,29.49150176,77.14208599,East North-East,19.7085299,28.17657858,0,390.9415155,101.1566667,1,1
3/14/2024 10:00,29.71502837,75.82408652,East North-East,19.44996878,26.1016513,0,730.4759257,101.1533333,1,1
3/14/2024 11:00,29.92729824,75.0786662,East North-East,18.15716318,26.44118485,0,861.2898753,101.1416667,1,1
3/14/2024 12:00,29.95463602,75.72647968,East North-East,19.55462447,29.383809,0,753.7123648,101.0816667,1,1
3/14/2024 13:00,30.12348706,74.60392823,East North-East,18.50191134,27.49751147,0,946.4743575,101.0016667,1,1
3/14/2024 14:00,30.19263558,73.67800055,North-East,16.64888997,24.63033923,0,774.3948804,100.95,1,1
3/14/2024 15:00,30.27786515,73.13465363,East North-East,16.1933299,24.93214683,0,651.3279898,100.9083333,1,1
3/14/2024 16:00,30.3888244,72.08057271,East North-East,13.26912675,22.25360435,0,504.8919891,100.9,1,1
3/14/2024 17:00,30.29877052,70.80721213,East,10.4187982,19.80141756,0,288.3202276,100.955,1,1
3/14/2024 18:00,29.89996046,71.3828053,East,12.29028822,20.36730682,0,78.73503404,101.0066667,1,1
3/14/2024 19:00,29.64266364,71.46765082,East,13.22603323,18.8582688,0,3.313658316,101.095,1,1
3/14/2024 20:00,29.55260976,72.22791798,East,14.63580696,21.61226319,0,1.901739398,101.1483333,1,1
3/14/2024 21:00,29.4,72,East,16,21,0,1.901896723,101.1633333,0,1
3/14/2024 22:00,29.3,73,East,16,22,0,1.901739398,101.1733333,0,1
3/14/2024 23:00,29.1,74,East,12,21,0,1.901739398,101.1333333,0,1
3/15/2024 0:00,29,73,East,10,17,0,1.901896723,101.0716667,0,1
3/15/2024 1:00,28.8,74,East North-East,11,17,0,1.901739398,101.0066667,0,1
3/15/2024 2:00,28.7,72,East North-East,9,16,0,1.901739398,100.9516667,0,1
3/15/2024 3:00,28.5,75,East North-East,7,15,0,1.901896723,100.9016667,0,1
3/15/2024 4:00,28.3,76,East,5,12,0,1.901739398,100.8716667,0,1
3/15/2024 5:00,27.6,78,East,4,9,0,1.901739398,100.8983333,0,1
3/15/2024 6:00,28.4,77,East,7,11,0,2.737811358,100.935,0,1
3/15/2024 7:00,29,77,East,8,12,0,114.6635013,100.9516667,0,1
3/15/2024 8:00,29.5,75,East,7,13,0,401.9437609,100.9816667,0,1
3/15/2024 9:00,29.5,76,East South-East,9,15,0,538.4009811,101.02,0,1
3/15/2024 10:00,29.8,74,East,9,14,0,729.7272803,101.02,0,1
3/15/2024 11:00,29.7,74,East,9,15,0,792.7556473,100.9916667,0,1
3/15/2024 12:00,29.8,75,East,12,18,0,993.2599609,100.9266667,0,1
3/15/2024 13:00,29.9,73,East,11,20,0,1029.346568,100.855,0,1
3/15/2024 14:00,30.4,75,East,11,17,0,977.8700844,100.8066667,0,1
3/15/2024 15:00,30.1,76,East South-East,12,21,0,796.6978817,100.7766667,0,1
3/15/2024 16:00,29.9,75,East South-East,12,23,0,416.1538101,100.7766667,0,1
3/15/2024 17:00,29.8,76,East,12,20,0,335.6554694,100.7966667,0,1
3/15/2024 18:00,29.5,77,East,11,17,0,94.7645759,100.845,0,1
3/15/2024 19:00,29.4,78,East South-East,12,16,0,3.84338125,100.9166667,0,1
3/15/2024 20:00,29.4,79,East South-East,13,18,0,1.901896723,100.9666667,0,1
3/15/2024 21:00,29.4,79,East South-East,15,21,0,1.901739398,100.9966667,0,1
3/15/2024 22:00,29.4,79,East South-East,17,23,0,1.901739398,100.9983333,0,1
3/15/2024 23:00,29.3,79,East,14,23,0,1.901896723,100.9866667,0,1
3/16/2024 0:00,29.2,81,East,13,19,0,1.901739398,100.9566667,0,1
3/16/2024 1:00,29.2,78,North North-East,13,21,0,1.901739398,100.9116667,0,1
3/16/2024 2:00,29.2,76,North North-East,16,23,0,1.901896723,100.875,0,1
3/16/2024 3:00,29.2,75,North North-East,10,20,0,1.901739398,100.8583333,0,1
3/16/2024 4:00,29,74,North,8,20,0,1.901739398,100.8666667,0,1
3/16/2024 5:00,28.9,74,North North-West,9,16,0,1.901896723,100.9066667,0,1
3/16/2024 6:00,28.8,73,North North-West,9,18,0,2.57018607,100.925,0,1
3/16/2024 7:00,29.1,71,North North-West,9,18,0,55.86492194,100.975,0,1
3/16/2024 8:00,30.1,67,North North-West,13,20,0,270.0329037,101.015,0,1
3/16/2024 9:00,30.6,69,North,12,21,0,533.326302,101.0216667,0,1
3/16/2024 10:00,30.6,71,North North-West,10,21,0,568.6405719,101.0283333,0,1
3/16/2024 11:00,31.6,59,North North-West,12,27,0,852.1260757,100.9883333,0,1
3/16/2024 12:00,31.6,57,North-West,13,25,0,943.7166887,100.9383333,0,1
3/16/2024 13:00,31.5,58,North-West,13,24,0,949.6679463,100.885,0,1
3/16/2024 14:00,31.6,60,North-West,12,23,0,878.4234322,100.8466667,0,1
3/16/2024 15:00,31.2,61,North-West,11,41,0,739.6492018,100.82,0,1
3/16/2024 16:00,31,60,North-West,11,19,0,550.2039928,100.8166667,0,1
3/16/2024 17:00,31,59,North-West,6,15,0,347.690656,100.8383333,0,1
3/16/2024 18:00,29.9,64,North-West,5,15,0,114.577028,100.9,0,1
3/16/2024 19:00,28,72,North-West,2,12,0,3.70978446,100.985,0,1
3/16/2024 20:00,27.5,74,West South-West,0,5,0,1.901739398,101.0683333,0,1
3/16/2024 21:00,27.1,78,West,2,5,0,1.901739398,101.125,0,1
3/16/2024 22:00,27,77,West,2,5,0,1.901896723,101.1483333,0,1
3/16/2024 23:00,26.6,79,West,0,3,0,1.901739398,101.145,0,1
3/17/2024 0:00,26.5,78,West,2,4,0,1.901739398,101.125,0,1
3/17/2024 1:00,26.1,82,West,2,4,0,1.901896723,101.0733333,0,1
3/17/2024 2:00,25.8,83,West,0,4,0,1.901739398,101.0416667,0,1
3/17/2024 3:00,25.7,84,West,2,6,0,1.901739398,101.0133333,0,1
3/17/2024 4:00,25.9,83,West,0,5,0,1.901896723,101,0,1
3/17/2024 5:00,25.6,84,West South-West,0,2,0,1.901739398,101.0083333,0,1
3/17/2024 6:00,25.4,85,West,0,4,0,2.706105719,101.0583333,0,1
3/17/2024 7:00,27.8,80,West,2,6,0,115.6508367,101.0833333,0,1
3/17/2024 8:00,30.2,65,North-East,5,10,0,394.9311326,101.1266667,0,1
3/17/2024 9:00,30.3,67,East North-East,6,12,0,549.1331455,101.1533333,0,1
3/17/2024 10:00,30.5,66,North-East,5,14,0,723.3874851,101.135,0,1
3/17/2024 11:00,30.5,65,East North-East,4,11,0,865.1562975,101.1266667,0,1
3/17/2024 12:00,30.6,65,East North-East,5,11,0,979.0830796,101.09,0,1
3/17/2024 13:00,30.7,61,East North-East,6,10,0,960.2437481,101.035,0,1
3/17/2024 14:00,30.8,66,East,6,15,0,872.6427521,100.985,0,1
3/17/2024 15:00,30.5,63,North-East,7,16,0,732.124841,100.94,0,1
3/17/2024 16:00,30.3,67,East North-East,6,15,0,543.6557141,100.93,0,1
3/17/2024 17:00,30.5,63,East,4,10,0,343.8716165,100.9466667,0,1
3/17/2024 18:00,29.6,67,East,8,13,0,112.2730479,101.0016667,0,1
3/17/2024 19:00,29.5,70,East South-East,6,15,0,3.563009377,101.0583333,0,1
3/17/2024 20:00,29.6,72,East South-East,7,13,0,1.901739398,101.125,0,1
3/17/2024 21:00,29.5,70,East South-East,6,18,0,1.901896723,101.19,0,1
3/17/2024 22:00,29.4,70,East,8,14,0,1.901739398,101.2166667,0,1
3/17/2024 23:00,29.1,73,East,4,11,0,1.901739398,101.1916667,0,1
3/18/2024 0:00,27.7,81,South-West,2,11,0,1.901896723,101.16,0,1
3/18/2024 1:00,27.6,82,West,0,6,0,1.901739398,101.1583333,0,1
3/18/2024 2:00,29.1,77,South-East,11,18,0,1.901739398,101.125,0,1
3/18/2024 3:00,28.8,74,South-East,11,15,0,1.901896723,101.1083333,0,1
3/18/2024 4:00,28.9,75,South-East,12,17,0,1.901739398,101.0933333,0,1
3/18/2024 5:00,28.7,74,South-East,7,15,0,1.901739398,101.0916667,0,1
3/18/2024 6:00,28.7,77,South-East,9,13,0,2.784527665,101.1266667,0,1
3/18/2024 7:00,29.3,76,South-East,9,12,0,113.5846582,101.145,0,1
3/18/2024 8:00,29.7,73,South-East,10,15,0,393.3769825,101.1883333,0,1
3/18/2024 9:00,29.9,75,South-East,10,17,0,547.0104039,101.2266667,0,1
3/18/2024 10:00,30,72,South-East,7,16,0,725.6808042,101.2216667,0,1
3/18/2024 11:00,30.5,69,South-East,7,12,0,861.1003448,101.1916667,0,1
3/18/2024 12:00,30.6,67,South-East,7,12,0,941.916149,101.165,0,1
3/18/2024 13:00,31.1,68,South-East,7,12,0,963.1625178,101.12,0,1
3/18/2024 14:00,30.9,66,South-East,7,14,0,886.307901,101.045,0,1
3/18/2024 15:00,31,66,South-East,8,14,0,718.8861358,100.9916667,0,1
3/18/2024 16:00,31.1,67,South-East,6,14,0,511.0991128,100.9616667,0,1
3/18/2024 17:00,30.8,68,South-East,8,15,0,375.9022705,100.985,0,1
3/18/2024 18:00,29.3,76,South-East,13,26,0,107.4432778,101.0466667,0,1
3/18/2024 19:00,29.4,68,South-East,8,17,0,3.246887684,101.0983333,0,1
3/18/2024 20:00,29.3,73,East South-East,9,14,0,1.901896723,101.165,0,1
3/18/2024 21:00,29.4,72,East South-East,10,15,0,1.901739398,101.2266667,0,1
3/18/2024 22:00,29.3,74,East South-East,8,17,0,1.901739398,101.265,0,1
3/18/2024 23:00,29.2,73,East South-East,10,17,0,1.901896723,101.26,0,1
3/19/2024 0:00,29.1,77,East,10,17,0,1.901739398,101.205,0,1
3/19/2024 1:00,29,77,East South-East,9,15,0,1.901739398,101.1683333,0,1
3/19/2024 2:00,28.9,74,East South-East,8,15,0,1.901896723,101.1183333,0,1
3/19/2024 3:00,28.8,77,East South-East,9,13,0,1.901739398,101.0866667,0,1
3/19/2024 4:00,28.7,76,East South-East,9,15,0,1.901739398,101.0866667,0,1
3/19/2024 5:00,28.7,76,East South-East,8,14,0,1.901896723,101.1133333,0,1
3/19/2024 6:00,28.8,77,East South-East,8,13,0,2.789765666,101.1533333,0,1
3/19/2024 7:00,29.3,75,East South-East,9,13,0,114.2509763,101.1683333,0,1
3/19/2024 8:00,29.5,72,East South-East,9,15,0,371.9126536,101.2,0,1
3/19/2024 9:00,29.8,72,East South-East,9,16,0,575.2409716,101.23,0,1
3/19/2024 10:00,30,72,East South-East,10,16,0,677.6158699,101.2383333,0,1
3/19/2024 11:00,29.6,76,South-East,15,21,0,797.0342983,101.1966667,0,1
3/19/2024 12:00,29,79,East South-East,17,32,0,847.6626325,101.1383333,0,1
3/19/2024 13:00,29.4,79,East South-East,15,26,0,879.3521317,101.0766667,0,1
3/19/2024 14:00,29.5,76,East South-East,12,22,0,791.7416591,101.005,0,1
3/19/2024 15:00,29.9,72,East South-East,8,23,0,732.2196064,100.975,0,1
3/19/2024 16:00,30,72,South-East,10,17,0,541.8551744,100.9783333,0,1
3/19/2024 17:00,29.9,73,South-East,12,20,0,342.905011,101.015,0,1
3/19/2024 18:00,29.5,75,South-East,16,23,0,91.46970664,101.0616667,0,1
3/19/2024 19:00,28.7,81,East South-East,19,32,0,2.84479244,101.1166667,0,1
3/19/2024 20:00,29,77,East South-East,16,25,0,1.901739398,101.1716667,0,1
3/19/2024 21:00,29.1,76,East South-East,21,26,0,1.901739398,101.2166667,0,1
3/19/2024 22:00,29.1,76,East South-East,22,28,0,1.901896723,101.255,0,1
3/19/2024 23:00,28.9,76,East South-East,19,28,0,1.901739398,101.2233333,0,1
3/20/2024 0:00,28.9,76,East South-East,18,26,0,1.901739398,101.19,0,1
3/20/2024 1:00,28.8,78,East South-East,17,22,0,1.901896723,101.16,0,1
3/20/2024 2:00,28.8,76,East South-East,16,22,0,1.901739398,101.1133333,0,1
3/20/2024 3:00,28.8,78,East,16,22,0,1.901739398,101.0766667,0,1
3/20/2024 4:00,28.8,78,East South-East,13,21,0,1.901896723,101.08,0,1
3/20/2024 5:00,28.7,76,East South-East,14,21,0,1.901739398,101.115,0,1
3/20/2024 6:00,27.9,77,East South-East,18,29,0,2.7593649,101.16,0,1
3/20/2024 7:00,29.1,73,East South-East,16,21,0,115.1086019,101.1966667,0,1
3/20/2024 8:00,29.4,72,East South-East,14,22,0,395.4239118,101.2133333,0,1
3/20/2024 9:00,29.4,72,East,15,21,0,553.8714079,101.2566667,0,1
3/20/2024 10:00,29.7,70,East,13,20,0,720.658246,101.2733333,0,1
3/20/2024 11:00,29.8,72,East,12,18,0,865.5922176,101.24,0,1
3/20/2024 12:00,29.9,69,East,11,18,0,995.0415475,101.18,0,1
3/20/2024 13:00,30,70,East,9,17,0,924.7352094,101.1083333,0,1
3/20/2024 14:00,30.2,70,East,8,15,0,944.4369046,101.0416667,0,1
3/20/2024 15:00,30.1,67,East,8,15,0,691.5463615,101,0,1
3/20/2024 16:00,29.2,79,East South-East,21,28,0,670.214704,100.995,0,1
3/20/2024 17:00,29.4,77,East South-East,19,27,0,344.4212549,101.0366667,0,1
3/20/2024 18:00,28.7,80,East South-East,21,32,0,88.95487386,101.0833333,0,1
3/20/2024 19:00,28.2,83,East South-East,18,31,0,2.988726416,101.16,0,1
3/20/2024 20:00,28.2,80,East,19,27,0,1.901739398,101.2283333,0,1
3/20/2024 21:00,28.4,82,East,18,27,0,1.901896723,101.2816667,0,1
3/20/2024 22:00,28.6,77,East South-East,17,26,0,1.901739398,101.3016667,0,1
3/20/2024 23:00,28.8,70,East South-East,14,22,0,1.901739398,101.3,0,1
3/21/2024 0:00,28.8,70,East,17,24,0,1.901896723,101.2633333,0,1
3/21/2024 1:00,28.7,74,East South-East,19,27,0,1.901739398,101.21,0,1
3/21/2024 2:00,28.4,72,East South-East,19,30,0,1.901739398,101.16,0,1
3/21/2024 3:00,28.3,71,East South-East,17,25,0,1.901896723,101.1283333,0,1
3/21/2024 4:00,28.1,73,East South-East,18,27,0,1.901739398,101.1066667,0,1
3/21/2024 5:00,28.1,72,East South-East,19,26,0,1.901896723,101.125,0,1
3/21/2024 6:00,28.1,70,East South-East,18,24,0,2.742059137,101.2,0,1
3/21/2024 7:00,28.4,70,East South-East,17,26,0,113.6897884,101.2566667,0,1
3/21/2024 8:00,28.98334055,67.95997169,East South-East,18.56347351,26.1016513,0,393.3390764,101.2883333,1,1
3/21/2024 9:00,28.9,70,East South-East,14,23,0,548.4318827,101.3166667,0,1
3/21/2024 10:00,29,67,East,12,23,0,730.2484891,101.325,0,1
3/21/2024 11:00,29.3,68,East,9,19,0,881.9486995,101.3216667,0,1
3/21/2024 12:00,29.3,67,East,13,21,0,948.8719182,101.275,0,1
3/21/2024 13:00,29,73,East,13,21,0,628.6411893,101.2316667,0,1
3/21/2024 14:00,29.2,66,East,9,18,0,642.5148217,101.1866667,0,1
3/21/2024 15:00,29.4,69,East South-East,10,22,0,647.1677955,101.14,0,1
3/21/2024 16:00,29.52688007,67.04937636,East South-East,13.04750293,23.98899807,0,455.5903683,101.1166667,1,1
3/21/2024 17:00,28.5,74,East,14,22,0,165.4310219,101.15,0,1
3/21/2024 18:00,28.5,68,East,12,21,0,50.4418325,101.2016667,0,1
3/21/2024 19:00,28.6,70,East South-East,7,17,0,2.494632995,101.2666667,0,1
3/21/2024 20:00,26.7,82,South South-West,3,17,0,1.901739398,101.3266667,0,1
3/21/2024 21:00,27.8,78,South,5,12,0,1.901739398,101.3716667,0,1
3/21/2024 22:00,26.8,81,South-West,3,9,0,1.901896723,101.4083333,0,1
3/21/2024 23:00,28.1,76,East South-East,4,10,0,1.901739398,101.4083333,0,1
3/22/2024 0:00,26.7,81,East South-East,19,35,0.2,1.901739398,101.375,0,1
3/22/2024 1:00,26.2,82,East North-East,2,19,0,1.901896723,101.345,0,1
3/22/2024 2:00,25.9,85,East South-East,14,23,0,1.901739398,101.3133333,0,1
3/22/2024 3:00,26.2,84,East,14,22,0.2,1.901739398,101.2633333,0,1
3/22/2024 4:00,26.9,79,North-East,8,18,0,1.901896723,101.2216667,0,1
3/22/2024 5:00,27.9,72,East,10,15,0,1.901739398,101.225,0,1
3/22/2024 6:00,28,68,East South-East,13,22,0,2.703255359,101.255,0,1
3/22/2024 7:00,28.4,69,East South-East,13,22,0,115.5063197,101.3033333,0,1
3/22/2024 8:00,28.6,71,East South-East,16,23,0,389.1409758,101.355,0,1
3/22/2024 9:00,28.5,67,East South-East,12,21,0,450.7668172,101.4033333,0,1
3/22/2024 10:00,28.9,64,East,12,22,0,708.2345218,101.4033333,0,1
3/22/2024 11:00,29.1,65,East,11,21,0,914.292079,101.355,0,1
3/22/2024 12:00,29.1,65,East,12,19,0,1091.929538,101.3066667,0,1
3/22/2024 13:00,29.3,62,East North-East,10,23,0,932.401718,101.2366667,0,1
3/22/2024 14:00,29.4,63,East North-East,10,18,0,889.6246847,101.1716667,0,1
3/22/2024 15:00,29.6,59,East North-East,7,17,0,731.1771886,101.1166667,0,1
3/22/2024 16:00,29.1,62,East North-East,5,12,0,425.28918,101.0883333,0,1
3/22/2024 17:00,29.7,58,North North-East,4,15,0,221.5059889,101.1,0,1
3/22/2024 18:00,28.9,60,East,3,8,0,113.9216671,101.1383333,0,1
3/22/2024 19:00,28.3,63,East,5,11,0,2.906630467,101.2266667,0,1
3/22/2024 20:00,27.4,70,South-East,4,11,0,1.901739398,101.3083333,0,1
3/22/2024 21:00,28.4,64,East,8,17,0,1.901896723,101.4133333,0,1
3/22/2024 22:00,26.9,70,East South-East,4,12,0,1.901739398,101.435,0,1
3/22/2024 23:00,28.2,66,East,5,10,0,1.901739398,101.4433333,0,1
3/23/2024 0:00,27,70,East South-East,5,10,0,1.901896723,101.4483333,0,1
3/23/2024 1:00,27.8,69,East South-East,5,12,0,1.901739398,101.43,0,1
3/23/2024 2:00,25.2,76,East South-East,0,10,0,1.901739398,101.3983333,0,1
3/23/2024 3:00,24.9,79,South-East,4,10,0,1.901896723,101.36,0,1
3/23/2024 4:00,27.7,69,East South-East,6,11,0,1.901739398,101.3633333,0,1
3/23/2024 5:00,27.6,70,East South-East,6,11,0,1.901739398,101.3883333,0,1
3/23/2024 6:00,28.1,69,East South-East,10,14,0,2.71494369,101.4283333,0,1
3/23/2024 7:00,28.6,68,East South-East,9,15,0,112.1211274,101.44,0,1
3/23/2024 8:00,29.2,66,East,8,17,0,380.6879157,101.45,0,1
3/23/2024 9:00,29,68,East South-East,9,17,0,540.1683529,101.4516667,0,1
3/23/2024 10:00,29.1,69,East,8,15,0,722.1744899,101.4583333,0,1
3/23/2024 11:00,29.5,67,East,12,19,0,871.5245222,101.4633333,0,1
3/23/2024 12:00,29.6,70,East North-East,14,22,0,1003.911575,101.42,0,1
3/23/2024 13:00,29.6,70,East North-East,14,22,0,913.9035414,101.3816667,0,1
3/23/2024 14:00,29.4,72,East,15,26,0,600.7328236,101.33,0,1
3/23/2024 15:00,30.2,67,East North-East,11,20,0,505.7069703,101.2933333,0,1
3/23/2024 16:00,30.3,66,North North-East,9,21,0,570.8722936,101.2683333,0,1
3/23/2024 17:00,29.7,71,East North-East,8,16,0,282.6414201,101.245,0,1
3/23/2024 18:00,29.2,75,East North-East,11,19,0,48.99414525,101.295,0,1
3/23/2024 19:00,29.2,76,East North-East,8,18,0,2.535685597,101.37,0,1
3/23/2024 20:00,28.4,77,East North-East,4,11,0,1.901739398,101.4466667,0,1
3/23/2024 21:00,28.5,82,South-West,5,9,0,1.901739398,101.55,0,1
3/23/2024 22:00,27.6,82,South South-West,4,16,0,1.901739398,101.6016667,0,1
3/23/2024 23:00,28.5,82,South-East,10,15,0,1.902063302,101.5866667,0,1
3/24/2024 0:00,28.6,80,South-East,9,14,0,1.901739398,101.5383333,0,1
3/24/2024 1:00,28.4,80,South-East,10,18,0,1.902063302,101.4783333,0,1
3/24/2024 2:00,28.6,81,East South-East,12,17,0,1.901739398,101.4316667,0,1
3/24/2024 3:00,28.4,82,East South-East,15,22,0,1.901739398,101.4033333,0,1
3/24/2024 4:00,28.3,79,East South-East,15,21,0,1.901896723,101.4033333,0,1
3/24/2024 5:00,28.6,78,East South-East,16,22,0,1.901739398,101.4116667,0,1
3/24/2024 6:00,28.6,77,East South-East,13,23,0,2.471783835,101.44,0,1
3/24/2024 7:00,29,78,East South-East,19,25,0,102.3764464,101.4716667,0,1
3/24/2024 8:00,29.37893441,74.43312763,East South-East,17.47997929,23.98899807,0,357.7642019,101.5116667,1,1
3/24/2024 9:00,29.4,75,East South-East,16,24,0,546.1669932,101.5666667,0,1
3/24/2024 10:00,29.6,77,East,15,24,0,744.6717601,101.575,0,1
3/24/2024 11:00,29.6,75,East,18,24,0,868.9279543,101.575,0,1
3/24/2024 12:00,29.7,76,East,19,26,0,920.935123,101.5283333,0,1
3/24/2024 13:00,29.7,75,East,14,23,0,918.6418039,101.455,0,1
3/24/2024 14:00,29.9,75,East,14,21,0,804.4686321,101.4033333,0,1
3/24/2024 15:00,29.6,77,East,18,27,0,660.0653459,101.3533333,0,1
3/24/2024 16:00,29.8,74,East North-East,15,24,0,525.2333497,101.3133333,0,1
3/24/2024 17:00,29.6,75,East,13,21,0,324.2457334,101.3183333,0,1
3/24/2024 18:00,29.58316375,73.6586494,East,15.0113362,21.87634484,0,98.00495512,101.3583333,1,1
3/24/2024 19:00,29.38858304,73.24108602,East,14.66658804,19.95232136,0,2.590851187,101.415,1,1
3/24/2024 20:00,29.38054251,73.80536401,East North-East,13.11522132,20.63138847,0,1.901739398,101.4916667,1,1
3/24/2024 21:00,29.32908315,73.96638808,East North-East,10.80048366,18.707365,0,1.901896723,101.525,1,1
3/24/2024 22:00,29.12967811,76.43268735,East South-East,13.23218944,23.53628666,0,1.901739398,101.555,1,1
3/24/2024 23:00,28.66976006,79.57583336,East South-East,17.56001011,25.7998437,0.078347472,1.901739398,101.5566667,1,1
3/25/2024 0:00,28.52824681,79.89862214,South-East,21.00133551,32.40188504,0,1.903007253,101.5416667,1,1
3/25/2024 1:00,28.30954451,80.06665681,East South-East,18.56347351,27.34660767,0,1.902997999,101.495,1,1
3/25/2024 2:00,28.50090902,78.56229762,East South-East,17.76932149,25.34713229,0,1.901896723,101.4516667,1,1
3/25/2024 3:00,28.55880081,78.76931694,South-East,15.3683968,21.87634484,0,1.902063302,101.4183333,1,1
3/25/2024 4:00,28.53307112,80.12213195,South-East,19.46843743,28.59156403,0,1.901739398,101.3816667,1,1
3/25/2024 5:00,28.4,85,East South-East,23,30,0,1.901739398,101.385,0,1
3/25/2024 6:00,28.4,85,East South-East,18,34,0,2.138615502,101.46,0,1
3/25/2024 7:00,28.4,85,South-East,26,33,0.6,43.4711081,101.51,0,1
3/25/2024 8:00,28.8,82,East South-East,23,34,0,233.081564,101.5633333,0,1
3/25/2024 9:00,29.1,81,East South-East,23,34,0,618.4444486,101.6016667,0,1
3/25/2024 10:00,28.5,84,East South-East,27,35,0,527.3750443,101.64,0,1
3/25/2024 11:00,28.5,82,East South-East,30,39,0,838.9821357,101.57,0,1
3/25/2024 12:00,29,80,East South-East,25,39,0,823.5164471,101.515,0,1
3/25/2024 13:00,29.2,79,East South-East,26,37,0,944.929684,101.4283333,0,1
3/25/2024 14:00,29.6,76,East South-East,26,34,0,875.4667565,101.3766667,0,1
3/25/2024 15:00,29.5,74,East South-East,23,35,0,510.1182925,101.3466667,0,1
3/25/2024 16:00,29.5,76,East South-East,27,33,0,501.2672183,101.33,0,1
3/25/2024 17:00,29.4,74,East South-East,24,38,0,329.2682916,101.3633333,0,1
3/25/2024 18:00,29.3,77,East South-East,26,37,0,98.60286461,101.4316667,0,1
3/25/2024 19:00,29.1,76,East South-East,26,35,0,2.664433071,101.4716667,0,1
3/25/2024 20:00,28.9,78,East South-East,27,39,0,1.901739398,101.4983333,0,1
3/25/2024 21:00,29,76,East South-East,28,38,0,1.901739398,101.5266667,0,1
3/25/2024 22:00,29,78,East South-East,26,36,0,1.901896723,101.5716667,0,1
3/25/2024 23:00,28.9,77,East South-East,25,34,0,1.901739398,101.5866667,0,1
3/26/2024 0:00,28.9,72,East South-East,27,33,0,1.901739398,101.5683333,0,1
3/26/2024 1:00,28.7,77,East South-East,27,36,0,1.902063302,101.5333333,0,1
3/26/2024 2:00,28.6,76,East South-East,24,35,0,1.901739398,101.4966667,0,1
3/26/2024 3:00,28.5,74,East South-East,26,33,0,1.901739398,101.4716667,0,1
3/26/2024 4:00,28.4,77,East South-East,26,35,0,1.901896723,101.42,0,1
3/26/2024 5:00,28.3,78,East South-East,21,33,0,1.901739398,101.425,0,1
3/26/2024 6:00,28.2,80,East South-East,23,33,0,2.610553845,101.455,0,1
3/26/2024 7:00,28.6,79,East South-East,25,34,0,99.15427991,101.49,0,1
3/26/2024 8:00,28.8,75,East South-East,28,36,0,365.4212341,101.455,0,1
3/26/2024 9:00,29,77,East South-East,26,36,0,537.2780129,101.4933333,0,1
3/26/2024 10:00,29.19561043,75.31847596,East South-East,27.37302027,38.02305167,0,716.5833403,101.505,1,1
3/26/2024 11:00,29.26315084,76.33892821,East South-East,27.99479821,37.34398456,0,729.0923531,101.455,1,1
3/26/2024 12:00,29.4,79,East South-East,31,40,0,873.561975,101.3833333,0,1
3/26/2024 13:00,29.7,75,East South-East,26,40,0,838.7073164,101.3616667,0,1
3/26/2024 14:00,29.6,74,East South-East,27,37,0,875.1066486,101.3116667,0,1
3/26/2024 15:00,29.6,77,East South-East,28,37,0,724.9416352,101.2416667,0,1
3/26/2024 16:00,29.7,74,East South-East,29,37,0,530.5970629,101.1916667,0,1
3/26/2024 17:00,29.5,78,East South-East,29,38,0,328.3443304,101.195,0,1
3/26/2024 18:00,29.3,78,East South-East,31,37,0,87.8064375,101.24,0,1
3/26/2024 19:00,29.1,79,East South-East,28,41,0,2.453765481,101.3066667,0,1
3/26/2024 20:00,29.1,79,East South-East,29,42,0,1.901739398,101.3866667,0,1
3/26/2024 21:00,29,79,East South-East,30,40,0,1.901739398,101.425,0,1
3/26/2024 22:00,29,79,East South-East,30,40,0,1.901739398,101.4566667,0,1
3/26/2024 23:00,28.9,78,East South-East,30,40,0,1.901896723,101.4733333,0,1
3/27/2024 0:00,28.7,76,East South-East,32,40,0,1.901739398,101.4516667,0,1
3/27/2024 1:00,28.6,77,East South-East,35,45,0,1.901739398,101.405,0,1
3/27/2024 2:00,28.5,77,East South-East,32,43,0,1.902063302,101.3433333,0,1
3/27/2024 3:00,28.3,76,East South-East,35,46,0,1.901739398,101.315,0,1
3/27/2024 4:00,28.3,73,East South-East,39,51,0,1.901739398,101.2816667,0,1
3/27/2024 5:00,28.2,79,East South-East,34,47,0,1.901896723,101.2966667,0,1
3/27/2024 6:00,28,74,East South-East,32,45,0,2.640417855,101.3233333,0,1
3/27/2024 7:00,28.3,70,East South-East,36,48,0,91.5179777,101.315,0,1
3/27/2024 8:00,28.4,71,East South-East,31,47,0,288.4694829,101.325,0,1
3/27/2024 9:00,28.6,71,East South-East,28,40,0,557.4061518,101.37,0,1
3/27/2024 10:00,29,76,East South-East,30,41,0,710.80266,101.3616667,0,1
3/27/2024 11:00,28.8,76,East South-East,28,39,0,813.5187133,101.335,0,1
3/27/2024 12:00,28.8,72,East South-East,30,42,0,775.3662241,101.2766667,0,1
3/27/2024 13:00,28.9,71,East South-East,32,42,0,934.7708492,101.21,0,1
3/27/2024 14:00,29,71,East South-East,31,41,0,862.3512461,101.155,0,1
3/27/2024 15:00,29.1,74,East South-East,28,39,0,689.6700096,101.1166667,0,1
3/27/2024 16:00,29.26315084,70.33785813,East South-East,29.73700767,40.6638682,0,524.5131339,101.09,1,1
3/27/2024 17:00,28.8,77,East South-East,28,39,0,319.995512,101.1083333,0,1
3/27/2024 18:00,28.5,77,East South-East,28,39,0,79.2371418,101.16,0,1
3/27/2024 19:00,28.4,76,East South-East,30,41,0,2.335586553,101.2016667,0,1
3/27/2024 20:00,28.4,73,East South-East,30,40,0,1.901739398,101.27,0,1
3/27/2024 21:00,28.3,72,East South-East,28,41,0,1.901896723,101.3366667,0,1
3/27/2024 22:00,28.3,73,East South-East,26,37,0,1.901739398,101.3866667,0,1
3/27/2024 23:00,28.2,73,East South-East,24,33,0,1.901739398,101.4,0,1
3/28/2024 0:00,28.1,75,East South-East,23,31,0,1.901896723,101.3733333,0,1
3/28/2024 1:00,28.3,76,East South-East,28,35,0,1.901739398,101.32,0,1
3/28/2024 2:00,28.3,78,East South-East,28,37,0,1.901739398,101.2616667,0,1
3/28/2024 3:00,28.1,79,South-East,30,42,0,1.901739398,101.2233333,0,1
3/28/2024 4:00,28.3,77,South-East,30,40,0,1.901739398,101.2216667,0,1
3/28/2024 5:00,27.9,80,South-East,34,45,0,1.901739398,101.2166667,0,1
3/28/2024 6:00,27.8,79,East South-East,32,44,0,2.393167547,101.235,0,1
3/28/2024 7:00,28.2,78,East South-East,25,40,0,42.30519939,101.3133333,0,1
3/28/2024 8:00,28.6,74,East South-East,30,42,0,178.0419075,101.355,0,1
3/28/2024 9:00,28.7,72,East South-East,29,38,0,522.9305542,101.3933333,0,1
3/28/2024 10:00,28.9,73,East South-East,27,37,0,691.8164425,101.4033333,0,1
3/28/2024 11:00,29.1,74,East South-East,28,37,0,823.7723132,101.4033333,0,1
3/28/2024 12:00,29.1,73,East South-East,29,41,0,848.6955737,101.3766667,0,1
3/28/2024 13:00,29,74,East South-East,31,38,0,926.4030778,101.3333333,0,1
3/28/2024 14:00,29.1,75,East South-East,30,44,0,841.2754548,101.29,0,1
3/28/2024 15:00,29.1,75,East South-East,28,45,0,667.4570353,101.2533333,0,1
3/28/2024 16:00,29,69,East South-East,28,39,0,529.6399338,101.21,0,1
3/28/2024 17:00,29,73,East South-East,27,40,0,313.8831534,101.21,0,1
3/28/2024 18:00,28.8,76,East South-East,26,38,0,69.66377867,101.2683333,0,1
3/28/2024 19:00,28.7,75,East South-East,26,34,0,2.133766187,101.33,0,1
3/28/2024 20:00,28.6,76,East South-East,27,35,0,1.901739398,101.4016667,0,1
3/28/2024 21:00,28.6,77,East South-East,28,35,0,1.901739398,101.4466667,0,1
3/28/2024 22:00,28.6,78,East South-East,27,38,0,1.901896723,101.46,0,1
3/28/2024 23:00,28.5,75,East South-East,24,37,0,1.901739398,101.4533333,0,1
3/29/2024 0:00,28.5,77,East South-East,26,36,0,1.901739398,101.425,0,1
3/29/2024 1:00,28.5,78,East South-East,25,36,0,1.901896723,101.3733333,0,1
3/29/2024 2:00,28.4,77,East South-East,27,38,0,1.901739398,101.3316667,0,1
3/29/2024 3:00,28.4,78,East South-East,26,38,0,1.901739398,101.2933333,0,1
3/29/2024 4:00,28.3,79,East South-East,29,37,0,1.901896723,101.2566667,0,1
3/29/2024 5:00,28.3,76,East South-East,29,39,0,1.901739398,101.24,0,1
3/29/2024 6:00,28.3,78,East South-East,30,40,0,2.505081234,101.2483333,0,1
3/29/2024 7:00,28.5,78,East South-East,30,42,0,90.30024425,101.2666667,0,1
3/29/2024 8:00,28.8,75,East South-East,33,44,0,348.5008989,101.2916667,0,1
3/29/2024 9:00,29,75,East,34,45,0,498.3626634,101.3266667,0,1
3/29/2024 10:00,29.158624,73.51839581,East,35.25913446,50.20853369,0,702.1695459,101.3416667,1,1
3/29/2024 11:00,29.1,74,East South-East,33,48,0,755.0485548,101.3316667,0,1
3/29/2024 12:00,29.3,73,East South-East,34,48,0,906.1043615,101.285,0,1
3/29/2024 13:00,29.2,75,East South-East,34,48,0,908.6914528,101.2333333,0,1
3/29/2024 14:00,29.2,73,East South-East,32,48,0,863.6590065,101.1533333,0,1
3/29/2024 15:00,29.2,73,East South-East,31,42,0,720.2223258,101.115,0,1
3/29/2024 16:00,29.2,76,East South-East,31,43,0,497.9883407,101.1183333,0,1
3/29/2024 17:00,29,75,East South-East,31,42,0,198.9305375,101.1633333,0,1
3/29/2024 18:00,28.9,77,East South-East,33,42,0,77.52529642,101.2166667,0,1
3/29/2024 19:00,28.7,77,East South-East,31,42,0,2.194752807,101.2583333,0,1
3/29/2024 20:00,28.6,79,East South-East,29,40,0,1.901896723,101.3016667,0,1
3/29/2024 21:00,28.6,81,East South-East,32,42,0,1.901739398,101.3466667,0,1
3/29/2024 22:00,28.7,80,East South-East,33,45,0,1.901739398,101.3866667,0,1
3/29/2024 23:00,28.7,77,East South-East,32,44,0,1.901896723,101.3916667,0,1
3/30/2024 0:00,28.7,79,East South-East,30,44,0,1.901739398,101.38,0,1
3/30/2024 1:00,28.6,77,East South-East,32,41,0,1.901739398,101.3266667,0,1
3/30/2024 2:00,28.4,82,East South-East,33,42,0,1.901896723,101.2616667,0,1
3/30/2024 3:00,28.3,81,East South-East,31,41,0,1.901739398,101.19,0,1
3/30/2024 4:00,28.3,80,East South-East,30,40,0,1.901739398,101.1866667,0,1
3/30/2024 5:00,28.3,80,East South-East,30,37,0,1.901896723,101.195,0,1
3/30/2024 6:00,28.2,79,East South-East,28,42,0,2.448277611,101.1916667,0,1
3/30/2024 7:00,28.3,82,East South-East,26,38,0,78.69623952,101.215,0,1
3/30/2024 8:00,28.4,82,East South-East,31,41,0,252.2857417,101.2583333,0,1
3/30/2024 9:00,28.6,80,East South-East,34,44,0,453.8561643,101.2833333,0,1
3/30/2024 10:00,28.6,78,East South-East,36,49,0,676.8672245,101.2566667,0,1
3/30/2024 11:00,28.4,82,East South-East,38,51,0,673.7115417,101.2166667,0,1
3/30/2024 12:00,28.3,83,East South-East,34,54,0.8,508.8484383,101.1816667,0,1
3/30/2024 13:00,28.7,82,East South-East,35,53,0.2,585.0396983,101.055,0,1
3/30/2024 14:00,29.1,82,East South-East,36,49,0,521.7365121,100.9766667,0,1
3/30/2024 15:00,29.1,83,East South-East,38,49,0,602.0311074,100.91,0,1
3/30/2024 16:00,29.2,80,East South-East,36,54,0,346.9657018,100.8983333,0,1
3/30/2024 17:00,29.2,78,East South-East,36,49,0,271.0919054,100.91,0,1
3/30/2024 18:00,28.9,78,East South-East,37,49,0,58.70077202,100.9766667,0,1
3/30/2024 19:00,28.9,79,East South-East,35,48,0,2.14996142,101.0416667,0,1
3/30/2024 20:00,28.8,79,East South-East,35,46,0,1.901896723,101.1033333,0,1
3/30/2024 21:00,28.7,82,East South-East,36,47,0,1.901739398,101.15,0,1
3/30/2024 22:00,28.7,80,East South-East,34,47,0,1.901739398,101.17,0,1
3/30/2024 23:00,28.7,82,East South-East,33,48,0,1.901896723,101.135,0,1
3/31/2024 0:00,28.7,83,East South-East,36,48,0,1.901739398,101.105,0,1
3/31/2024 1:00,28.5,81,East South-East,36,48,0,1.901739398,101.0866667,0,1
3/31/2024 2:00,28.7,83,East South-East,37,48,0,1.901896723,101.0233333,0,1
3/31/2024 3:00,28.6,83,East South-East,33,45,0,1.901739398,100.98,0,1
3/31/2024 4:00,28.3,83,East South-East,39,49,0,1.901739398,100.9416667,0,1
3/31/2024 5:00,28.2,86,East South-East,34,49,0,1.901896723,100.935,0,1
3/31/2024 6:00,28.4,85,East South-East,36,47,0,2.512308935,100.9733333,0,1
3/31/2024 7:00,28.4,84,East South-East,33,45,0,41.1386984,101.0316667,0,1
3/31/2024 8:00,28.8,82,East South-East,36,46,0,245.7256174,101.0666667,0,1
3/31/2024 9:00,28.9,83,East South-East,36,46,0,535.0699826,101.0716667,0,1
3/31/2024 10:00,29,82,East South-East,35,48,0,581.7181763,101.0883333,0,1
3/31/2024 11:00,28.8,83,East South-East,37,50,0,809.3679954,101.045,0,1
3/31/2024 12:00,28.6,83,East South-East,32,58,0,865.9902316,101.005,0,1
3/31/2024 13:00,28.8,83,East South-East,37,49,0,846.6675973,100.9383333,0,1
3/31/2024 14:00,29,82,East South-East,41,57,0,658.5964845,100.8616667,0,1
3/31/2024 15:00,28.9,81,East South-East,40,55,0,653.9056047,100.8116667,0,1
3/31/2024 16:00,29,81,East South-East,42,59,0,537.0410997,100.7816667,0,1
3/31/2024 17:00,28.9,82,East South-East,38,53,0,305.7072816,100.81,0,1
3/31/2024 18:00,28.8,80,East South-East,41,59,0,52.61129039,100.8716667,0,1
3/31/2024 19:00,28.7,82,East South-East,38,55,0,2.095434384,100.935,0,1
3/31/2024 20:00,28.7,79,East South-East,39,54,0,1.901739398,100.9833333,0,1
3/31/2024 21:00,28.6,83,East South-East,37,55,0,1.901896723,101.0283333,0,1
3/31/2024 22:00,28.4,83,East South-East,35,51,0,1.901739398,101.045,0,1
3/31/2024 23:00,28.5,82,East South-East,37,50,0,1.901739398,101.03,0,1
4/1/2024 0:00,28.2,81,East South-East,38,55,0,1.901896723,100.9983333,0,1
4/1/2024 1:00,28,81,East South-East,37,57,0,1.901739398,100.9766667,0,1
4/1/2024 2:00,28,83,East South-East,39,53,0,1.901739398,100.9333333,0,1
4/1/2024 3:00,27.5,87,East South-East,38,58,0,1.901896723,100.89,0,1
4/1/2024 4:00,27.9,80,East South-East,37,54,0,1.901739398,100.8533333,0,1
4/1/2024 5:00,28.1,80,East South-East,38,54,0,1.901739398,100.8533333,0,1
4/1/2024 6:00,27.9,80,East South-East,37,53,0,2.422735415,100.875,0,1
4/1/2024 7:00,28.1,80,East South-East,36,50,0,79.84141833,100.9183333,0,1
4/1/2024 8:00,28.4,79,East South-East,35,53,0,287.3441455,100.945,0,1
4/1/2024 9:00,28.7,75,East South-East,35,48,0,434.8888998,100.9866667,0,1
4/1/2024 10:00,28.7,76,East South-East,36,49,0,570.9101997,101.0233333,0,1
4/1/2024 11:00,28.98334055,73.99403623,East South-East,34.56348192,47.6054431,0,821.0525506,101.02,1,1
4/1/2024 12:00,29,74,East South-East,32,48,0,929.5019014,100.9716667,0,1
4/1/2024 13:00,29,76,East South-East,32,46,0,901.5082469,100.905,0,1
4/1/2024 14:00,28.9,75,East South-East,34,47,0,756.3752682,100.8466667,0,1
4/1/2024 15:00,29,73,East South-East,33,47,0,693.9154927,100.7916667,0,1
4/1/2024 16:00,29,73,East South-East,33,44,0,505.4084597,100.7783333,0,1
4/1/2024 17:00,28.9,74,East South-East,34,44,0,297.8109672,100.8233333,0,1
4/1/2024 18:00,28.7,74,East South-East,31,45,0,66.76855225,100.8983333,0,1
4/1/2024 19:00,28.7,74,East South-East,31,46,0,2.125168832,100.9533333,0,1
4/1/2024 20:00,28.7,75,East South-East,30,41,0,1.901739398,100.9933333,0,1
4/1/2024 21:00,28.8,73,East South-East,32,43,0,1.901739398,101.05,0,1
4/1/2024 22:00,28.6,78,East South-East,30,43,0,1.901896723,101.0433333,0,1
4/1/2024 23:00,28.5,78,East South-East,32,45,0,1.901739398,100.9933333,0,1
4/2/2024 0:00,28.4,78,East South-East,31,44,0,1.901739398,100.975,0,1
4/2/2024 1:00,28.4,78,East South-East,33,48,0,1.901896723,100.9516667,0,1
4/2/2024 2:00,28.5,79,East South-East,33,44,0,1.901739398,100.9016667,0,1
4/2/2024 3:00,28.4,79,East South-East,33,43,0,1.901739398,100.875,0,1
4/2/2024 4:00,28.4,78,East South-East,32,46,0,1.901896723,100.855,0,1
4/2/2024 5:00,28.5,77,East South-East,32,44,0,1.901739398,100.87,0,1
4/2/2024 6:00,28.5,79,East,32,44,0,2.403023503,100.9083333,0,1
4/2/2024 7:00,28.5,78,East South-East,32,45,0,80.91715198,100.9466667,0,1
4/2/2024 8:00,28.8,76,East,34,45,0,324.203089,101.0083333,0,1
4/2/2024 9:00,28.9,75,East,33,44,0,460.8640544,101.1,0,1
4/2/2024 10:00,29.1,74,East,32,44,0,664.4908829,101.1016667,0,1
4/2/2024 11:00,29.1,74,East South-East,35,49,0,848.2312239,101.0416667,0,1
4/2/2024 12:00,29,74,East South-East,33,44,0,846.4117312,100.95,0,1
4/2/2024 13:00,29.2,71,East South-East,32,44,0,935.5858304,100.885,0,1
4/2/2024 14:00,29.2,74,East,31,43,0,801.2087075,100.8316667,0,1
4/2/2024 15:00,29.1,73,East,32,44,0,667.0779742,100.7916667,0,1
4/2/2024 16:00,29.1,73,East,35,46,0,411.0743927,100.805,0,1
4/2/2024 17:00,28.8,76,East South-East,36,47,0,288.1306971,100.8033333,0,1
4/2/2024 18:00,28.8,75,East South-East,36,48,0,61.5441737,100.8633333,0,1
4/2/2024 19:00,28.7,76,East South-East,36,47,0,2.021908026,100.9266667,0,1
4/2/2024 20:00,28.6,77,East South-East,35,48,0,1.901896723,100.96,0,1
4/2/2024 21:00,28.72121942,73.62284992,East South-East,35.0929166,49.22765897,0,1.901739398,101.02,1,1
4/2/2024 22:00,28.6,75,East South-East,35,49,0,1.901739398,101.0416667,0,1
4/2/2024 23:00,28.5,74,East South-East,31,41,0,1.901896723,101.0733333,0,1
4/3/2024 0:00,28.6,74,East South-East,30,42,0,1.901739398,101.07,0,1
4/3/2024 1:00,28.5,75,East South-East,27,39,0,1.901739398,101.0366667,0,1
4/3/2024 2:00,28.4,78,East South-East,31,39,0,1.901896723,100.96,0,1
4/3/2024 3:00,28.3,75,East South-East,30,42,0,1.901739398,100.9066667,0,1
4/3/2024 4:00,28.1,75,East South-East,30,39,0,1.901739398,100.8966667,0,1
4/3/2024 5:00,28.2,75,East South-East,29,39,0,1.901739398,100.895,0,1
4/3/2024 6:00,28.2,75,East South-East,30,40,0,2.194854605,100.96,0,1
4/3/2024 7:00,28.3,77,East South-East,28,39,0,37.19824091,101.05,0,1
4/3/2024 8:00,28.5,78,East South-East,31,42,0,139.5186492,101.115,0,1
4/3/2024 9:00,28.5,75,East South-East,34,43,0,403.8106364,101.1266667,0,1
4/3/2024 10:00,28.7,77,East South-East,31,44,0,620.0744108,101.1,0,1
4/3/2024 11:00,28.6,75,East South-East,34,46,0,770.5047668,101.075,0,1
4/3/2024 12:00,28.6,76,East South-East,30,42,0,674.4128045,101.0183333,0,1
4/3/2024 13:00,28.5,74,East South-East,29,43,0,561.5473931,101.0066667,0,1
4/3/2024 14:00,28.4,74,East South-East,29,41,0,474.4439146,100.9033333,0,1
4/3/2024 15:00,28.6,76,East South-East,33,43,0,276.0386514,100.85,0,1
4/3/2024 16:00,28.6,75,East South-East,33,44,0,276.104987,100.81,0,1
4/3/2024 17:00,28.5,73,East South-East,32,48,0,140.2755867,100.8516667,0,1
4/3/2024 18:00,28.5,76,East South-East,33,44,0,29.79078197,100.9233333,0,1
4/3/2024 19:00,28.5,74,East South-East,30,42,0,1.948270616,100.96,0,1
4/3/2024 20:00,28.5,76,East South-East,28,41,0,1.901896723,100.96,0,1
4/3/2024 21:00,28.5,79,East South-East,32,41,0,1.901739398,100.9666667,0,1
4/3/2024 22:00,28.4,77,South-East,36,43,0,1.901739398,100.93,0,1
4/3/2024 23:00,28.4,78,South-East,32,42,0,1.901896723,100.9,0,1
4/4/2024 0:00,28.2,77,South-East,26,37,0,1.901739398,100.92,0,1
4/4/2024 1:00,28.2,79,East South-East,21,31,0,1.901739398,100.9466667,0,1
4/4/2024 2:00,28.1,79,East South-East,18,25,0,1.901739398,100.9333333,0,1
4/4/2024 3:00,28.2,79,East South-East,22,32,0,1.901739398,100.87,0,1
4/4/2024 4:00,28.2,80,East South-East,24,30,0,1.901739398,100.83,0,1
4/4/2024 5:00,27.7,85,East South-East,25,33,0,1.901896723,100.815,0,1
4/4/2024 6:00,27.7,86,East South-East,26,39,0,2.311330721,100.81,0,1
4/4/2024 7:00,27.9,86,East South-East,29,38,0,84.5548049,100.84,0,1
4/4/2024 8:00,28.2,88,East South-East,28,38,0,318.7967316,100.8733333,0,1
4/4/2024 9:00,28.7,83,East South-East,24,33,0,522.5230637,100.91,0,1
4/4/2024 10:00,28.9,83,East South-East,22,31,0,705.6095245,100.93,0,1
4/4/2024 11:00,29.1,79,East,23,31,0,841.9388115,100.9116667,0,1
4/4/2024 12:00,29.3,82,East,19,28,0,914.2257433,100.8766667,0,1
4/4/2024 13:00,29.2,79,East,23,33,0,875.7415757,100.8,0,1
4/4/2024 14:00,28.4,85,East,24,32,0,813.4429012,100.7366667,0,1
4/4/2024 15:00,29.2,83,East,18,26,0,516.3680607,100.695,0,1
4/4/2024 16:00,29.3,83,East North-East,16,31,0,522.8500038,100.685,0,1
4/4/2024 17:00,30,77,North North-East,13,27,0,274.0533193,100.7383333,0,1
4/4/2024 18:00,29.4,78,North North-East,13,22,0,61.86681975,100.7816667,0,1
4/4/2024 19:00,29.2,80,North North-East,11,20,0,1.999826983,100.8366667,0,1
4/4/2024 20:00,26.8,89,North North-East,15,30,1.4,1.901739398,100.89,0,1
4/4/2024 21:00,28,90,East North-East,17,22,0.2,1.901896723,100.9533333,0,1
4/4/2024 22:00,27.2,90,East,27,37,0,1.901739398,100.9666667,0,1
4/4/2024 23:00,27,88,North-East,22,32,0.8,1.901739398,100.95,0,1
4/5/2024 0:00,27.7,88,North-East,12,26,0,1.901896723,100.9133333,0,1
4/5/2024 1:00,27.1,91,East North-East,5,15,0.6,1.901739398,100.855,0,1
4/5/2024 2:00,26.5,94,North North-West,4,34,15.7,1.901739398,100.8283333,0,1
4/5/2024 3:00,27.5,93,North North-West,11,17,0.4,1.901896723,100.8366667,0,1
4/5/2024 4:00,27.8,88,East North-East,21,27,0,1.901739398,100.79,0,1
4/5/2024 5:00,26.4,90,North North-East,17,30,0,1.901739398,100.8216667,0,1
4/5/2024 6:00,26.6,86,North North-West,5,27,0,2.085698735,100.8516667,0,1
4/5/2024 7:00,27.4,83,South,6,9,0,40.96279041,100.8883333,0,1
4/5/2024 8:00,28,88,East North-East,13,17,0,136.5939567,100.9233333,0,1
4/5/2024 9:00,28.5,85,East North-East,15,20,0,523.5749579,100.9933333,0,1
4/5/2024 10:00,29.1,77,East North-East,17,25,0,657.449825,101.025,0,1
4/5/2024 11:00,29.8,75,North North-East,18,27,0,834.3954977,101.0116667,0,1
4/5/2024 12:00,29.6,81,North-East,20,28,0,781.0616156,100.9316667,0,1
4/5/2024 13:00,29.4,83,East North-East,21,26,0,891.7095202,100.8916667,0,1
4/5/2024 14:00,29.2,84,East North-East,18,29,0,827.8282659,100.8166667,0,1
4/5/2024 15:00,29.3,84,East North-East,14,24,0,654.6352971,100.7316667,0,1
4/5/2024 16:00,29,85,East North-East,11,19,0,379.8397666,100.7166667,0,1
4/5/2024 17:00,29.2,81,East,13,18,0,245.2968046,100.79,0,1
4/5/2024 18:00,28.7,86,East,19,26,0,50.46785593,100.865,0,1
4/5/2024 19:00,28.8,86,East South-East,20,25,0,1.965548616,100.9166667,0,1
4/5/2024 20:00,28.6,85,East,20,32,0.2,1.901739398,100.9616667,0,1
4/5/2024 21:00,28.7,87,East,22,31,0,1.901739398,101.0333333,0,1
4/5/2024 22:00,28.7,88,East,21,28,0,1.901739398,101.07,0,1
4/5/2024 23:00,28.8,89,East,21,28,0,1.901739398,101.04,0,1
4/6/2024 0:00,28.6,87,East,18,26,0,1.901739398,101.0366667,0,1
4/6/2024 1:00,28.5,87,East,19,24,0,1.901896723,101.0116667,0,1
4/6/2024 2:00,28.7,87,East,18,26,0,1.901739398,100.9666667,0,1
4/6/2024 3:00,28.6,87,East,17,22,0,1.901739398,100.95,0,1
4/6/2024 4:00,28.5,87,East,17,22,0,1.901896723,100.9183333,0,1
4/6/2024 5:00,28.6,86,East,17,22,0,1.901739398,100.9166667,0,1
4/6/2024 6:00,28.5,86,East,14,21,0,2.281300132,100.95,0,1
4/6/2024 7:00,28.7,86,East,14,21,0,65.83837211,100.99,0,1
4/6/2024 8:00,28.9,85,East South-East,15,21,0,275.2947441,101.0533333,0,1
4/6/2024 9:00,29.3,84,East,16,22,0,470.6343516,101.0933333,0,1
4/6/2024 10:00,29.3,84,East,19,24,0,699.4403068,101.14,0,1
4/6/2024 11:00,29.5,84,East,21,24,0,743.8567789,101.1216667,0,1
4/6/2024 12:00,29.7,79,East North-East,18,26,0,816.9681684,101.05,0,1
4/6/2024 13:00,29.6,80,East North-East,18,23,0,957.9693821,100.9966667,0,1
4/6/2024 14:00,29.5,81,East,18,23,0,829.1075968,100.9333333,0,1
4/6/2024 15:00,29.6,81,East,19,26,0,709.4759466,100.885,0,1
4/6/2024 16:00,29.6,79,East,20,27,0,485.0339312,100.8666667,0,1
4/6/2024 17:00,29.6,79,East,20,26,0,283.1176154,100.8883333,0,1
4/6/2024 18:00,29.3,80,East,18,25,0,60.2930503,100.96,0,1
4/6/2024 19:00,29.2,83,East,15,24,0,1.96731621,101.045,0,1
4/6/2024 20:00,29.2,83,East,16,22,0,1.901739398,101.1066667,0,1
4/6/2024 21:00,29.2,82,East North-East,15,21,0,1.901896723,101.1833333,0,1
4/6/2024 22:00,29.2,84,East North-East,14,21,0,1.901739398,101.2233333,0,1
4/6/2024 23:00,29.1,83,East North-East,18,24,0,1.901739398,101.22,0,1
4/7/2024 0:00,29.3,84,East North-East,15,22,0,1.901896723,101.2133333,0,1
4/7/2024 1:00,29,83,East North-East,12,21,0,1.901739398,101.1733333,0,1
4/7/2024 2:00,28.9,85,East North-East,12,22,0,1.901896723,101.1216667,0,1
4/7/2024 3:00,28.8,87,East North-East,12,31,0,1.901739398,101.095,0,1
4/7/2024 4:00,28,88,East,10,24,0.6,1.901739398,101.0933333,0,1
4/7/2024 5:00,28.2,85,East South-East,12,19,0,1.901739398,101.0716667,0,1
4/7/2024 6:00,27.6,84,East South-East,10,21,0,2.436117304,101.1033333,0,1
4/7/2024 7:00,28.7,83,East South-East,15,21,0,82.05596373,101.1683333,0,1
4/7/2024 8:00,28.3,82,East,14,27,0,59.85068908,101.2733333,0,1
4/7/2024 9:00,28.4,87,North-East,15,29,4.8,313.295609,101.3166667,0,1
4/7/2024 10:00,26.8,89,North North-East,26,40,0.4,418.5134648,101.3616667,0,1
4/7/2024 11:00,27.8,80,East North-East,13,30,0,829.761477,101.3266667,0,1
4/7/2024 12:00,28.3,82,East,11,21,0,762.0896127,101.2383333,0,1
4/7/2024 13:00,28.7,83,East North-East,18,23,0,962.2338183,101.1833333,0,1
4/7/2024 14:00,28.8,82,East,14,21,0,884.0714411,101.1316667,0,1
4/7/2024 15:00,28.6,84,East,19,26,0,687.5946506,101.0633333,0,1
4/7/2024 16:00,28.5,85,East,17,24,0,364.7152329,101.015,0,1
4/7/2024 17:00,28.5,83,East South-East,18,27,0,244.8087636,100.9816667,0,1
4/7/2024 18:00,28.7,85,East,21,26,0,43.19762151,101.045,0,1
4/7/2024 19:00,28.3,85,East South-East,24,34,0,1.937378165,101.1216667,0,1
4/7/2024 20:00,28.8,83,East South-East,22,30,0,1.901739398,101.175,0,1
4/7/2024 21:00,28.7,84,East South-East,24,32,0,1.901896723,101.2166667,0,1
4/7/2024 22:00,28.5,86,East,19,29,0,1.901739398,101.2516667,0,1
4/7/2024 23:00,28.6,86,East,15,24,0,1.901739398,101.255,0,1
4/8/2024 0:00,28.4,86,East South-East,16,21,0,1.901896723,101.2333333,0,1
4/8/2024 1:00,28.4,84,East South-East,14,22,0,1.901739398,101.215,0,1
4/8/2024 2:00,28.4,85,East South-East,15,23,0,1.901739398,101.175,0,1
4/8/2024 3:00,28.3,88,East South-East,17,21,0,1.901896723,101.1333333,0,1
4/8/2024 4:00,28.4,89,East South-East,21,26,0,1.901739398,101.0933333,0,1
4/8/2024 5:00,28,85,East South-East,23,30,0,1.901739398,101.0883333,0,1
4/8/2024 6:00,27.8,88,East South-East,19,27,0,2.317642234,101.1366667,0,1
4/8/2024 7:00,28.2,87,East South-East,17,28,0,32.29621226,101.18,0,1
4/8/2024 8:00,28.8,87,East South-East,17,26,0,296.3231529,101.23,0,1
4/8/2024 9:00,28.9,85,East South-East,19,26,0,520.8836248,101.2883333,0,1
4/8/2024 10:00,27.4,83,East,31,43,1.8,456.0144428,101.325,0,1
4/8/2024 11:00,29.1,85,East,17,24,0.2,653.9340342,101.3133333,0,1
4/8/2024 12:00,29.4,84,East South-East,21,32,0,961.8926634,101.2333333,0,1
4/8/2024 13:00,29.4,80,East,21,27,0,879.7880518,101.1583333,0,1
4/8/2024 14:00,29.3,83,East,22,30,0,826.6247472,101.075,0,1
4/8/2024 15:00,29.3,81,East,23,27,0,671.8730958,100.9966667,0,1
4/8/2024 16:00,29.1,83,East,25,33,0,505.9201921,100.9866667,0,1
4/8/2024 17:00,29.2,84,East,23,31,0,266.0290719,101.01,0,1
4/8/2024 18:00,28.9,85,East,22,31,0,30.85589154,101.0533333,0,1
4/8/2024 19:00,29,84,East,21,27,0,1.933546835,101.105,0,1
4/8/2024 20:00,29.1,84,East,18,27,0,1.901739398,101.1616667,0,1
4/8/2024 21:00,28.9,86,East South-East,18,26,0,1.901739398,101.2216667,0,1
4/8/2024 22:00,28.9,85,East South-East,19,27,0,1.901896723,101.2366667,0,1
4/8/2024 23:00,28.9,84,East South-East,18,26,0,1.901739398,101.2383333,0,1
4/9/2024 0:00,29,82,East,19,25,0,1.901739398,101.2366667,0,1
4/9/2024 1:00,28.6,83,East,13,29,0,1.901896723,101.2016667,0,1
4/9/2024 2:00,28.8,81,East,17,23,0,1.901739398,101.1383333,0,1
4/9/2024 3:00,28.7,82,East,17,22,0,1.901739398,101.0883333,0,1
4/9/2024 4:00,28.7,83,East,16,22,0,1.901896723,101.0316667,0,1
4/9/2024 5:00,28.7,83,East,16,23,0,1.901739398,101.03,0,1
4/9/2024 6:00,28.6,82,East,20,25,0,2.256822194,101.045,0,1
4/9/2024 7:00,28.8,82,East,20,26,0,68.07438776,101.0866667,0,1
4/9/2024 8:00,29.1,82,East South-East,22,28,0,273.4657749,101.12,0,1
4/9/2024 9:00,29.3,81,East South-East,25,32,0,485.3798244,101.1716667,0,1
4/9/2024 10:00,29.1,82,East South-East,22,32,0,572.5496385,101.2016667,0,1
4/9/2024 11:00,28.6,82,East,30,39,0,738.2751058,101.175,0,1
4/9/2024 12:00,28,86,East,23,41,2,442.6359589,101.145,0,1
4/9/2024 13:00,27.8,85,East North-East,16,35,0.4,392.0123629,101.095,0,1
4/9/2024 14:00,28.6,85,East,12,35,0,468.6869257,100.9783333,0,1
4/9/2024 15:00,28.6,87,East South-East,22,32,0,409.9277332,100.8816667,0,1
4/9/2024 16:00,29.3,81,East South-East,21,28,0,525.9346126,100.8383333,0,1
4/9/2024 17:00,29.2,82,East,20,31,0,265.4486348,100.8666667,0,1
4/9/2024 18:00,29,85,East South-East,19,26,0,45.30015143,100.93,0,1
4/9/2024 19:00,29.3,75,East,16,26,0,1.929863577,100.995,0,1
4/9/2024 20:00,28.7,86,East,23,39,1.6,1.901896723,101.0633333,0,1
4/9/2024 21:00,29,87,East South-East,20,28,0,1.901739398,101.1083333,0,1
4/9/2024 22:00,29.1,82,East,23,33,0.2,1.901739398,101.14,0,1
4/9/2024 23:00,28.8,84,East,22,31,0,1.901896723,101.1316667,0,1
4/10/2024 0:00,29.1,81,East,25,31,0,1.901739398,101.1066667,0,1
4/10/2024 1:00,29.1,82,East,23,31,0,1.901739398,101.075,0,1
4/10/2024 2:00,28.8,83,East,23,30,0,1.901896723,101.035,0,1
4/10/2024 3:00,28.4,87,East South-East,22,28,0,1.901739398,100.9966667,0,1
4/10/2024 4:00,28.5,86,East South-East,23,30,0,1.901739398,100.9633333,0,1
4/10/2024 5:00,28.4,86,East,19,45,0.4,1.901896723,100.9616667,0,1
4/10/2024 6:00,28.7,85,East,24,33,0,2.337409673,100.9916667,0,1
4/10/2024 7:00,29,83,East,27,36,0,55.41226981,101.04,0,1
4/10/2024 8:00,29.1,83,East,26,37,0,286.5386409,101.0616667,0,1
4/10/2024 9:00,29.4,81,East,29,42,0.4,389.8209165,101.125,0,1
4/10/2024 10:00,29.4,82,East,29,37,0,702.368553,101.1516667,0,1
4/10/2024 11:00,29.5,83,East,28,38,0,848.2312239,101.1066667,0,1
4/10/2024 12:00,29.7,83,East,27,38,0,892.8940857,101.045,0,1
4/10/2024 13:00,29.9,76,East,31,41,0,945.8204773,100.9766667,0,1
4/10/2024 14:00,29.8,78,East,30,41,0,795.314309,100.925,0,1
4/10/2024 15:00,29.7,80,East,32,43,0,706.0833506,100.8683333,0,1
4/10/2024 16:00,29.6,81,East,32,46,0,427.4687808,100.8416667,0,1
4/10/2024 17:00,29.4,82,East,33,43,0,218.7198905,100.86,0,1
4/10/2024 18:00,28.9,86,East South-East,28,48,0,21.57902148,100.9466667,0,1
4/10/2024 19:00,29.1,84,East South-East,31,46,0,1.919202486,101.0183333,0,1
4/10/2024 20:00,29.2,80,East South-East,33,45,0,1.901739398,101.09,0,1
4/10/2024 21:00,28.6,83,East South-East,33,45,0,1.901896723,101.14,0,1
4/10/2024 22:00,28.5,82,East South-East,32,45,0,1.901739398,101.155,0,1
4/10/2024 23:00,28.3,84,East South-East,30,42,0,1.901896723,101.1666667,0,1
4/11/2024 0:00,27.9,83,East South-East,33,48,0,1.901739398,101.1466667,0,1
4/11/2024 1:00,28.8,81,East South-East,30,41,0,1.901739398,101.1233333,0,1
4/11/2024 2:00,28.2,82,East,31,43,0,1.901739398,101.075,0,1
4/11/2024 3:00,28.4,82,East,29,39,0,1.901896723,101.045,0,1
4/11/2024 4:00,27.4,85,East,25,47,0,1.901739398,101.05,0,1
4/11/2024 5:00,28.1,86,East,22,29,0,1.901739398,101.065,0,1
4/11/2024 6:00,28.1,86,East South-East,24,36,0,2.327479682,101.115,0,1
4/11/2024 7:00,28.7,83,East South-East,22,31,0,80.28296516,101.18,0,1
4/11/2024 8:00,29.2,80,East South-East,24,32,0,305.6291003,101.23,0,1
4/11/2024 9:00,29.5,72,East South-East,27,35,0,467.5829106,101.2916667,0,1
4/11/2024 10:00,29.5,75,East,28,37,0,682.581569,101.3366667,0,1
4/11/2024 11:00,29.6,76,East,28,37,0,844.5353792,101.3433333,0,1
4/11/2024 12:00,29.6,76,East,27,37,0,907.0235843,101.2833333,0,1
4/11/2024 13:00,29.6,77,East,28,36,0,913.3349499,101.23,0,1
4/11/2024 14:00,29.76166341,75.81675037,East South-East,27.56386301,36.13675414,0,823.2131982,101.1766667,1,1
4/11/2024 15:00,29.5,78,East,28,38,0,560.9266807,101.13,0,1
4/11/2024 16:00,29.5,77,East,28,40,0,419.8733461,101.1483333,0,1
4/11/2024 17:00,29.3,81,East,31,44,0,175.3742657,101.1883333,0,1
4/11/2024 18:00,28.9,84,East South-East,33,43,0,41.55559146,101.23,0,1
4/11/2024 19:00,28.2,80,East South-East,35,51,0,1.917694016,101.295,0,1
4/11/2024 20:00,28.1,87,East South-East,34,51,0,1.901739398,101.3316667,0,1
4/11/2024 21:00,28.4,84,East South-East,37,51,0,1.901739398,101.33,0,1
4/11/2024 22:00,28.5,85,East South-East,38,50,0,1.901896723,101.34,0,1
4/11/2024 23:00,28.4,85,East South-East,37,53,0,1.901739398,101.3283333,0,1
4/12/2024 0:00,28.4,86,East South-East,36,50,0,1.901739398,101.2966667,0,1
4/12/2024 1:00,28.4,83,East South-East,38,53,0.2,1.901896723,101.25,0,1
4/12/2024 2:00,28.2,84,East South-East,38,52,0,1.901739398,101.1933333,0,1
4/12/2024 3:00,28.3,82,East South-East,39,54,0,1.901896723,101.155,0,1
4/12/2024 4:00,28.5,82,East South-East,37,56,0,1.901739398,101.145,0,1
4/12/2024 5:00,28.5,82,East South-East,40,54,0,1.901739398,101.165,0,1
4/12/2024 6:00,28.3,81,East South-East,41,57,0,2.179510779,101.1916667,0,1
4/12/2024 7:00,28.1,84,East South-East,42,60,0,55.65466154,101.2533333,0,1
4/12/2024 8:00,28.2,82,East South-East,44,59,0,179.3638827,101.3316667,0,1
4/12/2024 9:00,28.3,81,East South-East,45,62,0,420.6883272,101.3833333,0,1
4/12/2024 10:00,28.4,80,East South-East,45,63,0,495.9414114,101.4183333,0,1
4/12/2024 11:00,28.4,81,East South-East,43,59,0,784.7479837,101.38,0,1
4/12/2024 12:00,28.4,81,East South-East,46,64,0,720.9235886,101.32,0,1
4/12/2024 13:00,27.60037017,81.81372979,East South-East,40.688918,57.71599784,0,475.2731106,101.2883333,1,1
4/12/2024 14:00,28.1,81,East South-East,44,65,0,447.2699795,101.2116667,0,1
4/12/2024 15:00,28.4,76,East South-East,46,60,0,522.4188219,101.1383333,0,1
4/12/2024 16:00,28.2,76,East South-East,47,61,0,455.9030936,101.135,0,1
4/12/2024 17:00,28.1,73,East South-East,47,66,0,232.9109866,101.1416667,0,1
4/12/2024 18:00,28,74,East South-East,47,62,0,37.82730077,101.1983333,0,1
4/12/2024 19:00,28,74,East South-East,43,59,0,1.916527959,101.2633333,0,1
4/12/2024 20:00,27.9,67,East South-East,44,60,0,1.901739398,101.3266667,0,1
4/12/2024 21:00,27.8,69,East South-East,48,62,0,1.901739398,101.3666667,0,1
4/12/2024 22:00,27.8,72,East South-East,40,57,0,1.901896723,101.3716667,0,1
4/12/2024 23:00,27.9,71,East South-East,41,56,0,1.901739398,101.355,0,1
4/13/2024 0:00,27.8,71,East South-East,38,54,0,1.901739398,101.3516667,0,1
4/13/2024 1:00,27.8,71,East South-East,38,53,0,1.901896723,101.3116667,0,1
4/13/2024 2:00,27.6,73,East South-East,41,54,0,1.901739398,101.255,0,1
4/13/2024 3:00,27.5,75,East South-East,39,59,0,1.901739398,101.1916667,0,1
4/13/2024 4:00,27.3,76,East South-East,36,51,0,1.901896723,101.195,0,1
4/13/2024 5:00,27.5,71,East South-East,33,55,0,1.901739398,101.22,0,1
4/13/2024 6:00,27.6,71,East South-East,37,54,0,2.163213747,101.24,0,1
4/13/2024 7:00,27.4,74,East South-East,40,59,0,55.402201,101.3,0,1
4/13/2024 8:00,27.7,73,East South-East,33,50,0,152.6400825,101.3716667,0,1
4/13/2024 9:00,27.9,72,East South-East,40,53,0,490.5587451,101.38,0,1
4/13/2024 10:00,28.4,67,East South-East,37,51,0.2,525.4702628,101.3733333,0,1
4/13/2024 11:00,28.6,70,East South-East,35,51,0,891.5010366,101.325,0,1
4/13/2024 12:00,28.5,73,East South-East,37,53,0,625.9403797,101.2633333,0,1
4/13/2024 13:00,28.4,72,East South-East,36,48,0,631.1429918,101.245,0,1
4/13/2024 14:00,28.3,75,East South-East,34,49,0,663.173646,101.19,0,1
4/13/2024 15:00,28.2,75,East,33,46,0,348.4393014,101.18,0,1
4/13/2024 16:00,28.3,69,East South-East,37,50,0,260.1323043,101.1733333,0,1
4/13/2024 17:00,28.2,72,East South-East,36,47,0,130.4389538,101.2116667,0,1
4/13/2024 18:00,28.1,71,East South-East,37,50,0,21.16752375,101.24,0,1
4/13/2024 19:00,28.1,72,East South-East,36,55,0,1.909374293,101.2933333,0,1
4/13/2024 20:00,28,74,East South-East,36,49,0,1.901739398,101.32,0,1
4/13/2024 21:00,28,75,East South-East,40,51,0,1.901739398,101.3316667,0,1
4/13/2024 22:00,28,77,East South-East,41,57,0,1.901896723,101.2883333,0,1
4/13/2024 23:00,27.9,75,East South-East,41,56,0,1.901739398,101.2683333,0,1
4/14/2024 0:00,28,74,East South-East,45,58,0,1.901739398,101.2566667,0,1
4/14/2024 1:00,27.9,75,East South-East,42,55,0,1.901896723,101.24,0,1
4/14/2024 2:00,27.9,76,East South-East,40,54,0,1.901739398,101.1933333,0,1
4/14/2024 3:00,27.9,74,East South-East,38,52,0,1.901739398,101.1333333,0,1
4/14/2024 4:00,27.8,76,East South-East,37,49,0,1.901896723,101.0933333,0,1
4/14/2024 5:00,27.9,77,East South-East,37,49,0,1.901739398,101.0983333,0,1
4/14/2024 6:00,27.5,83,East South-East,36,52,0,2.054724195,101.1683333,0,1
4/14/2024 7:00,27.3,82,East South-East,40,54,0,33.35906376,101.2316667,0,1
4/14/2024 8:00,27.1,86,East South-East,40,53,0,110.4150567,101.2716667,0,1
4/14/2024 9:00,27.7,81,East,36,52,0,244.4154877,101.3283333,0,1
4/14/2024 10:00,28.1,78,East South-East,36,50,0,289.8554246,101.3516667,0,1
4/14/2024 11:00,28.45266587,74.18995214,East South-East,35.25913446,48.66176971,0,550.2134694,101.2983333,1,1
4/14/2024 12:00,28.2,78,East South-East,39,52,0,722.8757528,101.21,0,1
4/14/2024 13:00,28.3,76,East South-East,41,57,0,810.3251244,101.115,0,1
4/14/2024 14:00,28.4,76,East South-East,39,54,0,516.6191886,101.0283333,0,1
4/14/2024 15:00,28,80,East South-East,40,50,0,248.4193196,101.04,0,1
4/14/2024 16:00,28.1,80,East South-East,39,53,0,161.4366667,101.0333333,0,1
4/14/2024 17:00,27.7,80,East,33,51,0,103.7329221,101.0833333,0,1
4/14/2024 18:00,27.9,83,East South-East,36,47,0,13.19156585,101.1566667,0,1
4/14/2024 19:00,26.8,86,East North-East,33,49,0,1.90735683,101.2216667,0,1
4/14/2024 20:00,27.2,86,East,35,45,0,1.901739398,101.27,0,1
4/14/2024 21:00,27.4,85,East,36,48,0,1.901739398,101.265,0,1
4/14/2024 22:00,27.2,85,East South-East,35,49,0,1.901896723,101.27,0,1
4/14/2024 23:00,26.5,91,East,33,56,0.2,1.901739398,101.2816667,0,1
4/15/2024 0:00,26.1,89,East South-East,32,46,0,1.901739398,101.2666667,0,1
4/15/2024 1:00,26.5,90,East South-East,28,42,0,1.901739398,101.2283333,0,1
4/15/2024 2:00,26.6,87,East South-East,30,40,0,1.901896723,101.1883333,0,1
4/15/2024 3:00,24.7,95,East,29,53,10.4,1.901739398,101.195,0,1
4/15/2024 4:00,25,94,East,18,35,3.4,1.901896723,101.165,0,1
4/15/2024 5:00,26.3,88,East South-East,30,43,0,1.901739398,101.1216667,0,1
4/15/2024 6:00,27,87,East South-East,31,47,0,2.046571052,101.1716667,0,1
4/15/2024 7:00,27.2,87,East South-East,32,43,0,26.87060562,101.2583333,0,1
4/15/2024 8:00,27.4,85,East South-East,40,53,0,114.7742582,101.255,0,1
4/15/2024 9:00,27.3,84,East South-East,39,54,0,272.0206047,101.2433333,0,1
4/15/2024 10:00,26.1,89,East South-East,36,54,0.2,339.512415,101.2683333,0,1
4/15/2024 11:00,27.6,85,East South-East,35,48,0.2,287.9790727,101.29,0,1
4/15/2024 12:00,26.9,87,East South-East,39,51,0,509.748708,101.1816667,0,1
4/15/2024 13:00,27.4,85,East,28,49,0,375.8454114,101.1716667,0,1
4/15/2024 14:00,27,87,East South-East,23,40,0,264.2214248,101.1216667,0,1
4/15/2024 15:00,27.643789,80.28618221,East South-East,25.79702868,36.66491745,0,349.4438131,101.0666667,1,1
4/15/2024 16:00,27.6,80,East South-East,27,37,0,332.1586317,101.0416667,0,1
4/15/2024 17:00,27.8,82,East South-East,26,35,0,142.3793752,101.0516667,0,1
4/15/2024 18:00,27.9,81,East South-East,33,42,0,22.87664833,101.1,0,1
4/15/2024 19:00,27.7,82,East South-East,34,44,0,1.910873509,101.125,0,1
4/15/2024 20:00,27.9,81,East South-East,35,45,0,1.901896723,101.2,0,1
4/15/2024 21:00,27.8,82,East South-East,34,45,0,1.901739398,101.2366667,0,1
4/15/2024 22:00,28,85,East South-East,29,41,0,1.901896723,101.2416667,0,1
4/15/2024 23:00,27.7,88,East South-East,27,44,0,1.901739398,101.2316667,0,1
4/16/2024 0:00,27.7,85,East South-East,27,42,0,1.901739398,101.1916667,0,1
4/16/2024 1:00,27.9,84,East South-East,28,42,0,1.901896723,101.14,0,1
4/16/2024 2:00,27.7,84,East,28,39,0,1.901739398,101.1166667,0,1
4/16/2024 3:00,27.8,83,East,27,34,0,1.901739398,101.0783333,0,1
4/16/2024 4:00,27.9,83,East South-East,27,38,0,1.901739398,101.04,0,1
4/16/2024 5:00,27,85,East,27,37,0,1.901896723,101.05,0,1
4/16/2024 6:00,26.4,92,East,24,53,1,1.982114025,101.0966667,0,1
4/16/2024 7:00,27.1,85,East,30,41,2.8,74.72564963,101.185,0,1
4/16/2024 8:00,27.3,86,East South-East,25,37,0,310.1778322,101.2116667,0,1
4/16/2024 9:00,27.2,84,East,32,41,0,452.2214637,101.28,0,1
4/16/2024 10:00,27.5,85,East,33,42,0,469.9473035,101.3116667,0,1
4/16/2024 11:00,27.6,83,East,27,41,0,861.2519691,101.2633333,0,1
4/16/2024 12:00,26.6,88,East,30,44,0,819.7258372,101.1916667,0,1
4/16/2024 13:00,27.2,88,East South-East,24,36,0.2,454.1120304,101.1133333,0,1
4/16/2024 14:00,27.7,88,East South-East,27,35,0,733.8590451,101.0433333,0,1
4/16/2024 15:00,27.8,85,East South-East,22,37,0,567.1669724,100.9666667,0,1
4/16/2024 16:00,28,81,East South-East,26,35,0,443.6594236,100.9216667,0,1
4/16/2024 17:00,28,86,East South-East,29,39,0,255.9424958,100.9466667,0,1
4/16/2024 18:00,27.8,84,East South-East,27,43,0,23.65323288,101.0233333,0,1
4/16/2024 19:00,28.2,83,East South-East,24,35,0,1.916213309,101.1016667,0,1
4/16/2024 20:00,28.1,82,East,27,37,0,1.901896723,101.17,0,1
4/16/2024 21:00,28.1,83,East South-East,25,37,0,1.901739398,101.22,0,1
4/16/2024 22:00,27.8,86,East,27,38,0,1.901739398,101.2416667,0,1
4/16/2024 23:00,27.2,86,East,26,46,0,1.901896723,101.23,0,1
4/17/2024 0:00,27.3,85,East,32,44,0,1.901739398,101.2,0,1
4/17/2024 1:00,27.1,86,East,28,39,0,1.901739398,101.1716667,0,1
4/17/2024 2:00,26.9,89,East,27,39,0,1.901896723,101.125,0,1
4/17/2024 3:00,26.5,88,East,30,39,0,1.901739398,101.1016667,0,1
4/17/2024 4:00,26.7,88,East,30,41,0,1.901739398,101.09,0,1
4/17/2024 5:00,26.4,84,East South-East,28,47,0,1.901896723,101.1083333,0,1
4/17/2024 6:00,26,91,East South-East,25,40,2.6,1.987342772,101.1783333,0,1
4/17/2024 7:00,25.7,94,North-East,14,34,5.6,25.12018783,101.2833333,0,1
4/17/2024 8:00,26.7,90,North North-East,19,33,0,128.3778097,101.3166667,0,1
4/17/2024 9:00,27.4,85,North North-East,10,36,0,201.3636352,101.34,0,1
4/17/2024 10:00,28.7,81,East,26,35,0,458.5754737,101.2916667,0,1
4/17/2024 11:00,28.4,84,East,24,33,0,551.8813377,101.2516667,0,1
4/17/2024 12:00,28.8,80,East,23,33,0,675.3415039,101.1833333,0,1
4/17/2024 13:00,28.8,79,East,24,31,0,893.547966,101.12,0,1
4/17/2024 14:00,28.8,81,East,26,34,0,636.6678059,101.065,0,1
4/17/2024 15:00,28.6,82,East,27,34,0,546.2428054,101.0183333,0,1
4/17/2024 16:00,28.7,81,East South-East,25,34,0,469.2555172,101.0183333,0,1
4/17/2024 17:00,28.7,80,East South-East,23,34,0,255.0813165,101.0516667,0,1
4/17/2024 18:00,28.4,82,East South-East,23,32,0,39.03602967,101.105,0,1
4/17/2024 19:00,28.4,82,East South-East,23,32,0,1.913871941,101.1733333,0,1
4/17/2024 20:00,28.4,82,East South-East,24,33,0,1.901896723,101.2466667,0,1
4/17/2024 21:00,28.3,82,East South-East,26,33,0,1.901739398,101.3133333,0,1
4/17/2024 22:00,28.2,83,East South-East,26,34,0,1.901739398,101.34,0,1
4/17/2024 23:00,28.3,85,East South-East,24,33,0,1.901896723,101.34,0,1
4/18/2024 0:00,28.3,84,East,24,32,0,1.901739398,101.325,0,1
4/18/2024 1:00,28.2,84,East,24,34,0,1.901739398,101.285,0,1
4/18/2024 2:00,28.3,83,East,23,32,0,1.901739398,101.2633333,0,1
4/18/2024 3:00,27.7,86,East South-East,21,35,0,1.901896723,101.2216667,0,1
4/18/2024 4:00,27.6,85,East South-East,21,30,0,1.901739398,101.1966667,0,1
4/18/2024 5:00,27.8,83,East,25,33,0,1.901896723,101.1883333,0,1
4/18/2024 6:00,27.6,87,East,20,52,3.7,2.112564313,101.2516667,0,1
4/18/2024 7:00,28,85,East,26,41,0,39.31617018,101.3233333,0,1
4/18/2024 8:00,28.6,79,East,27,35,0,266.6853213,101.3433333,0,1
4/18/2024 9:00,28.8,79,East,29,35,0,459.0066556,101.3983333,0,1
4/18/2024 10:00,28.9,81,East,26,35,0,633.1993978,101.4083333,0,1
4/18/2024 11:00,29,79,East,27,35,0,831.0029017,101.3633333,0,1
4/18/2024 12:00,28.6,84,East,23,34,0,904.2753922,101.295,0,1
4/18/2024 13:00,28.9,83,East,23,32,0,854.9974627,101.2283333,0,1
4/18/2024 14:00,28.9,83,East,24,33,0,628.7406928,101.1483333,0,1
4/18/2024 15:00,29,79,East,21,32,0,561.0451373,101.1066667,0,1
4/18/2024 16:00,28.6,85,East South-East,17,31,0,263.0226444,101.12,0,1
4/18/2024 17:00,29.1,84,East,26,32,0,172.1522473,101.175,0,1
4/18/2024 18:00,28.8,82,East,21,33,0,29.82158992,101.2133333,0,1
4/18/2024 19:00,28.7,82,East,23,30,0,1.908032402,101.26,0,1
4/18/2024 20:00,28.4,85,East,16,38,0.4,1.901739398,101.2966667,0,1
4/18/2024 21:00,28.3,82,East,16,33,0,1.901896723,101.3466667,0,1
4/18/2024 22:00,28.8,82,East,22,29,0,1.901739398,101.355,0,1
4/18/2024 23:00,28.2,88,East,18,40,0.2,1.901739398,101.33,0,1
4/19/2024 0:00,28.7,83,East,23,35,0,1.901896723,101.295,0,1
4/19/2024 1:00,28.7,82,East North-East,26,34,0,1.901739398,101.25,0,1
4/19/2024 2:00,28.6,81,East North-East,28,35,0,1.901739398,101.2016667,0,1
4/19/2024 3:00,28.6,82,East North-East,28,41,0,1.901896723,101.1633333,0,1
4/19/2024 4:00,28.4,83,East North-East,25,35,0,1.901739398,101.135,0,1
4/19/2024 5:00,28.4,83,East,26,37,0,1.901739398,101.1416667,0,1
4/19/2024 6:00,28.4,82,East North-East,28,40,0,2.232538599,101.1666667,0,1
4/19/2024 7:00,28.6,82,East North-East,28,40,0,67.9741439,101.22,0,1
4/19/2024 8:00,28.7,80,East North-East,27,34,0,280.4286514,101.2733333,0,1
4/19/2024 9:00,28.8,80,East,28,35,0,464.2898182,101.2833333,0,1
4/19/2024 10:00,29,80,East North-East,28,36,0,686.9597235,101.3016667,0,1
4/19/2024 11:00,29.08947549,79.03087732,East North-East,26.95439751,36.81582125,0,776.4370714,101.2616667,1,1
4/19/2024 12:00,29.1,80,East,28,39,0,914.130978,101.1483333,0,1
4/19/2024 13:00,29.2,80,East,26,34,0,823.9144611,101.0666667,0,1
4/19/2024 14:00,29.1,80,East,26,33,0,810.2682653,101.0066667,0,1
4/19/2024 15:00,28.9,81,East,25,33,0,416.1869778,100.9666667,0,1
4/19/2024 16:00,28.9,81,East,26,34,0,223.6239922,100.9833333,0,1
4/19/2024 17:00,28.9,81,East,27,35,0,142.1756299,101.0066667,0,1
4/19/2024 18:00,28.8,81,East,27,37,0,18.94271519,101.0633333,0,1
4/19/2024 19:00,28.7,80,East South-East,30,39,0,1.904543487,101.1283333,0,1
4/19/2024 20:00,28.8,82,East South-East,29,43,0,1.901739398,101.17,0,1
4/19/2024 21:00,28.6,79,East,25,42,0,1.901739398,101.2333333,0,1
4/19/2024 22:00,28.6,81,East,30,44,0,1.901896723,101.24,0,1
4/19/2024 23:00,28.4,80,East,31,40,0,1.901739398,101.2016667,0,1
4/20/2024 0:00,28.4,83,East,27,38,0,1.901739398,101.1916667,0,1
4/20/2024 1:00,28.4,80,East,28,35,0,1.901896723,101.1216667,0,1
4/20/2024 2:00,28.3,81,East,23,35,0,1.901739398,101.0533333,0,1
4/20/2024 3:00,28.4,83,East,23,31,0,1.901739398,101.0416667,0,1
4/20/2024 4:00,28.3,81,East,24,35,0,1.901739398,101.0033333,0,1
4/20/2024 5:00,28.3,80,East North-East,25,32,0,1.901739398,101.09,0,1
4/20/2024 6:00,28.2,82,East,24,33,0,1.97726471,101.11,0,1
4/20/2024 7:00,28.2,80,East,20,31,0,20.42127518,101.2116667,0,1
4/20/2024 8:00,28.1,80,East,27,39,0,115.9789614,101.2133333,0,1
4/20/2024 9:00,28.6,79,East,29,39,0,351.1495876,101.2,0,1
4/20/2024 10:00,28.8,80,East,27,38,0,566.2287964,101.1883333,0,1
4/20/2024 11:00,29.1,81,East,23,33,0,711.0395732,101.1466667,0,1
4/20/2024 12:00,29.2,82,East,20,29,0,892.7519379,101.1033333,0,1
4/20/2024 13:00,29.1,81,East,21,28,0,888.0136755,101.0166667,0,1
4/20/2024 14:00,29.2,83,East North-East,21,41,0.2,519.5663879,100.9733333,0,1
4/20/2024 15:00,29.3,81,East North-East,25,33,0,553.781381,100.92,0,1
4/20/2024 16:00,29.3,79,East North-East,24,37,0,324.8996136,100.9083333,0,1
4/20/2024 17:00,28.9,81,North-East,23,32,0,214.6355083,100.91,0,1
4/20/2024 18:00,28.7,83,North-East,24,34,0,25.25244273,100.9216667,0,1
4/20/2024 19:00,28.7,82,North-East,26,37,0,1.907384593,100.9416667,0,1
4/20/2024 20:00,28.6,82,North-East,21,36,0,1.901896723,101.0066667,0,1
4/20/2024 21:00,28.7,81,North North-East,21,35,0,1.901739398,101.0266667,0,1
4/20/2024 22:00,28.8,81,North North-East,18,32,0,1.901896723,101.0533333,0,1
4/20/2024 23:00,28.7,82,North North-East,20,30,0,1.901739398,101.0766667,0,1
4/21/2024 0:00,28.7,84,North-East,23,30,0,1.901739398,101.0633333,0,1
4/21/2024 1:00,28.6,85,East North-East,27,34,0,1.901739398,101.0116667,0,1
4/21/2024 2:00,27.9,86,North-East,25,41,0.8,1.901739398,100.9483333,0,1
4/21/2024 3:00,28.3,83,North-East,23,33,0,1.901739398,100.8633333,0,1
4/21/2024 4:00,28.2,85,North North-East,24,34,0.4,1.901739398,100.81,0,1
4/21/2024 5:00,27.2,92,North North-East,13,31,2.4,1.901896723,100.81,0,1
4/21/2024 6:00,27.3,91,North,16,30,0.4,1.95990342,100.825,0,1
4/21/2024 7:00,27.5,88,North North-West,11,23,0.2,8.902448122,100.9066667,0,1
4/21/2024 8:00,26.9,93,North North-West,8,21,3.2,11.70202087,101.0133333,0,1
4/21/2024 9:00,25.3,94,South-East,55,78,1.6,19.98176431,101.1133333,0,1
4/21/2024 10:00,24.5,95,East South-East,55,85,11,52.13324413,101.015,0,1
4/21/2024 11:00,25,93,East South-East,48,71,1.2,193.1664412,101.0566667,0,1
4/21/2024 12:00,25.5,88,East South-East,39,62,0,222.2641109,100.9816667,0,1
4/21/2024 13:00,25.3,93,East South-East,36,52,6.7,83.68533373,100.9583333,0,1
4/21/2024 14:00,24.8,93,East South-East,29,53,7.9,96.65988087,100.975,0,1
4/21/2024 15:00,25,93,East,32,49,2.6,55.15566328,100.955,0,1
4/21/2024 16:00,25.4,89,East,32,48,2,80.11386842,100.9433333,0,1
4/21/2024 17:00,25.9,91,East,34,49,0.4,73.34762965,100.9066667,0,1
4/21/2024 18:00,26.6,86,East,31,42,0,17.20578108,100.8866667,0,1
4/21/2024 19:00,26.9,87,East North-East,23,39,0,1.905857614,100.96,0,1
4/21/2024 20:00,27.3,87,East North-East,21,29,0,1.901739398,100.9966667,0,1
4/21/2024 21:00,27.5,87,East North-East,18,30,0,1.901739398,101.0083333,0,1
4/21/2024 22:00,27.3,89,North-East,19,26,0,1.901896723,101.0266667,0,1
4/21/2024 23:00,26.7,88,North North-East,4,20,0,1.901739398,101.0383333,0,1
4/22/2024 0:00,26.5,90,East,4,10,0,1.901739398,101.055,0,1
4/22/2024 1:00,27,88,East South-East,5,7,0,1.901896723,101.0516667,0,1
4/22/2024 2:00,27.3,87,East,10,13,0,1.901739398,101.0583333,0,1
4/22/2024 3:00,27.5,86,East,13,24,0,1.901739398,101.005,0,1
4/22/2024 4:00,27.5,85,East,12,20,0,1.901896723,100.9883333,0,1
4/22/2024 5:00,27.8,86,East,13,18,0,1.901739398,100.9933333,0,1
4/22/2024 6:00,27.5,88,East,14,20,0,2.095304822,101.0283333,0,1
4/22/2024 7:00,27.6,85,East South-East,10,19,0,63.21678033,101.0533333,0,1
4/22/2024 8:00,27.9,83,East South-East,8,14,0,181.8538396,101.12,0,1
4/22/2024 9:00,28.2,83,East South-East,10,14,0,310.2631209,101.1566667,0,1
4/22/2024 10:00,28.6,81,East South-East,12,17,0,685.0454654,101.1683333,0,1
4/22/2024 11:00,28.6,83,East South-East,11,22,0,638.6483996,101.1433333,0,1
4/22/2024 12:00,28.5,83,East South-East,13,20,0,686.8460052,101.0633333,0,1
4/22/2024 13:00,28.7,83,East South-East,13,23,0,892.39183,100.975,0,1
4/22/2024 14:00,28.5,83,East South-East,14,22,0,634.033332,100.9,0,1
4/22/2024 15:00,28.4,83,East South-East,14,20,0,582.7558558,100.8483333,0,1
4/22/2024 16:00,28.6,84,East South-East,13,19,0,367.1364851,100.8266667,0,1
4/22/2024 17:00,28.4,84,East South-East,13,19,0,235.6805009,100.8466667,0,1
4/22/2024 18:00,28.3,86,East South-East,12,18,0,29.8308536,100.8916667,0,1
4/22/2024 19:00,28.2,87,East South-East,13,18,0,1.906866346,100.9316667,0,1
4/22/2024 20:00,28.1,87,East South-East,13,18,0,1.901896723,100.9816667,0,1
4/22/2024 21:00,28.1,87,East South-East,11,20,0,1.901739398,101.04,0,1
4/22/2024 22:00,28.2,88,East South-East,12,17,0,1.901739398,101.0583333,0,1
4/22/2024 23:00,28.2,87,East South-East,12,18,0,1.902063302,101.0616667,0,1
4/23/2024 0:00,28.1,87,East South-East,14,18,0,1.901739398,101.045,0,1
4/23/2024 1:00,28,88,East South-East,13,19,0,1.901739398,101,0,1
4/23/2024 2:00,27.7,90,East South-East,8,28,0.2,1.902063302,100.945,0,1
4/23/2024 3:00,27.8,87,East South-East,11,14,0,1.901739398,100.9166667,0,1
4/23/2024 4:00,28,87,East,11,15,0,1.901739398,100.9083333,0,1
4/23/2024 5:00,28,86,East,9,12,0,1.901896723,100.9233333,0,1
4/23/2024 6:00,28.1,86,East,12,16,0,2.102671339,100.965,0,1
4/23/2024 7:00,28.4,85,East,11,18,0,55.13900533,101.0216667,0,1
4/23/2024 8:00,28.9,82,East,13,17,0,301.7579398,101.0433333,0,1
4/23/2024 9:00,28.9,82,East,18,22,0,465.1995645,101.0933333,0,1
4/23/2024 10:00,28.97208381,81.37872857,East North-East,17.76316528,25.12077659,0,672.0247202,101.13,1,1
4/23/2024 11:00,29.4,81,East North-East,17,23,0,834.149108,101.1033333,0,1
4/23/2024 12:00,29.2,82,East North-East,19,27,0,573.5636267,101.0233333,0,1
4/23/2024 13:00,29.3,80,North-East,19,27,0,938.5425062,100.9416667,0,1
4/23/2024 14:00,29.6,81,North-East,16,25,0,789.2588096,100.8833333,0,1
4/23/2024 15:00,29.2,81,North-East,17,25,0,549.4790386,100.8516667,0,1
4/23/2024 16:00,29.3,80,North-East,16,23,0,407.4543602,100.8166667,0,1
4/23/2024 17:00,29.1,80,East North-East,15,21,0,243.463097,100.825,0,1
4/23/2024 18:00,28.6,83,East North-East,15,19,0,32.21382018,100.875,0,1
4/23/2024 19:00,28.5,84,East North-East,13,21,0,1.905700289,100.9183333,0,1
4/23/2024 20:00,28.6,83,East North-East,14,18,0,1.901739398,100.9916667,0,1
4/23/2024 21:00,28.4,87,East North-East,13,20,0,1.902063302,101.07,0,1
4/23/2024 22:00,28.2,87,East North-East,15,23,0,1.901739398,101.105,0,1
4/23/2024 23:00,28.3,85,East North-East,13,21,0,1.901739398,101.105,0,1
4/24/2024 0:00,28.3,84,North-East,12,17,0,1.902063302,101.0883333,0,1
4/24/2024 1:00,28.2,83,North North-East,8,16,0,1.901739398,101.0783333,0,1
4/24/2024 2:00,28,84,North North-East,8,14,0,1.901739398,101.0483333,0,1
4/24/2024 3:00,26.8,88,North,3,12,0,1.902063302,101.0233333,0,1
4/24/2024 4:00,27.3,87,North,5,12,0,1.901739398,101.0083333,0,1
4/24/2024 5:00,27.8,86,North North-East,8,12,0,1.901739398,101.02,0,1
4/24/2024 6:00,27.3,87,North,4,12,0,2.102310417,101.0583333,0,1
4/24/2024 7:00,27.4,88,North-West,4,8,0,38.53916917,101.1166667,0,1
4/24/2024 8:00,29.6,78,North North-East,8,15,0,281.8738216,101.16,0,1
4/24/2024 9:00,29.7,79,North North-East,9,14,0,416.6844954,101.205,0,1
4/24/2024 10:00,29.3,80,North-East,12,19,0,559.0645436,101.2416667,0,1
4/24/2024 11:00,29.8517173,76.75216072,North-East,10.83742097,18.66963905,0,722.2029195,101.22,1,1
4/24/2024 12:00,29.3,77,North North-East,9,19,0,513.5298415,101.175,0,1
4/24/2024 13:00,29.5,78,North-East,6,16,0,289.3673836,101.1266667,0,1
4/24/2024 14:00,29.4,78,North-East,9,16,0,360.5882064,101.0583333,0,1
4/24/2024 15:00,29.9,75,North-East,6,12,0,513.2265927,100.9933333,0,1
4/24/2024 16:00,29.7,75,East North-East,5,11,0,296.6453547,100.975,0,1
4/24/2024 17:00,29.3,78,East,4,9,0,146.2339516,101.03,0,1
4/24/2024 18:00,28.8,81,East,6,10,0,38.66097584,101.1066667,0,1
4/24/2024 19:00,27.5,84,North,0,9,0,1.904210327,101.19,0,1
4/24/2024 20:00,26.7,89,West,0,3,0,1.901739398,101.2783333,0,1
4/24/2024 21:00,28.5,82,East South-East,7,10,0,1.901739398,101.355,0,1
4/24/2024 22:00,28.6,82,East South-East,7,12,0,1.901896723,101.3483333,0,1
4/24/2024 23:00,28.4,83,East South-East,10,13,0,1.901739398,101.3233333,0,1
4/25/2024 0:00,28.4,84,East South-East,11,15,0,1.901739398,101.285,0,1
4/25/2024 1:00,28.3,84,East South-East,12,15,0,1.901739398,101.2433333,0,1
4/25/2024 2:00,28.2,82,East,10,18,0,1.901896723,101.1783333,0,1
4/25/2024 3:00,28.3,84,East South-East,12,16,0,1.901739398,101.1516667,0,1
4/25/2024 4:00,28.1,85,East South-East,16,22,0,1.901896723,101.1666667,0,1
4/25/2024 5:00,28.1,85,East South-East,14,21,0,1.901739398,101.19,0,1
4/25/2024 6:00,28,86,East South-East,13,18,0.8,2.026479709,101.2483333,0,1
4/25/2024 7:00,28.2,84,East South-East,16,22,0,41.13706963,101.3116667,0,1
4/25/2024 8:00,28.6,80,East South-East,19,26,0,361.6211476,101.33,0,1
4/25/2024 9:00,28.8,78,East South-East,17,25,0,488.8150646,101.365,0,1
4/25/2024 10:00,28.8,82,East South-East,17,24,0,617.8711188,101.4083333,0,1
4/25/2024 11:00,28.9,82,East South-East,18,24,0,796.2240554,101.3683333,0,1
4/25/2024 12:00,28.9,82,East South-East,18,27,0,870.6905879,101.265,0,1
4/25/2024 13:00,29.1,82,East South-East,17,28,0,845.4072196,101.2016667,0,1
4/25/2024 14:00,29.2,82,East South-East,17,25,0,752.271933,101.1616667,0,1
4/25/2024 15:00,29.1,81,East South-East,18,27,0,493.5391123,101.13,0,1
4/25/2024 16:00,29,81,East South-East,18,28,0,363.8812988,101.1216667,0,1
4/25/2024 17:00,29.1,82,East South-East,20,28,0,205.692038,101.13,0,1
4/25/2024 18:00,28.7,85,East South-East,21,30,0,21.26054917,101.1866667,0,1
4/25/2024 19:00,28.6,85,East,25,30,0,1.903553264,101.2283333,0,1
4/25/2024 20:00,28.6,83,East,24,32,0,1.901739398,101.2983333,0,1
4/25/2024 21:00,28.6,83,East,27,35,0,1.901896723,101.34,0,1
4/25/2024 22:00,28.6,82,East,26,33,0,1.901739398,101.3683333,0,1
4/25/2024 23:00,28.6,82,East,27,34,0,1.901896723,101.3966667,0,1
4/26/2024 0:00,28.5,81,East,25,37,0,1.901739398,101.3783333,0,1
4/26/2024 1:00,28.6,82,East,22,32,0,1.901739398,101.3216667,0,1
4/26/2024 2:00,28.6,82,East,25,32,0,1.901896723,101.2533333,0,1
4/26/2024 3:00,28.6,82,East,25,32,0,1.901739398,101.2333333,0,1
4/26/2024 4:00,28.56684133,78.4757131,East,23.24835477,32.55278884,0,1.901739398,101.2266667,1,1
4/26/2024 5:00,28.3,84,East South-East,23,31,0,1.901739398,101.2483333,0,1
4/26/2024 6:00,28.2,82,East South-East,24,32,0,2.120291753,101.29,0,1
4/26/2024 7:00,28.4,81,East South-East,27,34,0,61.45340635,101.35,0,1
4/26/2024 8:00,28.5,81,East South-East,29,37,0,257.9337505,101.3816667,0,1
4/26/2024 9:00,27.6,88,East South-East,31,49,0.4,252.8567023,101.44,0,1
4/26/2024 10:00,28,83,East South-East,21,35,0,666.0166035,101.4266667,0,1
4/26/2024 11:00,28.4,86,East South-East,29,40,0,815.6130253,101.4016667,0,1
4/26/2024 12:00,28.5,84,East South-East,33,44,0,813.6987673,101.3566667,0,1
4/26/2024 13:00,28.7,84,East South-East,37,50,0,636.4593223,101.295,0,1
4/26/2024 14:00,28.9,80,East South-East,36,48,0,516.7423834,101.2433333,0,1
4/26/2024 15:00,28.9,80,East South-East,33,46,0,704.3586232,101.1916667,0,1
4/26/2024 16:00,28.8,81,East South-East,36,46,0,377.1294806,101.19,0,1
4/26/2024 17:00,28.7,81,East South-East,36,48,0,187.1464788,101.21,0,1
4/26/2024 18:00,28.4,79,East South-East,36,47,0,14.15103623,101.26,0,1
4/26/2024 19:00,28.4,79,East South-East,37,49,0,1.902886946,101.3166667,0,1
4/26/2024 20:00,28.3,81,East South-East,33,48,0,1.901739398,101.3483333,0,1
4/26/2024 21:00,28.3,81,East South-East,34,50,0,1.901896723,101.3866667,0,1
4/26/2024 22:00,28.2,81,East South-East,32,45,0,1.901739398,101.3983333,0,1
4/26/2024 23:00,28.3,78,East South-East,33,45,0,1.901739398,101.4116667,0,1
4/27/2024 0:00,28.1,83,East South-East,33,44,0,1.901896723,101.385,0,1
4/27/2024 1:00,28.1,82,East South-East,35,50,0,1.901739398,101.3416667,0,1
4/27/2024 2:00,28,82,East South-East,34,51,0,1.901739398,101.2966667,0,1
4/27/2024 3:00,28,80,East South-East,33,46,0,1.901896723,101.26,0,1
4/27/2024 4:00,28,80,East South-East,33,45,0,1.901739398,101.2316667,0,1
4/27/2024 5:00,27.9,82,East South-East,32,44,0,1.901739398,101.235,0,1
4/27/2024 6:00,28,83,East South-East,33,43,0,2.061683518,101.2866667,0,1
4/27/2024 7:00,28.1,79,East South-East,33,47,0,56.76970796,101.335,0,1
4/27/2024 8:00,28.3,78,East South-East,33,52,0,254.2521206,101.3683333,0,1
4/27/2024 9:00,28.50734144,79.13711405,East South-East,33.38148823,46.77547219,0,449.6012047,101.4066667,1,1
4/27/2024 10:00,28.6,79,East South-East,37,48,0,622.6330725,101.41,0,1
4/27/2024 11:00,28.6,80,East South-East,35,48,0,769.5476379,101.375,0,1
4/27/2024 12:00,28.7,78,East South-East,35,46,0,837.1057838,101.3316667,0,1
4/27/2024 13:00,28.8,81,East South-East,34,48,0,748.5381822,101.2683333,0,1
4/27/2024 14:00,28.7,79,East South-East,36,48,0,757.1049607,101.2116667,0,1
4/27/2024 15:00,28.7,79,East South-East,37,48,0,563.3479329,101.175,0,1
4/27/2024 16:00,28.7,80,East South-East,35,48,0,396.7032427,101.1533333,0,1
4/27/2024 17:00,28.4,82,East South-East,38,50,0,188.5371587,101.1883333,0,1
4/27/2024 18:00,28.3,83,East South-East,39,49,0,22.53255978,101.2383333,0,1
4/27/2024 19:00,28,84,East South-East,37,49,0,1.903053525,101.3016667,0,1
4/27/2024 20:00,27.8,84,East South-East,38,52,0,1.901739398,101.3533333,0,1
4/27/2024 21:00,27.8,84,East South-East,36,53,0,1.901896723,101.3966667,0,1
4/27/2024 22:00,28,82,East South-East,39,51,0,1.901739398,101.3966667,0,1
4/27/2024 23:00,27.9,80,East South-East,35,52,0,1.901739398,101.365,0,1
4/28/2024 0:00,27.8,84,East South-East,36,48,0,1.901739398,101.3183333,0,1
4/28/2024 1:00,27.7,82,East South-East,35,48,0,1.901896723,101.2933333,0,1
4/28/2024 2:00,27.2,85,East South-East,36,48,0,1.901739398,101.215,0,1
4/28/2024 3:00,26.7,88,East South-East,35,51,0,1.901739398,101.185,0,1
4/28/2024 4:00,26.2,86,East South-East,22,57,0,1.901896723,101.1916667,0,1
4/28/2024 5:00,26.5,85,East South-East,38,48,0,1.901739398,101.18,0,1
4/28/2024 6:00,26.7,87,East South-East,35,45,0,2.077721426,101.1833333,0,1
4/28/2024 7:00,25.5,90,East South-East,38,46,0,22.84219413,101.2383333,0,1
4/28/2024 8:00,27.1,86,East South-East,27,45,1,163.6920797,101.305,0,1
4/28/2024 9:00,28.4,79,East South-East,36,48,0,288.2136167,101.305,0,1
4/28/2024 10:00,28.6,79,East South-East,34,49,0,564.541975,101.3083333,0,1
4/28/2024 11:00,28.6,76,East South-East,36,47,0,721.1415487,101.2733333,0,1
4/28/2024 12:00,28.2,80,East South-East,38,50,0,584.9591478,101.2033333,0,1
4/28/2024 13:00,28.1,81,East South-East,42,57,0.4,789.3251452,101.1166667,0,1
4/28/2024 14:00,28,80,East South-East,40,59,0,816.8260205,101.0516667,0,1
4/28/2024 15:00,28.1,79,East South-East,40,55,0,531.9048233,101.035,0,1
4/28/2024 16:00,28,80,East South-East,41,58,0,282.1675938,101.04,0,1
4/28/2024 17:00,27.7,77,East South-East,45,59,0,207.516269,101.045,0,1
4/28/2024 18:00,27.6,78,East South-East,43,61,0,27.17635312,101.0966667,0,1
4/28/2024 19:00,26.1,86,East South-East,35,60,0,1.90321085,101.1933333,0,1
4/28/2024 20:00,27.6,76,East South-East,41,54,0,1.901739398,101.2733333,0,1
4/28/2024 21:00,27.3,81,East South-East,40,58,0,1.901739398,101.3016667,0,1
4/28/2024 22:00,27.4,75,East South-East,44,59,0,1.901896723,101.28,0,1
4/28/2024 23:00,27.2,74,East South-East,45,60,0,1.901739398,101.2466667,0,1
4/29/2024 0:00,27.2,72,East South-East,47,60,0,1.901739398,101.245,0,1
4/29/2024 1:00,27.2,73,East South-East,44,62,0,1.901739398,101.1933333,0,1
4/29/2024 2:00,27.2,73,East South-East,44,60,0,1.901739398,101.1583333,0,1
4/29/2024 3:00,27.2,75,East South-East,37,55,0,1.901739398,101.13,0,1
4/29/2024 4:00,27.2,73,East South-East,40,53,0,1.901896723,101.1,0,1
4/29/2024 5:00,27.3,74,East South-East,39,52,0,1.901739398,101.0816667,0,1
4/29/2024 6:00,27.3,76,East South-East,37,52,0,2.110602376,101.1066667,0,1
4/29/2024 7:00,27.4,74,East,36,50,0,38.18335528,101.1716667,0,1
4/29/2024 8:00,27.6,74,East,41,53,0,263.9110686,101.1966667,0,1
4/29/2024 9:00,27.8,73,East South-East,38,54,0,461.3805251,101.2133333,0,1
4/29/2024 10:00,27.8,75,East South-East,38,53,0,507.1237107,101.2433333,0,1
4/29/2024 11:00,27.8,74,East South-East,38,55,0,741.440265,101.2133333,0,1
4/29/2024 12:00,27.8,73,East South-East,40,53,0,812.665826,101.1283333,0,1
4/29/2024 13:00,27.8,74,East South-East,40,53,0,801.0097004,101.0616667,0,1
4/29/2024 14:00,27.8,73,East South-East,41,53,0,757.2944912,101.0166667,0,1
4/29/2024 15:00,27.9,74,East South-East,38,53,0,531.2367283,100.99,0,1
4/29/2024 16:00,27.8,70,East South-East,39,54,0,458.4996615,100.9933333,0,1
4/29/2024 17:00,27.6,72,East South-East,39,54,0,163.4883344,101.0283333,0,1
4/29/2024 18:00,27.4,73,East South-East,39,55,0,19.93013392,101.0966667,0,1
4/29/2024 19:00,27.3,74,East South-East,41,54,0,1.902720366,101.18,0,1
4/29/2024 20:00,27.3,70,East South-East,37,53,0,1.901739398,101.2483333,0,1
4/29/2024 21:00,27.3,73,East South-East,36,49,0,1.901739398,101.3016667,0,1
4/29/2024 22:00,27.3,72,East South-East,37,48,0,1.901896723,101.2933333,0,1
4/29/2024 23:00,27.2,75,East South-East,35,50,0,1.901739398,101.2633333,0,1
4/30/2024 0:00,27.2,76,East South-East,32,48,0,1.901739398,101.245,0,1
4/30/2024 1:00,27.2,77,East South-East,32,44,0,1.901896723,101.1983333,0,1
4/30/2024 2:00,27.2,79,East South-East,36,45,0,1.901739398,101.1366667,0,1
4/30/2024 3:00,27.2,77,East South-East,36,47,0,1.901739398,101.1116667,0,1
4/30/2024 4:00,27.2,77,East South-East,36,48,0,1.901896723,101.1316667,0,1
4/30/2024 5:00,27.1,78,East South-East,36,46,0,1.901739398,101.1466667,0,1
4/30/2024 6:00,27.2,79,East South-East,33,47,0,2.023629348,101.1733333,0,1
4/30/2024 7:00,27.3,79,East South-East,33,48,0,37.74980426,101.2366667,0,1
4/30/2024 8:00,27.6,77,East South-East,39,51,0,245.9269935,101.245,0,1
4/30/2024 9:00,27.8,79,East South-East,38,53,0,474.4486529,101.25,0,1
4/30/2024 10:00,27.9,80,East South-East,37,49,0,509.9382386,101.2766667,0,1
4/30/2024 11:00,27.9,79,East South-East,32,50,0,708.9926439,101.2183333,0,1
4/30/2024 12:00,27.4,81,East South-East,39,51,0,574.0564059,101.15,0,1
4/30/2024 13:00,28.2,78,East South-East,35,53,0,847.2551419,101.0716667,0,1
4/30/2024 14:00,27.7,82,East South-East,42,55,0,619.7948534,101.0166667,0,1
4/30/2024 15:00,27.9,82,East South-East,35,60,0,438.0114147,100.995,0,1
4/30/2024 16:00,27.7,85,East South-East,40,57,0,349.9129011,100.995,0,1
4/30/2024 17:00,27.7,81,East South-East,40,58,0,165.6205525,101.0116667,0,1
4/30/2024 18:00,27.6,80,East South-East,41,57,0,17.89355097,101.0833333,0,1
4/30/2024 19:00,27,85,East South-East,43,57,0,1.902553787,101.1383333,0,1
4/30/2024 20:00,27.1,86,East South-East,40,57,0,1.901739398,101.2,0,1
4/30/2024 21:00,27.3,81,East South-East,40,55,0,1.901739398,101.23,0,1
4/30/2024 22:00,27.4,78,East South-East,39,55,0,1.901739398,101.2516667,0,1
4/30/2024 23:00,27.5,79,East South-East,40,53,0,1.901896723,101.2483333,0,1
5/1/2024 0:00,27.3,81,East South-East,35,51,0,1.901739398,101.2033333,0,1
5/1/2024 1:00,27.4,80,East South-East,35,48,0,1.901739398,101.1616667,0,1
5/1/2024 2:00,27.1,80,East South-East,34,50,0.2,1.901896723,101.1083333,0,1
5/1/2024 3:00,27.1,82,East South-East,36,51,0,1.901739398,101.0883333,0,1
5/1/2024 4:00,27,84,East South-East,32,47,0,1.901739398,101.0916667,0,1
5/1/2024 5:00,27.2,78,East South-East,35,46,0,1.901896723,101.1116667,0,1
5/1/2024 6:00,27.3,79,East South-East,31,49,0,2.104846128,101.1583333,0,1
5/1/2024 7:00,27.47172176,76.71395595,East South-East,34.04020346,46.73774624,0,39.5025912,101.2233333,1,1
5/1/2024 8:00,27.59554585,77.26548524,East South-East,36.39803464,50.58579319,0,236.8496672,101.265,1,1
5/1/2024 9:00,27.7,75,East South-East,37,48,0,486.0384428,101.2966667,0,1
5/1/2024 10:00,28,75,East South-East,35,48,0,675.3415039,101.3466667,0,1
5/1/2024 11:00,28,77,East South-East,34,49,0,701.7810084,101.2866667,0,1
5/1/2024 12:00,28,77,East South-East,35,48,0,865.0425792,101.1983333,0,1
5/1/2024 13:00,28,75,East South-East,38,50,0,812.0877581,101.105,0,1
5/1/2024 14:00,28,75,East South-East,35,51,0,792.9830839,101.045,0,1
5/1/2024 15:00,28,75,East South-East,33,46,0,622.026575,101.015,0,1
5/1/2024 16:00,28.1,76,East South-East,34,46,0,387.4352014,101.0183333,0,1
5/1/2024 17:00,28,75,East South-East,36,48,0,187.4497275,101.0683333,0,1
5/1/2024 18:00,27.8,77,East South-East,36,48,0,24.50339932,101.1283333,0,1
5/1/2024 19:00,27.6,77,East South-East,38,52,0,1.902720366,101.1733333,0,1
5/1/2024 20:00,27.5,79,East South-East,39,51,0,1.901896723,101.2383333,0,1
5/1/2024 21:00,27.4,80,East South-East,36,53,0,1.901739398,101.275,0,1
5/1/2024 22:00,27.5,81,East South-East,34,49,0,1.901739398,101.2716667,0,1
5/1/2024 23:00,27.3,82,East South-East,33,48,0,1.901896723,101.2633333,0,1
5/2/2024 0:00,27.1,82,East South-East,34,49,0,1.901739398,101.2316667,0,1
5/2/2024 1:00,26.9,80,East South-East,30,50,0,1.901739398,101.1933333,0,1
5/2/2024 2:00,26.5,86,East South-East,37,47,0,1.901896723,101.1283333,0,1
5/2/2024 3:00,27.6,80,East South-East,33,46,0,1.901739398,101.0816667,0,1
5/2/2024 4:00,25.6,85,East,35,48,1.4,1.901739398,101.065,0,1
5/2/2024 5:00,26.5,85,East,31,52,1.8,1.901896723,101.0866667,0,1
5/2/2024 6:00,27.4,79,East South-East,34,56,0.4,2.047200353,101.12,0,1
5/2/2024 7:00,27.5,78,East South-East,38,51,0,33.39030667,101.1733333,0,1
5/2/2024 8:00,27.8,75,East South-East,33,54,0,252.9372527,101.1866667,0,1
5/2/2024 9:00,27.3,82,East,32,47,0,293.3190945,101.215,0,1
5/2/2024 10:00,27.9,76,East,33,48,0.6,450.890012,101.2316667,0,1
5/2/2024 11:00,28.2,77,East South-East,30,44,0,819.5931658,101.1466667,0,1
5/2/2024 12:00,28.3,76,East,30,44,0,876.7555639,101.0583333,0,1
5/2/2024 13:00,28.3,72,East,31,38,0,821.185222,100.9683333,0,1
5/2/2024 14:00,28.3,75,East,28,39,0,779.1852637,100.88,0,1
5/2/2024 15:00,28.4,77,East,31,42,0,598.5816524,100.8233333,0,1
5/2/2024 16:00,28.4,78,East South-East,28,45,0,245.6190065,100.8216667,0,1
5/2/2024 17:00,28.2,77,East,30,41,0,163.055968,100.8566667,0,1
5/2/2024 18:00,28.23396358,75.21447478,East,29.68775793,40.55069035,0,15.81538794,100.9316667,1,1
5/2/2024 19:00,28.1,77,East,29,40,0,1.902229882,100.9866667,0,1
5/2/2024 20:00,28,79,East,30,42,0,1.901739398,101.07,0,1
5/2/2024 21:00,28,80,East,28,40,0,1.901896723,101.1416667,0,1
5/2/2024 22:00,28,80,East,28,39,0,1.901739398,101.19,0,1
5/2/2024 23:00,27.9,78,East,28,41,0,1.901739398,101.19,0,1
5/3/2024 0:00,27.7,82,East,27,36,0,1.901896723,101.17,0,1
5/3/2024 1:00,27.7,82,East,25,34,0,1.901739398,101.1383333,0,1
5/3/2024 2:00,27.6,81,East,24,32,0,1.901739398,101.08,0,1
5/3/2024 3:00,27.5,82,East South-East,24,33,0,1.901896723,101.0483333,0,1
5/3/2024 4:00,27.4,82,East South-East,29,35,0,1.901739398,101.02,0,1
5/3/2024 5:00,27.6,81,East,27,34,0,1.901739398,101.0283333,0,1
5/3/2024 6:00,27.5,80,East,27,36,0,2.073344086,101.055,0,1
5/3/2024 7:00,27.5,80,East South-East,27,37,0,33.62144505,101.1016667,0,1
5/3/2024 8:00,28.1,79,East,28,43,0,280.9380147,101.1366667,0,1
5/3/2024 9:00,28,82,East,31,41,0,430.3638591,101.1533333,0,1
5/3/2024 10:00,28.1,80,East,32,44,0,524.4657512,101.1416667,0,1
5/3/2024 11:00,28.2,80,East,36,48,0,658.7575854,101.08,0,1
5/3/2024 12:00,28.3,78,East,33,48,0,756.659564,101.0083333,0,1
5/3/2024 13:00,28.4,78,East,37,48,0,743.9041615,100.93,0,1
5/3/2024 14:00,28.0200856,79.6266787,East,34.0894532,52.58526857,0,459.9021872,100.885,1,1
5/3/2024 15:00,28.22753115,79.10096526,East,36.07791135,50.01990393,0,543.2008409,100.85,1,1
5/3/2024 16:00,28.1,81,East,37,51,0,332.0259604,100.8733333,0,1
5/3/2024 17:00,27.8,83,East,42,54,0,159.0912268,100.9183333,0,1
5/3/2024 18:00,27.7,83,East,43,56,0.2,16.43635944,101.0116667,0,1
5/3/2024 19:00,27,90,East,41,57,0,1.901896723,101.07,0,1
5/3/2024 20:00,27.6,85,East,33,50,0,1.901739398,101.1516667,0,1
5/3/2024 21:00,27.2,87,East,40,59,1.8,1.901896723,101.175,0,1
5/3/2024 22:00,27.8,84,East,36,51,0,1.901739398,101.1733333,0,1
5/3/2024 23:00,27.8,84,East,32,46,0,1.901739398,101.2033333,0,1
5/4/2024 0:00,27.5,85,East,28,43,0,1.901896723,101.2383333,0,1
5/4/2024 1:00,27.7,84,East,26,57,0.4,1.901739398,101.2233333,0,1
5/4/2024 2:00,26.6,89,East,25,40,0.8,1.901739398,101.1666667,0,1
5/4/2024 3:00,27.6,84,East,26,42,5.1,1.901896723,101.1416667,0,1
5/4/2024 4:00,27.6,85,East,23,36,0,1.901739398,101.1016667,0,1
5/4/2024 5:00,27.5,86,East South-East,24,32,0,1.901739398,101.1033333,0,1
5/4/2024 6:00,27.5,84,East,23,35,0,2.033133636,101.1283333,0,1
5/4/2024 7:00,28,81,East,25,33,0,64.15902825,101.18,0,1
5/4/2024 8:00,28.2,77,East,25,32,0,226.6801714,101.23,0,1
5/4/2024 9:00,28.2,79,East,26,33,0,420.1955479,101.2633333,0,1
5/4/2024 10:00,28.4,77,East,28,36,0,628.9349616,101.2683333,0,1
5/4/2024 11:00,28.4,78,East,29,37,0,796.6410225,101.22,0,1
5/4/2024 12:00,28.6,77,East,27,36,0,887.464037,101.1716667,0,1
5/4/2024 13:00,28.7,78,East,27,34,0,842.5926917,101.145,0,1
5/4/2024 14:00,28.6,79,East,25,35,0,743.155516,101.0583333,0,1
5/4/2024 15:00,28.6,79,East,23,34,0,634.0238555,101.0283333,0,1
5/4/2024 16:00,28.4,80,East,22,33,0,377.461159,101.0566667,0,1
5/4/2024 17:00,28.4,79,East,24,31,0,178.1366727,101.105,0,1
5/4/2024 18:00,28.3,82,East,24,30,0,19.55652377,101.1683333,0,1
5/4/2024 19:00,28.2,81,East,19,29,0,1.902220627,101.2433333,0,1
5/4/2024 20:00,28.1,83,East,22,30,0,1.901739398,101.3216667,0,1
5/4/2024 21:00,28.1,82,East,22,28,0,1.901739398,101.3616667,0,1
5/4/2024 22:00,28.1,83,East,22,28,0,1.901896723,101.38,0,1
5/4/2024 23:00,28.1,83,East,21,30,0,1.901739398,101.3766667,0,1
5/5/2024 0:00,28,81,East,24,33,0,1.901739398,101.3766667,0,1
5/5/2024 1:00,28,82,East,27,35,0,1.901896723,101.335,0,1
5/5/2024 2:00,28,82,East,26,38,0,1.901739398,101.3033333,0,1
5/5/2024 3:00,27.9,81,East,28,39,0,1.901739398,101.29,0,1
5/5/2024 4:00,27.3,86,East,35,45,0,1.901896723,101.2483333,0,1
5/5/2024 5:00,27.4,83,East,26,41,0,1.901739398,101.2483333,0,1
5/5/2024 6:00,27.8,83,East,29,39,0,2.050550453,101.2866667,0,1
5/5/2024 7:00,28,82,East,32,43,0,56.03794256,101.3283333,0,1
5/5/2024 8:00,28.2,80,East,30,43,0,255.2068805,101.3783333,0,1
5/5/2024 9:00,28.4,81,East,32,45,0,469.0849398,101.3966667,0,1
5/5/2024 10:00,28.7,79,East,33,43,0,630.3943464,101.44,0,1
5/5/2024 11:00,28.7,79,East,29,39,0,708.1208035,101.42,0,1
5/5/2024 12:00,28.7,80,East,30,39,0,744.6717601,101.3433333,0,1
5/5/2024 13:00,28.8,79,East,29,39,0,844.5543323,101.2966667,0,1
5/5/2024 14:00,28.8,79,East,29,39,0,807.122059,101.2233333,0,1
5/5/2024 15:00,28.8,79,East,27,37,0,560.7608416,101.205,0,1
5/5/2024 16:00,28.8,80,East,30,38,0,376.4519091,101.1983333,0,1
5/5/2024 17:00,28.6,81,East,31,40,0,170.7994734,101.2,0,1
5/5/2024 18:00,28.5,83,East,28,41,0,23.53286991,101.2383333,0,1
5/5/2024 19:00,28.5,81,East,30,40,0,1.902229882,101.2816667,0,1
5/5/2024 20:00,28.5,84,East,35,44,0,1.901739398,101.3083333,0,1
5/5/2024 21:00,28.4,84,East,34,45,0,1.901739398,101.3416667,0,1
5/5/2024 22:00,28.5,86,East,36,47,0,1.901896723,101.3483333,0,1
5/5/2024 23:00,28.3,84,East,29,47,0,1.901739398,101.345,0,1
5/6/2024 0:00,28.4,82,East,37,48,0,1.901739398,101.375,0,1
5/6/2024 1:00,28.3,84,East,35,46,0,1.901896723,101.355,0,1
5/6/2024 2:00,28.4,83,East,35,46,0,1.901739398,101.3266667,0,1
5/6/2024 3:00,28.2,83,East,35,50,0,1.901739398,101.3083333,0,1
5/6/2024 4:00,28.3,84,East,36,50,0,1.901896723,101.285,0,1
5/6/2024 5:00,28.2,84,East,37,54,0,1.901739398,101.2983333,0,1
5/6/2024 6:00,28.3,82,East,37,54,0,2.043702183,101.3433333,0,1
5/6/2024 7:00,28.2,82,East,39,54,0,42.80019975,101.4216667,0,1
5/6/2024 8:00,28.3,80,East,42,55,0,199.463592,101.465,0,1
5/6/2024 9:00,28.3,83,East,33,53,0,431.4726125,101.485,0,1
5/6/2024 10:00,28.5,81,East,37,53,0,519.1399443,101.4916667,0,1
5/6/2024 11:00,28.7,82,East,40,55,0.2,636.6914972,101.4583333,0,1
5/6/2024 12:00,28.3,82,East,37,54,0,718.222779,101.41,0,1
5/6/2024 13:00,28.3,86,East,33,47,0,829.5245638,101.3133333,0,1
5/6/2024 14:00,28.8,82,East,33,49,0,578.8136215,101.2383333,0,1
5/6/2024 15:00,28.6,83,East,32,44,0,540.5379374,101.21,0,1
5/6/2024 16:00,28.6,80,East,32,41,0,356.4753946,101.19,0,1
5/6/2024 17:00,28.4,82,East South-East,29,41,0,129.1548847,101.21,0,1
5/6/2024 18:00,28.3,82,East,26,46,0.2,13.28470233,101.2683333,0,1
5/6/2024 19:00,28.1,84,East,25,36,0,1.902063302,101.3583333,0,1
5/6/2024 20:00,27.8,88,East South-East,24,37,0,1.901896723,101.45,0,1
5/6/2024 21:00,27.8,87,East South-East,26,37,0,1.901739398,101.505,0,1
5/6/2024 22:00,27.7,88,East South-East,21,34,0,1.901739398,101.545,0,1
5/6/2024 23:00,27.9,84,East South-East,26,39,0,1.901896723,101.5266667,0,1
5/7/2024 0:00,27.9,82,East,28,44,0,1.901739398,101.495,0,1
5/7/2024 1:00,26.5,90,East North-East,29,49,0,1.901739398,101.4816667,0,1
5/7/2024 2:00,25.4,90,North-East,9,46,0.8,1.901739398,101.45,0,1
5/7/2024 3:00,27.9,81,East,30,42,0,1.901739398,101.3683333,0,1
5/7/2024 4:00,27.9,77,East,29,39,0,1.901739398,101.3216667,0,1
5/7/2024 5:00,27.7,79,East,27,36,0,1.901896723,101.3266667,0,1
5/7/2024 6:00,27.6,80,East,26,36,0,2.043063628,101.3516667,0,1
5/7/2024 7:00,27.7,79,East,27,34,0,51.37090212,101.4083333,0,1
5/7/2024 8:00,27.9,81,East,27,36,0,245.9791143,101.4516667,0,1
5/7/2024 9:00,28.1,80,East,28,37,0,449.9044534,101.4816667,0,1
5/7/2024 10:00,28.1,78,East,30,39,0,671.4182226,101.49,0,1
5/7/2024 11:00,28.3,78,East,30,38,0,779.1852637,101.4516667,0,1
5/7/2024 12:00,28.3,77,East,28,37,0,796.5841634,101.3716667,0,1
5/7/2024 13:00,28.4,79,East,28,36,0,842.1662481,101.285,0,1
5/7/2024 14:00,28.4,78,East,28,39,0,719.1230489,101.2133333,0,1
5/7/2024 15:00,28.5,79,East,28,36,0,615.7152094,101.1466667,0,1
5/7/2024 16:00,28.3,79,East,28,36,0,393.1732371,101.11,0,1
5/7/2024 17:00,28.2,79,East South-East,28,36,0,185.6444495,101.115,0,1
5/7/2024 18:00,28.1,81,East South-East,28,37,0,19.51198225,101.1566667,0,1
5/7/2024 19:00,27.9,80,East South-East,24,37,0,1.902229882,101.2133333,0,1
5/7/2024 20:00,27.9,81,East South-East,27,37,0,1.901896723,101.27,0,1
5/7/2024 21:00,27.9,83,East South-East,27,40,0,1.901739398,101.2966667,0,1
5/7/2024 22:00,27.8,82,East South-East,28,38,0,1.901739398,101.3033333,0,1
5/7/2024 23:00,27.7,81,East South-East,27,38,0,1.901739398,101.3016667,0,1
5/8/2024 0:00,27.5,83,East South-East,28,36,0,1.901896723,101.2783333,0,1
5/8/2024 1:00,27.4,85,East South-East,24,41,0,1.901739398,101.2533333,0,1
5/8/2024 2:00,27.3,84,East South-East,23,35,0,1.901739398,101.2033333,0,1
5/8/2024 3:00,27,87,East South-East,21,32,0,1.901896723,101.16,0,1
5/8/2024 4:00,27.3,87,East South-East,16,28,0,1.901739398,101.14,0,1
5/8/2024 5:00,27.4,84,East South-East,19,30,0,1.901896723,101.145,0,1
5/8/2024 6:00,27.3,85,East South-East,21,28,0,2.01341247,101.175,0,1
5/8/2024 7:00,27.6,83,East South-East,20,27,0,51.4556726,101.225,0,1
5/8/2024 8:00,27.6,82,East South-East,22,29,0,269.4335134,101.27,0,1
5/8/2024 9:00,28,82,East South-East,19,29,0,462.4892785,101.2966667,0,1
5/8/2024 10:00,28.3,81,East,19,26,0,634.232339,101.3183333,0,1
5/8/2024 11:00,28.5,80,East,19,25,0,707.0783858,101.2766667,0,1
5/8/2024 12:00,28.2,76,East,22,31,0,827.9514607,101.205,0,1
5/8/2024 13:00,28.3,82,East,17,26,0,850.6951205,101.1233333,0,1
5/8/2024 14:00,27.8,78,North-East,15,38,0,385.1608354,101.0733333,0,1
5/8/2024 15:00,28.1,78,North-East,15,24,0,539.2207005,101.0266667,0,1
5/8/2024 16:00,26.5,87,East,5,24,0.4,229.2317258,101.0283333,0,1
5/8/2024 17:00,27.4,84,East,6,13,0,132.78084,101.0466667,0,1
5/8/2024 18:00,28.3,77,East,21,31,0.2,9.503633678,101.0933333,0,1
5/8/2024 19:00,28.3,78,East North-East,20,30,0,1.902063302,101.14,0,1
5/8/2024 20:00,28.1,78,East North-East,23,29,0,1.901739398,101.23,0,1
5/8/2024 21:00,28.1,78,East,28,35,0,1.901896723,101.2716667,0,1
5/8/2024 22:00,28,77,East,26,33,0,1.901739398,101.2783333,0,1
5/8/2024 23:00,27.8,79,East,25,32,0,1.901739398,101.2733333,0,1
5/9/2024 0:00,27.7,77,East,24,36,0,1.901896723,101.2833333,0,1
5/9/2024 1:00,27.8,79,East,23,34,0,1.901739398,101.26,0,1
5/9/2024 2:00,27.8,79,East,23,31,0,1.901739398,101.2133333,0,1
5/9/2024 3:00,27.5,78,East,21,30,0,1.901896723,101.145,0,1
5/9/2024 4:00,27.5,76,East,19,28,0,1.901739398,101.125,0,1
5/9/2024 5:00,27.5,80,East,23,30,0,1.901739398,101.1266667,0,1
5/9/2024 6:00,27.5,78,East,23,28,0,2.014948703,101.1816667,0,1
5/9/2024 7:00,27.7,76,East,21,29,0,51.90136541,101.25,0,1
5/9/2024 8:00,28.1,76,East,22,27,0,234.3229887,101.2966667,0,1
5/9/2024 9:00,28.2,76,East,21,27,0,440.2241832,101.36,0,1
5/9/2024 10:00,28.4,76,East,18,27,0,631.9769261,101.3816667,0,1
5/9/2024 11:00,28.4,76,East,22,27,0,745.8421108,101.3283333,0,1
5/9/2024 12:00,28.4,75,East,23,29,0,780.9573738,101.25,0,1
5/9/2024 13:00,28.4,76,East,22,29,0,826.7763717,101.18,0,1
5/9/2024 14:00,28.5,75,East,20,29,0,750.0165201,101.1266667,0,1
5/9/2024 15:00,28.7,77,East,20,29,0,612.2278482,101.0916667,0,1
5/9/2024 16:00,28.4,78,East,22,29,0,398.821246,101.08,0,1
5/9/2024 17:00,28.3,77,East,22,28,0,169.8352369,101.1183333,0,1
5/9/2024 18:00,28.2,79,East,19,28,0,15.47819393,101.1666667,0,1
5/9/2024 19:00,28.1,80,East South-East,19,26,0,1.902220627,101.2283333,0,1
5/9/2024 20:00,28.1,79,East South-East,20,27,0,1.901739398,101.3,0,1
5/9/2024 21:00,28.1,83,East South-East,22,28,0,1.901739398,101.3433333,0,1
5/9/2024 22:00,28,83,East South-East,21,31,0,1.901896723,101.37,0,1
5/9/2024 23:00,28,85,East South-East,21,30,0,1.901739398,101.3766667,0,1
5/10/2024 0:00,27.9,85,East South-East,24,31,0,1.901739398,101.3533333,0,1
5/10/2024 1:00,28,84,East South-East,22,29,0,1.901896723,101.3033333,0,1
5/10/2024 2:00,27.9,85,East South-East,21,31,0,1.901739398,101.2633333,0,1
5/10/2024 3:00,27.8,86,East South-East,21,29,0,1.901739398,101.24,0,1
5/10/2024 4:00,27.8,88,East,17,27,0,1.901896723,101.2383333,0,1
5/10/2024 5:00,27.7,88,East,14,22,0,1.901739398,101.2533333,0,1
5/10/2024 6:00,27.8,87,East,16,22,0,2.002779142,101.275,0,1
5/10/2024 7:00,27.9,86,East North-East,17,24,0.4,31.59272837,101.325,0,1
5/10/2024 8:00,28.6,84,East North-East,20,29,0,216.4786924,101.3616667,0,1
5/10/2024 9:00,28.6,84,East North-East,22,29,0,384.6064587,101.3633333,0,1
5/10/2024 10:00,29,83,East North-East,22,30,0,625.47603,101.365,0,1
5/10/2024 11:00,29.1,80,East North-East,22,32,0,720.7814407,101.3233333,0,1
5/10/2024 12:00,29.1,81,East North-East,21,35,0,823.3837757,101.2633333,0,1
5/10/2024 13:00,29,80,North-East,21,29,0,823.4406348,101.2116667,0,1
5/10/2024 14:00,29.3,78,North-East,18,31,0,733.0724936,101.16,0,1
5/10/2024 15:00,29.2,81,North-East,18,25,0,605.4995155,101.0783333,0,1
5/10/2024 16:00,29.2,79,East North-East,16,22,0,364.1039971,101.0566667,0,1
5/10/2024 17:00,27.7,83,East North-East,18,39,1,200.0606131,101.0816667,0,1
5/10/2024 18:00,28.5,83,East North-East,15,22,0,16.10053509,101.13,0,1
5/10/2024 19:00,26.6,90,East North-East,17,36,3.8,1.902063302,101.19,0,1
5/10/2024 20:00,25.9,93,South South-East,3,15,0.2,1.901896723,101.2616667,0,1
5/10/2024 21:00,28.3,86,East North-East,18,22,0,1.901739398,101.275,0,1
5/10/2024 22:00,28.3,87,East,20,26,0,1.901739398,101.2783333,0,1
5/10/2024 23:00,28.3,85,East,21,27,0,1.901896723,101.2833333,0,1
5/11/2024 0:00,28.3,84,East,23,29,0,1.901739398,101.2633333,0,1
5/11/2024 1:00,28.2,83,East North-East,24,31,0,1.901739398,101.265,0,1
5/11/2024 2:00,28.1,82,East North-East,25,32,0,1.901739398,101.23,0,1
5/11/2024 3:00,28,81,East North-East,23,32,0,1.901739398,101.1916667,0,1
5/11/2024 4:00,27.9,79,East North-East,23,31,0,1.901739398,101.2,0,1
5/11/2024 5:00,27.8,79,East North-East,19,28,0,1.901896723,101.2216667,0,1
5/11/2024 6:00,27.8,77,East North-East,18,25,0,2.021704429,101.2733333,0,1
5/11/2024 7:00,28.1,79,East North-East,19,24,0,50.79105725,101.3033333,0,1
5/11/2024 8:00,28.3,78,East North-East,18,26,0,257.8484618,101.3233333,0,1
5/11/2024 9:00,28.3,77,East,19,25,0,454.4626619,101.365,0,1
5/11/2024 10:00,28.5,77,East,19,25,0,623.0500397,101.3883333,0,1
5/11/2024 11:00,28.5,75,East,18,26,0,753.3522568,101.3716667,0,1
5/11/2024 12:00,28.6,77,East,19,27,0,839.0010888,101.3416667,0,1
5/11/2024 13:00,28.6,76,East,19,26,0,716.9055421,101.2916667,0,1
5/11/2024 14:00,28.7,75,East,19,24,0,736.493519,101.25,0,1
5/11/2024 15:00,28.7,74,East,19,25,0,589.8774642,101.2,0,1
5/11/2024 16:00,28.5,75,East,19,26,0,405.7438474,101.1916667,0,1
5/11/2024 17:00,28.3,76,East,18,26,0,148.0652901,101.2383333,0,1
5/11/2024 18:00,28.1,77,East,21,28,0,14.1776612,101.2983333,0,1
5/11/2024 19:00,28,78,East,21,28,0,1.902063302,101.3516667,0,1
5/11/2024 20:00,27.9,79,East,21,28,0,1.901739398,101.4116667,0,1
5/11/2024 21:00,27.8,78,East South-East,20,28,0,1.901896723,101.4366667,0,1
5/11/2024 22:00,27.8,80,East South-East,21,26,0,1.901739398,101.445,0,1
5/11/2024 23:00,27.8,82,East South-East,21,29,0,1.901739398,101.4383333,0,1
5/12/2024 0:00,27.7,83,East South-East,22,28,0,1.901739398,101.3916667,0,1
5/12/2024 1:00,27.6,84,East South-East,22,29,0,1.901739398,101.3666667,0,1
5/12/2024 2:00,27,88,East South-East,21,42,3.6,1.901739398,101.3566667,0,1
5/12/2024 3:00,27,87,East South-East,22,30,0,1.901896723,101.3433333,0,1
5/12/2024 4:00,27.5,85,East South-East,21,31,0,1.901739398,101.3266667,0,1
5/12/2024 5:00,26.5,88,East,15,36,0,1.901739398,101.345,0,1
5/12/2024 6:00,26.5,90,East,21,32,0,1.945947756,101.4,0,1
5/12/2024 7:00,27.5,86,East,18,27,0,29.99741462,101.4766667,0,1
5/12/2024 8:00,27.2,87,East,19,32,0,107.5886832,101.5333333,0,1
5/12/2024 9:00,27.9,82,East,22,29,0,298.5217066,101.5716667,0,1
5/12/2024 10:00,27.7,85,East,22,29,0,521.9213043,101.575,0,1
5/12/2024 11:00,27,89,East,26,36,0,372.5191512,101.55,0,1
5/12/2024 12:00,27.9,85,East,24,31,0,453.4297206,101.4716667,0,1
5/12/2024 13:00,28.3,85,East South-East,24,33,0,569.1001834,101.3916667,0,1
5/12/2024 14:00,28.1,85,East South-East,20,31,0,527.422427,101.3433333,0,1
5/12/2024 15:00,28.3,85,East South-East,22,28,0,596.894831,101.31,0,1
5/12/2024 16:00,28.5,83,East,24,30,0,331.7369263,101.305,0,1
5/12/2024 17:00,26.5,87,East,28,38,0.8,198.778913,101.35,0,1
5/12/2024 18:00,28.2,83,East,23,30,0.2,13.99502525,101.4166667,0,1
5/12/2024 19:00,26.7,89,East South-East,28,41,0,1.902229882,101.4666667,0,1
5/12/2024 20:00,27.5,86,East South-East,24,33,0,1.901739398,101.5233333,0,1
5/12/2024 21:00,28,83,East South-East,24,33,0,1.901896723,101.5566667,0,1
5/12/2024 22:00,27.9,81,East,34,45,0,1.901739398,101.5566667,0,1
5/12/2024 23:00,28,81,East,29,44,0,1.901739398,101.545,0,1
5/13/2024 0:00,27.9,80,East,29,40,0,1.901739398,101.5116667,0,1
5/13/2024 1:00,27.9,82,East,26,38,0,1.901896723,101.5016667,0,1
5/13/2024 2:00,27.8,82,East,29,39,0,1.901739398,101.45,0,1
5/13/2024 3:00,27.8,80,East,28,38,0,1.901739398,101.425,0,1
5/13/2024 4:00,27.7,80,East,29,37,0,1.901896723,101.405,0,1
5/13/2024 5:00,27.8,78,East,30,39,0,1.901739398,101.4166667,0,1
5/13/2024 6:00,27.7,78,East,30,39,0,2.001344708,101.45,0,1
5/13/2024 7:00,27.9,76,East,29,39,0,42.85661469,101.5066667,0,1
5/13/2024 8:00,28.1,78,East,30,39,0,216.725082,101.5616667,0,1
5/13/2024 9:00,28.1,78,East,29,39,0,362.1565712,101.59,0,1
5/13/2024 10:00,28.2,77,East,30,39,0,586.6791371,101.615,0,1
5/13/2024 11:00,28.3,76,East South-East,30,40,0,564.5940959,101.6016667,0,1
5/13/2024 12:00,28.3,76,East South-East,30,41,0,850.7898857,101.55,0,1
5/13/2024 13:00,28.3,76,East South-East,31,41,0,825.3738459,101.4783333,0,1
5/13/2024 14:00,28.2,74,East South-East,31,42,0,755.2286087,101.4116667,0,1
5/13/2024 15:00,28.2,75,East South-East,31,42,0,606.6366985,101.3683333,0,1
5/13/2024 16:00,28.2,75,East South-East,29,40,0,405.014155,101.3783333,0,1
5/13/2024 17:00,27.9,76,East South-East,29,40,0,145.4071249,101.4383333,0,1
5/13/2024 18:00,27.8,76,East South-East,32,42,0,15.11210763,101.5,0,1
5/13/2024 19:00,27.8,78,East South-East,33,46,0,1.902054048,101.54,0,1
5/13/2024 20:00,27.8,76,East South-East,33,44,0,1.901739398,101.5916667,0,1
5/13/2024 21:00,27.7,75,East South-East,35,45,0,1.901739398,101.6333333,0,1
5/13/2024 22:00,27.7,78,East South-East,36,49,0,1.901896723,101.615,0,1
5/13/2024 23:00,27.7,76,East South-East,40,55,0,1.901739398,101.5816667,0,1
5/14/2024 0:00,27.7,77,East South-East,36,54,0,1.901739398,101.5733333,0,1
5/14/2024 1:00,27.6,74,East South-East,39,52,0,1.901739398,101.54,0,1
5/14/2024 2:00,27.5,71,East South-East,35,50,0,1.901739398,101.5083333,0,1
5/14/2024 3:00,27.5,77,East South-East,33,44,0,1.901739398,101.4783333,0,1
5/14/2024 4:00,27.3,77,East South-East,34,46,0,1.901896723,101.4566667,0,1
5/14/2024 5:00,27.3,76,East South-East,35,45,0,1.901739398,101.4733333,0,1
5/14/2024 6:00,27.5,74,East South-East,34,50,0,2.004454192,101.5266667,0,1
5/14/2024 7:00,27.7,77,East South-East,32,45,0,42.47681334,101.585,0,1
5/14/2024 8:00,27.7,75,East South-East,38,50,0,208.6013311,101.595,0,1
5/14/2024 9:00,28,75,East South-East,37,53,0,372.1590433,101.6316667,0,1
5/14/2024 10:00,28,72,East South-East,36,51,0,615.1087117,101.6383333,0,1
5/14/2024 11:00,28.1,72,East South-East,38,50,0,749.1825858,101.5916667,0,1
5/14/2024 12:00,28.2,72,East South-East,37,50,0,761.0756246,101.51,0,1
5/14/2024 13:00,28.2,72,East South-East,36,50,0,675.1519734,101.4166667,0,1
5/14/2024 14:00,28.3,73,East South-East,37,52,0,683.6997989,101.3266667,0,1
5/14/2024 15:00,28,75,East South-East,37,49,0,573.8384459,101.2883333,0,1
5/14/2024 16:00,28,76,East South-East,36,48,0,348.4772076,101.29,0,1
5/14/2024 17:00,28,76,East South-East,36,49,0,149.5602119,101.33,0,1
5/14/2024 18:00,27.9,74,East South-East,36,53,0,14.41189979,101.3933333,0,1
5/14/2024 19:00,27.9,78,East South-East,34,45,0,1.901896723,101.4516667,0,1
5/14/2024 20:00,27.8,78,East South-East,36,49,0,1.901896723,101.5066667,0,1
5/14/2024 21:00,27.8,79,East South-East,32,48,0,1.901739398,101.53,0,1
5/14/2024 22:00,27.7,79,East South-East,32,48,0,1.901739398,101.5316667,0,1
5/14/2024 23:00,27.8,76,East South-East,35,49,0,1.901896723,101.5216667,0,1
5/15/2024 0:00,27.7,77,East South-East,37,49,0,1.901739398,101.4916667,0,1
5/15/2024 1:00,27.6,76,East South-East,35,46,0,1.901739398,101.455,0,1
5/15/2024 2:00,27.6,79,East South-East,35,47,0,1.901896723,101.3783333,0,1
5/15/2024 3:00,27.5,77,East South-East,37,50,0,1.901739398,101.3483333,0,1
5/15/2024 4:00,27.5,74,East South-East,36,49,0,1.901896723,101.335,0,1
5/15/2024 5:00,27.5,75,East,31,44,0,1.901739398,101.3716667,0,1
5/15/2024 6:00,27.6,73,East,32,43,0,2.009136928,101.4166667,0,1
5/15/2024 7:00,27.8,72,East,31,41,0,46.58207353,101.485,0,1
5/15/2024 8:00,28.1,74,East,27,40,0,233.839686,101.5166667,0,1
5/15/2024 9:00,28.1,74,East,28,38,0,431.2451759,101.545,0,1
5/15/2024 10:00,28,77,East South-East,26,39,0,558.2637772,101.5583333,0,1
5/15/2024 11:00,28.3,76,East South-East,30,41,0,698.3031238,101.5083333,0,1
5/15/2024 12:00,28.3,74,East,31,45,0,824.5209587,101.4083333,0,1
5/15/2024 13:00,28.3,73,East,32,43,0,806.4776554,101.305,0,1
5/15/2024 14:00,28.2,73,East South-East,33,46,0,733.3757423,101.2166667,0,1
5/15/2024 15:00,28.3,76,East South-East,32,44,0,599.8515067,101.1816667,0,1
5/15/2024 16:00,28,76,East South-East,33,46,0,373.2962263,101.1866667,0,1
5/15/2024 17:00,27.9,75,East South-East,35,46,0,147.4611617,101.2333333,0,1
5/15/2024 18:00,27.8,76,East South-East,36,48,0,14.30164265,101.2716667,0,1
5/15/2024 19:00,27.7,77,East South-East,35,46,0,1.901896723,101.3183333,0,1
5/15/2024 20:00,27.7,78,East South-East,38,54,0,1.901739398,101.39,0,1
5/15/2024 21:00,27.5,82,East South-East,36,52,0,1.901739398,101.4266667,0,1
5/15/2024 22:00,27.5,77,East South-East,38,54,0,1.901739398,101.4333333,0,1
5/15/2024 23:00,27.3,80,East South-East,36,53,0,1.901896723,101.435,0,1
5/16/2024 0:00,27,84,East South-East,35,57,0,1.901739398,101.43,0,1
5/16/2024 1:00,26.3,85,East South-East,40,57,0,1.901739398,101.3933333,0,1
5/16/2024 2:00,26.7,82,East South-East,35,57,0,1.901896723,101.3616667,0,1
5/16/2024 3:00,26.8,79,East South-East,38,53,0,1.901739398,101.2966667,0,1
5/16/2024 4:00,27.1,74,East South-East,39,53,0,1.901739398,101.285,0,1
5/16/2024 5:00,27,71,East South-East,40,55,0,1.901896723,101.2833333,0,1
5/16/2024 6:00,27,70,East South-East,36,53,0,1.977542342,101.335,0,1
5/16/2024 7:00,27.1,68,East South-East,37,52,0,43.46392666,101.3816667,0,1
5/16/2024 8:00,27.2,70,East South-East,38,51,0,264.6194388,101.4166667,0,1
5/16/2024 9:00,27.2,76,East South-East,33,49,0,473.5294299,101.445,0,1
5/16/2024 10:00,26.9,81,East South-East,40,57,0,500.5138346,101.46,0,1
5/16/2024 11:00,26.4,80,East South-East,41,54,0,652.8063277,101.4,0,1
5/16/2024 12:00,26.7,82,East South-East,39,52,0,552.0898213,101.37,0,1
5/16/2024 13:00,26.9,78,East South-East,41,57,0.2,541.2676299,101.2733333,0,1
5/16/2024 14:00,27.1,75,East South-East,42,57,0,690.7124274,101.1733333,0,1
5/16/2024 15:00,27.3,73,East South-East,41,59,0,575.0324881,101.13,0,1
5/16/2024 16:00,27.2,78,East South-East,40,55,0,338.3325876,101.1416667,0,1
5/16/2024 17:00,27,71,East South-East,42,58,0,161.2933343,101.1716667,0,1
5/16/2024 18:00,27.1,69,East South-East,41,57,0,13.85988296,101.205,0,1
5/16/2024 19:00,27.1,74,East South-East,43,58,0,1.901896723,101.2533333,0,1
5/16/2024 20:00,27,69,East South-East,43,59,0,1.901896723,101.2916667,0,1
5/16/2024 21:00,27,70,East South-East,44,60,0,1.901739398,101.3116667,0,1
5/16/2024 22:00,26.9,71,East South-East,44,59,0,1.901739398,101.2983333,0,1
5/16/2024 23:00,26.9,71,East South-East,44,59,0,1.901896723,101.2766667,0,1
5/17/2024 0:00,26.8,75,East South-East,42,59,0,1.901739398,101.245,0,1
5/17/2024 1:00,26.6,77,East South-East,42,57,0,1.901739398,101.2233333,0,1
5/17/2024 2:00,26.5,79,East South-East,44,61,0,1.901896723,101.1766667,0,1
5/17/2024 3:00,26.4,77,East South-East,44,60,0,1.901739398,101.1633333,0,1
5/17/2024 4:00,26.2,78,East South-East,41,60,0,1.901739398,101.1533333,0,1
5/17/2024 5:00,26.2,79,East South-East,44,59,0,1.901896723,101.1366667,0,1
5/17/2024 6:00,26.2,77,East South-East,44,62,0,1.939090232,101.1666667,0,1
5/17/2024 7:00,26.5,76,East South-East,45,60,0,56.01377001,101.2233333,0,1
5/17/2024 8:00,26.5,73,East South-East,41,61,0,158.7145349,101.2533333,0,1
5/17/2024 9:00,26.6,72,East South-East,43,57,0,443.2945773,101.3133333,0,1
5/17/2024 10:00,26.8,75,East South-East,42,57,0,536.5151526,101.3266667,0,1
5/17/2024 11:00,26.8,72,East South-East,44,59,0,746.8892669,101.2883333,0,1
5/17/2024 12:00,26.7,72,East South-East,43,60,0,688.8171223,101.215,0,1
5/17/2024 13:00,26.9,72,East South-East,45,59,0,730.1632004,101.1166667,0,1
5/17/2024 14:00,26.9,70,East South-East,45,59,0,630.5838769,101.0466667,0,1
5/17/2024 15:00,26.9,70,East South-East,45,59,0,591.7016953,101.0183333,0,1
5/17/2024 16:00,26.9,69,East South-East,41,55,0,413.9410414,101.0616667,0,1
5/17/2024 17:00,26.6,73,East South-East,41,56,0,143.0593159,101.105,0,1
5/17/2024 18:00,26.4,73,East South-East,42,55,0,14.04902478,101.185,0,1
5/17/2024 19:00,26.5,75,East South-East,42,55,0,1.901896723,101.255,0,1
5/17/2024 20:00,26.4,71,East South-East,43,59,0,1.901739398,101.3266667,0,1
5/17/2024 21:00,26.1,75,East South-East,40,62,0,1.901896723,101.38,0,1
5/17/2024 22:00,26.3,72,East South-East,39,58,0,1.901739398,101.38,0,1
5/17/2024 23:00,26.4,71,East South-East,44,58,0,1.901739398,101.33,0,1
5/18/2024 0:00,26.4,70,East South-East,40,59,0,1.901896723,101.265,0,1
5/18/2024 1:00,26.4,73,East South-East,37,52,0,1.901739398,101.2683333,0,1
5/18/2024 2:00,26.4,68,East South-East,35,50,0,1.901739398,101.2366667,0,1
5/18/2024 3:00,26.4,71,East South-East,37,50,0,1.901896723,101.21,0,1
5/18/2024 4:00,26.5,73,East South-East,41,55,0,1.901739398,101.1616667,0,1
5/18/2024 5:00,26.2,77,East South-East,41,59,0,1.901739398,101.1683333,0,1
5/18/2024 6:00,26.2,77,East South-East,38,57,0,1.920377797,101.235,0,1
5/18/2024 7:00,26.3,74,East South-East,38,52,0,13.94199743,101.355,0,1
5/18/2024 8:00,26.5,73,East South-East,37,57,0,67.4970601,101.4383333,0,1
5/18/2024 9:00,26.6,70,East South-East,35,51,0,75.78901937,101.5166667,0,1
5/18/2024 10:00,26.8,70,East South-East,31,46,0,175.3553127,101.5916667,0,1
5/18/2024 11:00,26.6,72,East South-East,32,45,0,285.7615659,101.5216667,0,1
5/18/2024 12:00,26.7,71,East South-East,37,49,0,224.4437115,101.3883333,0,1
5/18/2024 13:00,26.7,71,East South-East,36,49,0,250.6984237,101.32,0,1
5/18/2024 14:00,26.7,73,East South-East,32,48,0,178.0845519,101.2666667,0,1
5/18/2024 15:00,26.6,74,East South-East,35,48,0,126.9444852,101.2116667,0,1
5/18/2024 16:00,26.5,74,East South-East,39,50,0,73.69826107,101.1916667,0,1
5/18/2024 17:00,26.6,72,East,35,57,0,30.3745507,101.1716667,0,1
5/18/2024 18:00,26.6,74,East South-East,45,65,0,4.543524307,101.1383333,0,1
5/18/2024 19:00,25.9,85,East South-East,48,63,0,1.901739398,101.195,0,1
5/18/2024 20:00,26.2,78,East South-East,42,61,0,1.901739398,101.285,0,1
5/18/2024 21:00,25,88,East South-East,42,56,0,1.901896723,101.4183333,0,1
5/18/2024 22:00,26.2,82,East South-East,40,53,0,1.901739398,101.425,0,1
5/18/2024 23:00,26.5,78,East South-East,37,54,0,1.901739398,101.4,0,1
5/19/2024 0:00,26.6,76,East South-East,35,50,0,1.901896723,101.3983333,0,1
5/19/2024 1:00,26.2,80,East South-East,30,54,0,1.901739398,101.4,0,1
5/19/2024 2:00,26.4,83,East,32,42,0,1.901739398,101.3933333,0,1
5/19/2024 3:00,25.8,85,East South-East,33,49,0,1.901896723,101.3383333,0,1
5/19/2024 4:00,26.1,82,East South-East,35,48,0,1.901739398,101.3283333,0,1
5/19/2024 5:00,26,81,East South-East,33,45,0,1.901739398,101.355,0,1
5/19/2024 6:00,26.5,82,East South-East,33,45,0,1.932056874,101.4,0,1
5/19/2024 7:00,26.6,81,East South-East,36,48,0,26.4175463,101.4566667,0,1
5/19/2024 8:00,26.8,76,East South-East,38,50,0,209.3547148,101.475,0,1
5/19/2024 9:00,26.7,82,East South-East,40,53,0,420.920502,101.5033333,0,1
5/19/2024 10:00,26.3,82,East South-East,40,57,0,525.8777535,101.485,0,1
5/19/2024 11:00,27.1,76,East South-East,40,51,0,762.3739085,101.4533333,0,1
5/19/2024 12:00,27.1,75,East South-East,42,56,0,748.4339404,101.3783333,0,1
5/19/2024 13:00,27,72,East South-East,40,53,0,723.6623044,101.2883333,0,1
5/19/2024 14:00,27.1,73,East South-East,42,55,0,709.826578,101.1983333,0,1
5/19/2024 15:00,26.7,79,East South-East,44,59,0,559.2066915,101.1733333,0,1
5/19/2024 16:00,26.7,76,East South-East,46,66,0,406.6062112,101.1616667,0,1
5/19/2024 17:00,26.9,73,East South-East,45,58,0,131.6851168,101.2116667,0,1
5/19/2024 18:00,26.8,75,East South-East,44,62,0,13.46964263,101.2683333,0,1
5/19/2024 19:00,26.8,76,East South-East,42,59,0,1.902063302,101.2916667,0,1
5/19/2024 20:00,26.8,74,East South-East,40,58,0,1.901739398,101.365,0,1
5/19/2024 21:00,26.8,75,East South-East,41,59,0,1.902063302,101.4116667,0,1
5/19/2024 22:00,26.4,78,East South-East,41,57,0,1.901739398,101.4366667,0,1
5/19/2024 23:00,26.3,79,East South-East,40,56,0,1.901739398,101.4466667,0,1
5/20/2024 0:00,26.3,77,East South-East,41,55,0,1.901896723,101.485,0,1
5/20/2024 1:00,26.3,79,East South-East,38,52,0,1.901739398,101.445,0,1
5/20/2024 2:00,26.5,72,East South-East,37,52,0,1.901739398,101.4133333,0,1
5/20/2024 3:00,26.5,74,East South-East,36,53,0,1.901896723,101.3783333,0,1
5/20/2024 4:00,26.4,73,East South-East,35,48,0,1.901739398,101.3483333,0,1
5/20/2024 5:00,26.4,75,East South-East,36,50,0,1.901739398,101.3633333,0,1
5/20/2024 6:00,26.5,74,East South-East,37,53,0,1.941255766,101.3816667,0,1
5/20/2024 7:00,26.6,74,East South-East,38,51,0,42.37582911,101.4233333,0,1
5/20/2024 8:00,26.9,72,East South-East,35,50,0,222.067473,101.455,0,1
5/20/2024 9:00,27,73,East South-East,37,51,0,272.2196118,101.5183333,0,1
5/20/2024 10:00,27.2,74,East South-East,36,49,0,625.4949831,101.5533333,0,1
5/20/2024 11:00,27.1,76,East,36,48,0,652.2093067,101.51,0,1
5/20/2024 12:00,27.1,75,East South-East,40,53,0,767.2069362,101.415,0,1
5/20/2024 13:00,27.3,75,East,38,52,0,787.5814647,101.33,0,1
5/20/2024 14:00,27.3,74,East South-East,35,52,0,721.7669994,101.2633333,0,1
5/20/2024 15:00,27.1,76,East,34,48,0,563.8122826,101.22,0,1
5/20/2024 16:00,27,77,East,35,47,0,368.3257889,101.1783333,0,1
5/20/2024 17:00,26.7,74,East South-East,36,49,0,121.7608262,101.1916667,0,1
5/20/2024 18:00,26.6,75,East,35,50,0,12.93783745,101.2616667,0,1
5/20/2024 19:00,26.6,76,East,35,49,0,1.901896723,101.3183333,0,1
5/20/2024 20:00,26.5,75,East,34,48,0,1.901739398,101.365,0,1
5/20/2024 21:00,26.4,79,East,32,50,0,1.902063302,101.41,0,1
5/20/2024 22:00,26.6,77,East South-East,33,48,0,1.901739398,101.4233333,0,1
5/20/2024 23:00,26.6,75,East South-East,31,44,0,1.901739398,101.4233333,0,1
5/21/2024 0:00,26.4,80,East South-East,34,45,0,1.902063302,101.37,0,1
5/21/2024 1:00,26.4,78,East South-East,33,47,0,1.901739398,101.3333333,0,1
5/21/2024 2:00,26.3,78,East,31,48,0,1.901739398,101.2916667,0,1
5/21/2024 3:00,26.4,80,East,32,42,0,1.901896723,101.2116667,0,1
5/21/2024 4:00,26.4,79,East,28,42,0,1.901739398,101.1533333,0,1
5/21/2024 5:00,26.4,80,East,27,40,0,1.901739398,101.19,0,1
5/21/2024 6:00,26.4,79,East,28,38,0,1.947446972,101.2466667,0,1
5/21/2024 7:00,26.7,80,East,26,34,0,43.3429529,101.3083333,0,1
5/21/2024 8:00,27,80,East,24,34,0,211.505886,101.3516667,0,1
5/21/2024 9:00,27.3,77,East,22,31,0,438.7600601,101.4166667,0,1
5/21/2024 10:00,27.4,77,East,23,32,0,586.3000761,101.4366667,0,1
5/21/2024 11:00,27.5,79,East,24,31,0,709.5138527,101.405,0,1
5/21/2024 12:00,27.5,77,East,23,30,0,789.4767697,101.3266667,0,1
5/21/2024 13:00,27.6,78,East,22,31,0,707.9028434,101.2566667,0,1
5/21/2024 14:00,27.5,77,East,22,27,0,725.5102267,101.19,0,1
5/21/2024 15:00,27.7,80,East,20,29,0,551.8718612,101.1366667,0,1
5/21/2024 16:00,26.6,86,East South-East,24,34,0,268.9881168,101.1183333,0,1
5/21/2024 17:00,26.6,85,East South-East,25,32,0,134.2117953,101.1583333,0,1
5/21/2024 18:00,26.5,86,East South-East,24,31,0,12.56104379,101.2266667,0,1
5/21/2024 19:00,26.5,85,East South-East,24,32,0,1.902054048,101.255,0,1
5/21/2024 20:00,26.7,84,East South-East,24,32,0,1.901739398,101.335,0,1
5/21/2024 21:00,26.6,84,East South-East,19,33,0,1.901739398,101.3683333,0,1
5/21/2024 22:00,26.6,85,East South-East,17,26,0,1.902063302,101.3766667,0,1
5/21/2024 23:00,26.8,82,East South-East,21,27,0,1.901739398,101.375,0,1
5/22/2024 0:00,26.5,82,South-East,15,26,0,1.901739398,101.365,0,1
5/22/2024 1:00,26.7,82,East South-East,17,24,0,1.902063302,101.3166667,0,1
5/22/2024 2:00,26.6,84,East South-East,22,27,0,1.901739398,101.2866667,0,1
5/22/2024 3:00,26.4,80,South-East,23,30,0,1.901739398,101.29,0,1
5/22/2024 4:00,26.5,82,South-East,22,33,0,1.901896723,101.245,0,1
5/22/2024 5:00,26.4,84,East South-East,23,31,0,1.901739398,101.23,0,1
5/22/2024 6:00,26.3,83,East South-East,17,28,0,1.949464436,101.2633333,0,1
5/22/2024 7:00,26.5,82,East South-East,17,24,0,48.05223051,101.3216667,0,1
5/22/2024 8:00,27.0118037,79.775252,East South-East,18.56347351,25.83756965,0,254.943907,101.3583333,1,1
5/22/2024 9:00,27.1,81,East South-East,18,25,0,398.1673658,101.385,0,1
5/22/2024 10:00,27.1,80,East South-East,20,27,0,582.1019756,101.3816667,0,1
5/22/2024 11:00,27.1,82,East South-East,19,28,0,641.4250214,101.3383333,0,1
5/22/2024 12:00,27.4,82,South-East,21,34,0,688.4380614,101.2816667,0,1
5/22/2024 13:00,27.6,79,South-East,17,27,0,648.6082273,101.2116667,0,1
5/22/2024 14:00,27.4,81,South-East,19,27,0,644.2964084,101.1416667,0,1
5/22/2024 15:00,27.2,82,South-East,22,28,0,487.2846059,101.1166667,0,1
5/22/2024 16:00,27.2,84,East South-East,24,30,0,324.8285397,101.1033333,0,1
5/22/2024 17:00,27,86,South-East,24,32,0,137.0322461,101.1283333,0,1
5/22/2024 18:00,26.2,90,South-East,32,41,0,12.53947174,101.1783333,0,1
5/22/2024 19:00,26.3,91,East South-East,34,45,0,1.901896723,101.205,0,1
5/22/2024 20:00,26.1,89,East South-East,38,51,0,1.901896723,101.2633333,0,1
5/22/2024 21:00,26.4,88,East South-East,37,53,0,1.901739398,101.295,0,1
5/22/2024 22:00,26.3,89,East,41,55,0,1.902211373,101.2833333,0,1
5/22/2024 23:00,26.3,90,East,35,48,0,1.902997999,101.2916667,0,1
5/23/2024 0:00,26.1,90,East,35,50,0,1.902683348,101.28,0,1
5/23/2024 1:00,25.5,93,East,28,45,0.4,1.901739398,101.2983333,0,1
5/23/2024 2:00,25.4,94,East,27,42,2.2,1.901896723,101.28,0,1
5/23/2024 3:00,25.7,94,East North-East,29,45,3.6,1.901739398,101.245,0,1
5/23/2024 4:00,27.1,86,East,28,45,0,1.901739398,101.2216667,0,1
5/23/2024 5:00,27.2,85,East,31,40,0,1.901896723,101.235,0,1
5/23/2024 6:00,27.3,85,East,29,39,0,1.941968356,101.2833333,0,1
5/23/2024 7:00,27.3,86,East,26,35,0,29.69771953,101.3366667,0,1
5/23/2024 8:00,27.7,83,East,24,32,0,162.3227218,101.38,0,1
5/23/2024 9:00,27.8,84,East North-East,24,41,0,404.5995571,101.4216667,0,1
5/23/2024 10:00,27.5,85,East North-East,18,33,0,482.4468399,101.45,0,1
5/23/2024 11:00,26.3,89,East North-East,26,35,0,334.1392254,101.4633333,0,1
5/23/2024 12:00,28.3,85,East North-East,18,30,0.2,815.3097765,101.4066667,0,1
5/23/2024 13:00,27.8,86,East North-East,22,31,0,674.3464688,101.3183333,0,1
5/23/2024 14:00,28,84,East,18,25,0,719.6916404,101.265,0,1
5/23/2024 15:00,27.9,82,East,17,25,0,584.8027851,101.2333333,0,1
5/23/2024 16:00,27.9,84,East,22,27,0,391.8512619,101.24,0,1
5/23/2024 17:00,27.8,84,East South-East,22,29,0,123.7959098,101.2616667,0,1
5/23/2024 18:00,27.7,87,East South-East,23,32,0,11.90986587,101.29,0,1
5/23/2024 19:00,27.7,86,East South-East,23,33,0,1.901896723,101.3383333,0,1
5/23/2024 20:00,27.4,86,East South-East,26,38,0,1.902063302,101.3766667,0,1
5/23/2024 21:00,27.2,88,East South-East,27,40,0,1.901739398,101.4133333,0,1
5/23/2024 22:00,27.5,87,East South-East,26,36,0,1.901739398,101.445,0,1
5/23/2024 23:00,27.5,87,East South-East,35,42,0,1.902063302,101.4166667,0,1
5/24/2024 0:00,27.4,89,East South-East,30,43,0,1.901739398,101.42,0,1
5/24/2024 1:00,26.8,87,East South-East,32,41,0,1.901896723,101.3966667,0,1
5/24/2024 2:00,27.1,89,East South-East,27,40,0,1.902063302,101.3533333,0,1
5/24/2024 3:00,25.7,95,East South-East,29,47,1.4,1.901739398,101.3183333,0,1
5/24/2024 4:00,25.5,94,East South-East,24,42,0.8,1.901739398,101.325,0,1
5/24/2024 5:00,27.1,88,East South-East,27,34,0,1.901896723,101.3283333,0,1
5/24/2024 6:00,27.2,87,East,27,35,0,1.944642883,101.36,0,1
5/24/2024 7:00,27.3,86,East South-East,30,39,0,36.06794321,101.3983333,0,1
5/24/2024 8:00,27.2,87,East South-East,28,41,0,110.6105101,101.4483333,0,1
5/24/2024 9:00,27.4,85,East,24,40,0,429.0466222,101.5033333,0,1
5/24/2024 10:00,27.6,85,East,28,39,0,555.4776789,101.5283333,0,1
5/24/2024 11:00,27.8,85,East,29,39,0,721.3405557,101.485,0,1
5/24/2024 12:00,27.63735659,84.60970427,East,29.42304059,44.05920375,0,668.6747687,101.4316667,1,1
5/24/2024 13:00,27.9,87,East,30,36,0,731.8594984,101.37,0,1
5/24/2024 14:00,27.4,88,East North-East,30,47,0,462.0059757,101.3216667,0,1
5/24/2024 15:00,26.3,91,East North-East,25,48,1.2,305.5603954,101.3016667,0,1
5/24/2024 16:00,27.3,87,East North-East,20,35,0,231.4279104,101.305,0,1
5/24/2024 17:00,27,89,East,23,28,0,116.7619593,101.3366667,0,1
5/24/2024 18:00,26.7,90,East North-East,17,34,0,9.850045085,101.3933333,0,1
5/24/2024 19:00,27.6,89,East,24,33,0,1.901739398,101.45,0,1
5/24/2024 20:00,26.9,87,East,29,40,0,1.901896723,101.53,0,1
5/24/2024 21:00,27.5,90,East,23,32,0,1.901739398,101.5866667,0,1
5/24/2024 22:00,27.7,88,East,21,28,0,1.901739398,101.61,0,1
5/24/2024 23:00,27.5,87,East,23,30,0,1.901739398,101.62,0,1
5/25/2024 0:00,27.5,86,East,25,32,0,1.901896723,101.62,0,1
5/25/2024 1:00,27.5,88,East,23,35,0,1.901739398,101.5933333,0,1
5/25/2024 2:00,27.4,88,East,22,37,0.4,1.901896723,101.5633333,0,1
5/25/2024 3:00,27.3,88,East,25,32,0,1.901739398,101.5216667,0,1
5/25/2024 4:00,27.2,89,East,25,31,0,1.901739398,101.4983333,0,1
5/25/2024 5:00,27.1,90,East,23,34,0,1.901896723,101.4966667,0,1
5/25/2024 6:00,27.2,89,East,23,30,0,1.941459363,101.5383333,0,1
5/25/2024 7:00,27.1,87,East,26,32,0,42.83951252,101.5683333,0,1
5/25/2024 8:00,27.4,87,East,28,35,0,216.9051361,101.6,0,1
5/25/2024 9:00,26.9,91,East North-East,22,35,1.2,195.1825718,101.645,0,1
5/25/2024 10:00,27.8,85,East North-East,27,37,0.2,407.0208092,101.6383333,0,1
5/25/2024 11:00,28,84,East,26,36,0,619.9038334,101.6,0,1
5/25/2024 12:00,28,84,East,25,35,0,660.9798304,101.5683333,0,1
5/25/2024 13:00,27.2,89,East,22,41,0.2,503.4894634,101.5033333,0,1
5/25/2024 14:00,28.2,86,East,25,32,0,689.8121575,101.4183333,0,1
5/25/2024 15:00,28.1,85,East,23,33,0,557.4914405,101.3683333,0,1
5/25/2024 16:00,27.9,85,East,24,32,0,355.9447091,101.3733333,0,1
5/25/2024 17:00,27.9,87,East,27,33,0,129.0056294,101.4133333,0,1
5/25/2024 18:00,27.8,86,East,28,37,0,11.85762467,101.465,0,1
5/25/2024 19:00,27.6,87,East,24,36,0,1.901896723,101.525,0,1
5/25/2024 20:00,27.6,84,East,25,34,0,1.901739398,101.5866667,0,1
5/25/2024 21:00,27.6,86,East South-East,27,34,0,1.901896723,101.6316667,0,1
5/25/2024 22:00,27.6,86,East South-East,28,36,0,1.901739398,101.655,0,1
5/25/2024 23:00,27.4,85,East South-East,28,35,0,1.901739398,101.6533333,0,1
5/26/2024 0:00,27.3,84,East South-East,28,39,0,1.901896723,101.63,0,1
5/26/2024 1:00,27.3,84,East South-East,30,39,0,1.901739398,101.6133333,0,1
5/26/2024 2:00,27.2,83,East South-East,32,43,0,1.901739398,101.585,0,1
5/26/2024 3:00,27.1,83,East South-East,33,43,0,1.901896723,101.5366667,0,1
5/26/2024 4:00,27,81,East South-East,33,43,0,1.901739398,101.51,0,1
5/26/2024 5:00,27,80,East South-East,32,48,0,1.901739398,101.5183333,0,1
5/26/2024 6:00,26.9,78,East South-East,32,44,0,1.937637288,101.57,0,1
5/26/2024 7:00,26.9,76,East South-East,34,46,0,44.33965381,101.6083333,0,1
5/26/2024 8:00,27.1,77,East,30,45,0,241.9421147,101.645,0,1
5/26/2024 9:00,27.3,77,East,31,42,0,417.6511009,101.67,0,1
5/26/2024 10:00,27.4,76,East,30,42,0,573.9995468,101.66,0,1
5/26/2024 11:00,27.5,74,East,31,42,0,748.6708535,101.6116667,0,1
5/26/2024 12:00,27.5,74,East,31,43,0,810.6473262,101.55,0,1
5/26/2024 13:00,27.5,72,East,31,41,0,694.3277215,101.4916667,0,1
5/26/2024 14:00,27.6,74,East,30,40,0,704.9082616,101.43,0,1
5/26/2024 15:00,27.6,72,East,31,41,0,526.863312,101.385,0,1
5/26/2024 16:00,27.5,73,East,28,39,0,383.5119201,101.3883333,0,1
5/26/2024 17:00,27.4,74,East,28,36,0,132.8341455,101.4216667,0,1
5/26/2024 18:00,27.3,77,East,30,38,0,11.98999988,101.4533333,0,1
5/26/2024 19:00,27.2,75,East,31,40,0,1.901739398,101.4933333,0,1
5/26/2024 20:00,27.3,75,East,31,41,0,1.901739398,101.52,0,1
5/26/2024 21:00,27.1,77,East,28,39,0,1.901896723,101.5466667,0,1
5/26/2024 22:00,27.1,80,East,28,44,0,1.901739398,101.5433333,0,1
5/26/2024 23:00,27.2,79,East,30,41,0,1.901739398,101.5233333,0,1
5/27/2024 0:00,27.1,79,East,27,37,0,1.901896723,101.5083333,0,1
5/27/2024 1:00,27,79,East,26,37,0,1.901739398,101.4966667,0,1
5/27/2024 2:00,26.9,81,East South-East,24,33,0,1.901739398,101.4816667,0,1
5/27/2024 3:00,27.1,80,East South-East,25,35,0,1.901896723,101.4483333,0,1
5/27/2024 4:00,27,81,East South-East,25,33,0,1.901739398,101.44,0,1
5/27/2024 5:00,26.9,81,East South-East,27,36,0,1.901739398,101.4766667,0,1
5/27/2024 6:00,26.8,81,East South-East,26,37,0,1.9408023,101.5166667,0,1
5/27/2024 7:00,27,79,East South-East,29,39,0,42.38615705,101.5516667,0,1
5/27/2024 8:00,27,78,East,29,42,0,180.2096626,101.6116667,0,1
5/27/2024 9:00,27.4,79,East,29,39,0,394.9879917,101.6616667,0,1
5/27/2024 10:00,27.5,78,East,31,42,0,612.5595266,101.6666667,0,1
5/27/2024 11:00,27.7,76,East,33,43,0,749.9407079,101.6416667,0,1
5/27/2024 12:00,27.8,77,East,33,44,0,770.4952903,101.595,0,1
5/27/2024 13:00,27.8,72,East,33,45,0,778.9009679,101.5266667,0,1
5/27/2024 14:00,27.7,75,East,34,47,0,698.8622387,101.44,0,1
5/27/2024 15:00,27.8,76,East,34,50,0,550.0428919,101.3766667,0,1
5/27/2024 16:00,27.6,76,East,36,48,0,335.4232945,101.3483333,0,1
5/27/2024 17:00,27.4,77,East,35,48,0,130.378541,101.365,0,1
5/27/2024 18:00,27.4,78,East,35,46,0,12.31421919,101.4066667,0,1
5/27/2024 19:00,27.3,77,East,34,50,0,1.902054048,101.4533333,0,1
5/27/2024 20:00,27.1,77,East,34,45,0,1.901739398,101.4916667,0,1
5/27/2024 21:00,27.1,78,East,34,45,0,1.901739398,101.5166667,0,1
5/27/2024 22:00,27.2,78,East,31,46,0,1.901896723,101.5383333,0,1
5/27/2024 23:00,27.2,77,East,32,42,0,1.901739398,101.55,0,1
5/28/2024 0:00,27.1,78,East,32,45,0,1.901739398,101.515,0,1
5/28/2024 1:00,27.1,78,East,33,45,0,1.901896723,101.4966667,0,1
5/28/2024 2:00,27,82,East,32,43,0,1.901739398,101.4133333,0,1
5/28/2024 3:00,26.9,81,East,29,44,0,1.901739398,101.37,0,1
5/28/2024 4:00,26.9,81,East,27,39,0,1.901896723,101.3383333,0,1
5/28/2024 5:00,27,82,East,25,36,0,1.901739398,101.3616667,0,1
5/28/2024 6:00,27.1,79,East,29,37,0,1.935610571,101.425,0,1
5/28/2024 7:00,27.1,77,East North-East,29,37,0,41.93868739,101.4633333,0,1
5/28/2024 8:00,27.4,78,East North-East,25,38,0,174.4479354,101.4816667,0,1
5/28/2024 9:00,27.4,77,East North-East,26,35,0,175.6751454,101.525,0,1
5/28/2024 10:00,27.7,75,East North-East,26,34,0,477.7085774,101.535,0,1
5/28/2024 11:00,27.9,73,East,23,30,0,728.3910903,101.53,0,1
5/28/2024 12:00,27.4,81,East,25,34,0,587.418306,101.4833333,0,1
5/28/2024 13:00,27.6,76,East,17,39,0,464.0718582,101.43,0,1
5/28/2024 14:00,28,75,East,21,30,0,553.1701451,101.3716667,0,1
5/28/2024 15:00,28.1,76,East,20,26,0,550.0618449,101.3633333,0,1
5/28/2024 16:00,27.6,77,East South-East,26,31,0,379.7402631,101.39,0,1
5/28/2024 17:00,27.6,77,East South-East,27,35,0,133.6870327,101.4083333,0,1
5/28/2024 18:00,27.3,81,East South-East,27,38,0,10.12964884,101.4683333,0,1
5/28/2024 19:00,27.4,80,East South-East,27,37,0,1.901896723,101.53,0,1
5/28/2024 20:00,27.2,80,East South-East,31,39,0,1.901739398,101.58,0,1
5/28/2024 21:00,27.4,75,East South-East,30,42,0,1.901739398,101.6116667,0,1
5/28/2024 22:00,27.1,80,East South-East,29,42,0,1.901896723,101.5883333,0,1
5/28/2024 23:00,27,79,East,28,41,0,1.901739398,101.5483333,0,1
5/29/2024 0:00,26.9,80,East,30,39,0,1.901739398,101.49,0,1
5/29/2024 1:00,26.9,81,East,31,38,0,1.901896723,101.4366667,0,1
5/29/2024 2:00,26.9,80,East,30,42,0,1.901739398,101.3666667,0,1
5/29/2024 3:00,26.8,80,East,28,38,0,1.901739398,101.3,0,1
5/29/2024 4:00,26.8,79,East,29,42,0,1.901896723,101.2983333,0,1
5/29/2024 5:00,26.8,79,East,24,36,0,1.901739398,101.3,0,1
5/29/2024 6:00,26.9,82,East South-East,24,32,0,1.928910371,101.365,0,1
5/29/2024 7:00,27,82,East,23,34,0,41.09651677,101.455,0,1
5/29/2024 8:00,27.3,79,East,25,33,0,262.5796169,101.4883333,0,1
5/29/2024 9:00,27.4,80,East South-East,25,34,0,421.948705,101.56,0,1
5/29/2024 10:00,27.6,79,East South-East,24,32,0,523.9161128,101.5616667,0,1
5/29/2024 11:00,27.8,79,East,23,33,0,724.0318889,101.5283333,0,1
5/29/2024 12:00,27.8,76,East,23,32,0,793.6843468,101.485,0,1
5/29/2024 13:00,27.7,79,East,24,31,0,744.0178798,101.405,0,1
5/29/2024 14:00,27.8,77,East,24,31,0,745.3161637,101.3433333,0,1
5/29/2024 15:00,27.9,77,East,22,31,0,575.0798706,101.3166667,0,1
5/29/2024 16:00,27.8,78,East South-East,24,32,0,388.6671496,101.3083333,0,1
5/29/2024 17:00,27.5,80,East South-East,25,33,0,123.6490238,101.3366667,0,1
5/29/2024 18:00,27.3,80,East South-East,24,33,0,11.84357646,101.3866667,0,1
5/29/2024 19:00,27.3,82,East South-East,26,35,0,1.901739398,101.455,0,1
5/29/2024 20:00,27.2,82,East South-East,29,39,0,1.901896723,101.5083333,0,1
5/29/2024 21:00,27.3,82,East South-East,30,38,0,1.901739398,101.5366667,0,1
5/29/2024 22:00,27.1,82,East South-East,29,40,0,1.901739398,101.5233333,0,1
5/29/2024 23:00,27.1,84,East South-East,30,40,0,1.901739398,101.4933333,0,1
5/30/2024 0:00,27,82,East,27,39,0,1.901739398,101.4666667,0,1
5/30/2024 1:00,27,83,East South-East,27,37,0,1.901739398,101.4633333,0,1
5/30/2024 2:00,27,83,East South-East,26,37,0,1.901896723,101.425,0,1
5/30/2024 3:00,26.9,83,East South-East,27,36,0,1.901739398,101.3933333,0,1
5/30/2024 4:00,26.9,82,East South-East,26,37,0,1.901739398,101.3766667,0,1
5/30/2024 5:00,27,83,East South-East,26,36,0,1.901896723,101.3916667,0,1
5/30/2024 6:00,27,84,East South-East,26,35,0,1.939701024,101.44,0,1
5/30/2024 7:00,27.2,82,East South-East,23,35,0,40.03568274,101.5,0,1
5/30/2024 8:00,27.4,81,East South-East,24,31,0,229.9258813,101.5466667,0,1
5/30/2024 9:00,27.7,79,East South-East,23,34,0,348.4179792,101.5983333,0,1
5/30/2024 10:00,27.8,79,East,23,31,0,578.8325745,101.5716667,0,1
5/30/2024 11:00,27.9,78,East,22,28,0,678.1465554,101.515,0,1
5/30/2024 12:00,27.9,79,East,22,28,0,664.1686811,101.4383333,0,1
5/30/2024 13:00,27.9,80,East,23,29,0,742.018333,101.3283333,0,1
5/30/2024 14:00,28,79,East,23,28,0,715.5409225,101.2266667,0,1
5/30/2024 15:00,27.8,79,East,23,31,0,549.1094542,101.1716667,0,1
5/30/2024 16:00,27.7,79,East,22,29,0,351.230138,101.16,0,1
5/30/2024 17:00,27.7,81,East,24,31,0,131.8628017,101.1766667,0,1
5/30/2024 18:00,27.4,80,East,23,31,0,12.11877512,101.225,0,1
5/30/2024 19:00,27.3,79,East,18,28,0,1.901896723,101.3216667,0,1
5/30/2024 20:00,27.2,77,East,17,25,0,1.901739398,101.4,0,1
5/30/2024 21:00,27.2,78,East,18,24,0,1.901896723,101.4166667,0,1
5/30/2024 22:00,27.1,80,East,19,26,0,1.901739398,101.4266667,0,1
5/30/2024 23:00,27,77,East,18,25,0,1.901739398,101.42,0,1
5/31/2024 0:00,26.9,77,East,16,23,0,1.901896723,101.4033333,0,1
5/31/2024 1:00,26.9,80,East,16,21,0,1.901739398,101.4233333,0,1
5/31/2024 2:00,26.8,79,East,15,23,0,1.901739398,101.3883333,0,1
5/31/2024 3:00,26.8,80,East,14,21,0,1.901896723,101.37,0,1
5/31/2024 4:00,26.6,79,East South-East,10,18,0,1.901739398,101.3583333,0,1
5/31/2024 5:00,26.7,79,East South-East,11,15,0,1.901896723,101.3583333,0,1
5/31/2024 6:00,26.6,78,East South-East,11,17,0,1.935666097,101.3816667,0,1
5/31/2024 7:00,26.9,80,East South-East,11,15,0,41.2785882,101.41,0,1
5/31/2024 8:00,27.4,77,East South-East,12,17,0,231.4421252,101.4333333,0,1
5/31/2024 9:00,27.5,73,East South-East,14,19,0,424.0714466,101.45,0,1
5/31/2024 10:00,27.5,79,East South-East,16,23,0,580.6141612,101.4416667,0,1
5/31/2024 11:00,27.5,75,East South-East,15,23,0,708.3956228,101.3733333,0,1
5/31/2024 12:00,27.7,75,East,14,21,0,778.8062026,101.3016667,0,1
5/31/2024 13:00,28,75,East South-East,13,21,0,777.9343624,101.2316667,0,1
5/31/2024 14:00,27.9,76,East South-East,11,19,0,702.4822713,101.1766667,0,1
5/31/2024 15:00,27.9,74,South-East,10,17,0,568.6737398,101.1333333,0,1
5/31/2024 16:00,27.7,75,East South-East,10,17,0,383.2655304,101.1,0,1
5/31/2024 17:00,27.4,78,East South-East,9,15,0,122.9809288,101.13,0,1
5/31/2024 18:00,27.1,81,East,12,17,0,11.64402343,101.1533333,0,1
5/31/2024 19:00,27.1,80,East,12,17,0,1.902054048,101.2116667,0,1
5/31/2024 20:00,27,79,East,11,16,0,1.901739398,101.2533333,0,1
5/31/2024 21:00,27.1,80,East North-East,14,19,0,1.901739398,101.285,0,1
5/31/2024 22:00,26.9,79,East North-East,14,19,0,1.901896723,101.2766667,0,1
5/31/2024 23:00,26.8,78,East,11,17,0,1.901739398,101.255,0,1
6/1/2024 0:00,26.8,78,East South-East,8,15,0,1.901739398,101.2416667,0,1
6/1/2024 1:00,26.8,79,East,12,16,0,1.901896723,101.2166667,0,1
6/1/2024 2:00,26.6,80,East North-East,12,17,0,1.901739398,101.2,0,1
6/1/2024 3:00,26.5,78,North-East,9,17,0,1.901739398,101.1683333,0,1
6/1/2024 4:00,24.1,84,North North-East,3,12,0,1.901896723,101.1733333,0,1
6/1/2024 5:00,23.3,90,West,3,5,0,1.901739398,101.215,0,1
6/1/2024 6:00,23.2,92,West,0,4,0,1.925606544,101.2883333,0,1
6/1/2024 7:00,24.3,90,West,2,5,0,32.86286033,101.34,0,1
6/1/2024 8:00,27.3,76,East,6,10,0,231.0441112,101.3766667,0,1
6/1/2024 9:00,27.6,72,South-East,8,12,0,421.4464491,101.4333333,0,1
6/1/2024 10:00,27.7,72,South-East,8,12,0,580.1403349,101.435,0,1
6/1/2024 11:00,28.1,70,South-East,8,13,0,707.5237825,101.3866667,0,1
6/1/2024 12:00,28.2,69,South-East,6,14,0,776.7024141,101.3016667,0,1
6/1/2024 13:00,28.1,72,South-East,7,12,0,767.6997155,101.2366667,0,1
6/1/2024 14:00,28,72,South-East,9,16,0,706.9172849,101.165,0,1
6/1/2024 15:00,27.9,72,South-East,7,15,0,573.1087535,101.115,0,1
6/1/2024 16:00,27.9,72,East South-East,6,10,0,373.959583,101.1133333,0,1
6/1/2024 17:00,28.32401746,73.42779513,South South-East,6.484975429,16.21745226,0,123.2178419,101.1533333,1,1
6/1/2024 18:00,27,77,South South-East,8,14,0,11.16403374,101.22,0,1
6/1/2024 19:00,27.1,77,South South-East,16,22,0,1.901739398,101.2716667,0,1
6/1/2024 20:00,27,77,South South-East,15,20,0,1.901896723,101.315,0,1
6/1/2024 21:00,25.8,79,South,5,20,0,1.901739398,101.38,0,1
6/1/2024 22:00,26.9,74,South-East,7,13,0,1.901739398,101.375,0,1
6/1/2024 23:00,27,78,East,10,17,0,1.901739398,101.34,0,1
6/2/2024 0:00,27,76,East,14,19,0,1.901739398,101.2866667,0,1
6/2/2024 1:00,26.9,76,East North-East,15,22,0,1.901739398,101.2833333,0,1
6/2/2024 2:00,26.9,77,East North-East,15,22,0,1.901896723,101.2433333,0,1
6/2/2024 3:00,26.7,75,East North-East,11,21,0,1.901739398,101.195,0,1
6/2/2024 4:00,26.9,79,East North-East,16,23,0,1.901739398,101.165,0,1
6/2/2024 5:00,26.7,77,East North-East,19,26,0,1.901896723,101.1566667,0,1
6/2/2024 6:00,26.8,77,East North-East,20,26,0,1.922274953,101.195,0,1
6/2/2024 7:00,27,77,East North-East,16,24,0,35.95966651,101.2883333,0,1
6/2/2024 8:00,27.2,74,East,20,25,0,225.0975918,101.3216667,0,1
6/2/2024 9:00,27.4,74,East North-East,19,28,0,432.240211,101.3683333,0,1
6/2/2024 10:00,27.7,73,East North-East,17,26,0,581.9408747,101.38,0,1
6/2/2024 11:00,27.7,72,East,14,22,0,696.5878727,101.3566667,0,1
6/2/2024 12:00,27.7,73,East North-East,13,22,0,823.0236678,101.3066667,0,1
6/2/2024 13:00,27.9,73,East,14,21,0,769.3107247,101.2483333,0,1
6/2/2024 14:00,27.8,71,East,11,18,0,723.6528278,101.1933333,0,1
6/2/2024 15:00,27.7,71,East,12,19,0,559.2825037,101.1433333,0,1
6/2/2024 16:00,27.5,72,East,11,19,0,347.9939048,101.1583333,0,1
6/2/2024 17:00,27.2,76,East,12,18,0,98.6327749,101.2166667,0,1
6/2/2024 18:00,27.1,76,East,17,22,0,7.331973247,101.2516667,0,1
6/2/2024 19:00,27.2,75,East,15,22,0,1.901739398,101.3266667,0,1
6/2/2024 20:00,27.2,74,East,17,23,0,1.901739398,101.375,0,1
6/2/2024 21:00,27.2,77,East,17,24,0,1.901896723,101.4266667,0,1
6/2/2024 22:00,27.1,78,East,15,23,0,1.901739398,101.4316667,0,1
6/2/2024 23:00,27.1,77,East South-East,12,23,0,1.901739398,101.4133333,0,1
6/3/2024 0:00,27.1,76,East,14,25,0,1.901896723,101.44,0,1
6/3/2024 1:00,26.9,80,East North-East,9,22,0,1.901739398,101.4566667,0,1
6/3/2024 2:00,26.9,81,East North-East,14,19,0,1.901739398,101.3816667,0,1
6/3/2024 3:00,26.9,81,East,25,32,0,1.901896723,101.2433333,0,1
6/3/2024 4:00,26.9,78,East South-East,20,33,0,1.901739398,101.1066667,0,1
6/3/2024 5:00,27,79,East,22,29,0,1.901739398,101.1583333,0,1
6/3/2024 6:00,27,80,East,23,31,0,1.914362425,101.2116667,0,1
6/3/2024 7:00,27.2,81,East,21,28,0,37.07763732,101.295,0,1
6/3/2024 8:00,27.5,79,East,21,28,0,223.9509323,101.3416667,0,1
6/3/2024 9:00,27.7,78,East,18,31,0,393.2822173,101.415,0,1
6/3/2024 10:00,27.4,81,East,17,26,0,365.3833279,101.4666667,0,1
6/3/2024 11:00,27.6,79,East,17,24,0.2,277.8344528,101.4666667,0,1
6/3/2024 12:00,27.8,78,East,14,23,0,467.3981184,101.415,0,1
6/3/2024 13:00,27.7,78,East South-East,17,24,0,456.9360349,101.3383333,0,1
6/3/2024 14:00,27.5,78,East,16,22,0,282.3168491,101.2866667,0,1
6/3/2024 15:00,27.4,79,East,21,28,0,169.0581619,101.2283333,0,1
6/3/2024 16:00,27.4,79,East,24,31,0,128.6313067,101.1966667,0,1
6/3/2024 17:00,27.3,81,East,23,34,0,45.18695139,101.205,0,1
6/3/2024 18:00,27.3,81,East South-East,26,33,0,5.366723372,101.2883333,0,1
6/3/2024 19:00,27.3,82,East,34,43,0,1.901739398,101.2233333,0,1
6/3/2024 20:00,27.3,82,East,28,54,0,1.901739398,101.1683333,0,1
6/3/2024 21:00,27.4,83,East,29,35,0,1.901896723,101.3383333,0,1
6/3/2024 22:00,27.4,84,East,25,35,0,1.901739398,101.3266667,0,1
6/3/2024 23:00,27.4,84,East,26,35,0,1.901739398,101.3,0,1
6/4/2024 0:00,27.3,84,East North-East,23,32,0,1.901896723,101.2816667,0,1
6/4/2024 1:00,27.1,86,East North-East,23,31,0,1.901739398,101.245,0,1
6/4/2024 2:00,27,85,East North-East,20,30,0,1.901739398,101.2116667,0,1
6/4/2024 3:00,27.1,85,East North-East,15,25,0,1.901896723,101.1916667,0,1
6/4/2024 4:00,27.1,85,East North-East,15,21,0,1.901739398,101.1966667,0,1
6/4/2024 5:00,27.2,84,East,15,22,0,1.901739398,101.2183333,0,1
6/4/2024 6:00,27.2,84,East,12,19,0,1.917888359,101.27,0,1
6/4/2024 7:00,26.8,88,East,15,23,0,38.89332653,101.3283333,0,1
6/4/2024 8:00,27.3,86,East South-East,14,22,0,152.0833366,101.3833333,0,1
6/4/2024 9:00,27.9,84,East,17,21,0,437.0542856,101.42,0,1
6/4/2024 10:00,27.9,83,East North-East,19,24,0,576.1981006,101.4316667,0,1
6/4/2024 11:00,28.1,85,East North-East,16,27,0,637.4922636,101.3783333,0,1
6/4/2024 12:00,28.3,83,East North-East,16,20,0,748.8982901,101.305,0,1
6/4/2024 13:00,28.5,83,East North-East,14,21,0,592.6398713,101.245,0,1
6/4/2024 14:00,28.3,80,East North-East,13,21,0,704.3870528,101.1816667,0,1
6/4/2024 15:00,28.5,80,East North-East,15,23,0,586.6791371,101.125,0,1
6/4/2024 16:00,28.3,81,North-East,17,24,0,349.5575314,101.115,0,1
6/4/2024 17:00,28.1,83,North-East,16,25,0,132.9146959,101.115,0,1
6/4/2024 18:00,28,85,North-East,14,24,0,13.14958781,101.1716667,0,1
6/4/2024 19:00,27.7,86,East North-East,13,22,0,1.901896723,101.24,0,1
6/4/2024 20:00,27.7,83,North-East,12,21,0,1.901739398,101.2866667,0,1
6/4/2024 21:00,27.7,81,North North-East,12,25,0,1.901739398,101.3383333,0,1
6/4/2024 22:00,27.5,82,North North-East,14,20,0,1.901896723,101.3533333,0,1
6/4/2024 23:00,27.4,82,North North-East,12,24,0,1.901739398,101.3483333,0,1
6/5/2024 0:00,27.4,83,North North-East,13,22,0,1.901739398,101.3333333,0,1
6/5/2024 1:00,27.3,82,North North-East,13,24,0,1.901896723,101.3066667,0,1
6/5/2024 2:00,27.3,82,North,10,20,0,1.901739398,101.2933333,0,1
6/5/2024 3:00,27,83,North,5,18,0,1.901739398,101.2816667,0,1
6/5/2024 4:00,26.9,81,North North-West,5,17,0,1.901896723,101.2733333,0,1
6/5/2024 5:00,25,89,West North-West,0,8,0,1.901739398,101.295,0,1
6/5/2024 6:00,25,91,West,3,6,0,1.920757228,101.3316667,0,1
6/5/2024 7:00,26.8,88,East North-East,6,8,0,41.07384344,101.36,0,1
6/5/2024 8:00,27.9,81,East North-East,8,11,0,220.1697989,101.3716667,0,1
6/5/2024 9:00,28.2,79,North-East,10,16,0,399.5556767,101.4116667,0,1
6/5/2024 10:00,28.68905732,78.99878069,North-East,9.91398839,15.84019276,0,589.3515171,101.4216667,1,1
6/5/2024 11:00,28.8,77,North-East,10,18,0,673.3609102,101.4,0,1
6/5/2024 12:00,28.8,78,North North-East,10,20,0,646.9214058,101.345,0,1
6/5/2024 13:00,29.1,77,North North-East,12,21,0,798.3088908,101.2616667,0,1
6/5/2024 14:00,29.3,78,North North-West,10,22,0,711.2670098,101.1916667,0,1
6/5/2024 15:00,29.5,75,North North-West,10,23,0,591.5500709,101.1416667,0,1
6/5/2024 16:00,28.8,78,North North-West,10,19,0,360.4223671,101.1266667,0,1
6/5/2024 17:00,28,81,North North-West,12,20,0,110.2101269,101.1316667,0,1
6/5/2024 18:00,27.4,83,North North-West,7,17,0,8.502370342,101.205,0,1
6/5/2024 19:00,27.3,84,North North-West,5,12,0,1.901739398,101.2966667,0,1
6/5/2024 20:00,27.3,85,North North-West,6,9,0,1.901896723,101.355,0,1
6/5/2024 21:00,27.2,85,North North-West,6,10,0,1.901739398,101.3816667,0,1
6/5/2024 22:00,27,86,North North-West,6,11,0,1.901739398,101.3883333,0,1
6/5/2024 23:00,27.1,88,North North-West,5,12,0,1.901896723,101.3883333,0,1
6/6/2024 0:00,27.3,86,North,11,18,0,1.901739398,101.3333333,0,1
6/6/2024 1:00,27.2,87,North,8,19,0,1.901739398,101.295,0,1
6/6/2024 2:00,26.9,89,North,10,19,0,1.901896723,101.2633333,0,1
6/6/2024 3:00,26.6,89,North North-West,5,14,0,1.901739398,101.225,0,1
6/6/2024 4:00,26.5,89,North North-West,6,13,0,1.901739398,101.195,0,1
6/6/2024 5:00,26.6,88,North North-West,10,17,0,1.901896723,101.2016667,0,1
6/6/2024 6:00,26.6,88,North North-West,7,15,0,1.911558336,101.235,0,1
6/6/2024 7:00,26.8,88,North North-West,6,14,0,33.73992936,101.2466667,0,1
6/6/2024 8:00,28.3,82,North-West,7,14,0,263.2406045,101.31,0,1
6/6/2024 9:00,28.7,80,North-West,4,13,0,337.6787074,101.425,0,1
6/6/2024 10:00,29.44165051,78.00737071,North-West,8.430340053,15.84019276,0,567.953524,101.4483333,1,1
6/6/2024 11:00,28.7,79,North-West,10,17,0,619.0414696,101.43,0,1
6/6/2024 12:00,29.4,76,North-West,8,17,0,695.1284879,101.41,0,1
6/6/2024 13:00,29.6,75,West North-West,8,19,0,778.3323765,101.3666667,0,1
6/6/2024 14:00,29.7,73,West North-West,11,21,0,724.3540907,101.3033333,0,1
6/6/2024 15:00,28.2,76,West South-West,11,28,0,478.4145786,101.2866667,0,1
6/6/2024 16:00,27.9,79,South South-West,12,21,0,368.8801656,101.2566667,0,1
6/6/2024 17:00,27.1,83,South,4,15,0,117.2571077,101.2516667,0,1
6/6/2024 18:00,26.7,84,East,3,9,0,9.089850103,101.2766667,0,1
6/6/2024 19:00,25.8,88,West,0,5,0,1.902063302,101.3033333,0,1
6/6/2024 20:00,25.9,89,South-West,4,12,0,1.901739398,101.3633333,0,1
6/6/2024 21:00,26.7,82,South South-West,9,19,0,1.901896723,101.4133333,0,1
6/6/2024 22:00,27.2,79,South South-West,24,30,0,1.901739398,101.43,0,1
6/6/2024 23:00,27.2,81,South,21,32,0,1.901739398,101.4016667,0,1
6/7/2024 0:00,26.8,82,South,22,30,0,1.901896723,101.3783333,0,1
6/7/2024 1:00,27.2,76,South South-East,14,26,0,1.901739398,101.3633333,0,1
6/7/2024 2:00,27,86,East South-East,21,31,0,1.901739398,101.335,0,1
6/7/2024 3:00,26.5,84,East South-East,20,31,0,1.901739398,101.275,0,1
6/7/2024 4:00,26.8,81,East South-East,22,28,0,1.901896723,101.235,0,1
6/7/2024 5:00,26.8,84,East South-East,20,28,0,1.901739398,101.2066667,0,1
6/7/2024 6:00,26.7,85,East South-East,22,28,0,1.911872986,101.2183333,0,1
6/7/2024 7:00,27,82,East South-East,19,27,0,39.19261444,101.285,0,1
6/7/2024 8:00,27.2,80,East South-East,18,27,0,210.2549847,101.325,0,1
6/7/2024 9:00,27.4,83,East South-East,19,26,0,308.4910108,101.3933333,0,1
6/7/2024 10:00,27.7,80,East South-East,19,28,0,437.4902059,101.425,0,1
6/7/2024 11:00,27.7,81,East South-East,19,26,0,575.0419645,101.3916667,0,1
6/7/2024 12:00,27.8,80,East,22,27,0,806.8188103,101.335,0,1
6/7/2024 13:00,27.8,82,East,23,28,0,753.3238272,101.2216667,0,1
6/7/2024 14:00,27.8,81,East,21,29,0,715.8915539,101.095,0,1
6/7/2024 15:00,27.8,81,East,22,28,0,463.8918041,101.0633333,0,1
6/7/2024 16:00,27.8,80,East,17,27,0,192.8252863,101.125,0,1
6/7/2024 17:00,27.7,82,East,19,28,0,56.64051628,101.1416667,0,1
6/7/2024 18:00,27.7,84,East,14,27,0,7.781238263,101.18,0,1
6/7/2024 19:00,27.6,82,East,18,26,0,1.901896723,101.2016667,0,1
6/7/2024 20:00,27.6,83,East South-East,21,27,0,1.901739398,101.2816667,0,1
6/7/2024 21:00,27.5,85,East South-East,20,27,0,1.901739398,101.35,0,1
6/7/2024 22:00,25.4,90,South South-East,24,37,1.8,1.901896723,101.3833333,0,1
6/7/2024 23:00,24.9,91,South,29,42,18.8,1.901739398,101.4483333,0,1
6/8/2024 0:00,25.1,91,NA,23,39,0,1.901739398,101.3966667,0,1
6/8/2024 1:00,25.5,89,South-East,21,28,0,1.901896723,101.3616667,0,1
6/8/2024 2:00,25.8,84,East South-East,20,32,0,1.901739398,101.2866667,0,1
6/8/2024 3:00,26,86,East South-East,25,32,0,1.901739398,101.245,0,1
6/8/2024 4:00,26,86,East South-East,23,30,0,1.901739398,101.2566667,0,1
6/8/2024 5:00,26.1,85,East South-East,21,31,0.2,1.901739398,101.3016667,0,1
6/8/2024 6:00,26.2,85,East,21,29,0,1.904543487,101.3566667,0,1
6/8/2024 7:00,26.5,85,East,23,29,0,6.387791164,101.4683333,0,1
6/8/2024 8:00,26.4,85,East,25,33,0,27.93671467,101.4683333,0,1
6/8/2024 9:00,26.4,85,East,22,30,0,49.31634711,101.55,0,1
6/8/2024 10:00,26.3,85,East,21,31,0.2,54.34364356,101.5566667,0,1
6/8/2024 11:00,26.3,83,East,21,36,0.6,150.6215827,101.4816667,0,1
6/8/2024 12:00,25.9,90,East South-East,23,32,1,248.9736963,101.45,0,1
6/8/2024 13:00,26,86,East South-East,27,36,0.4,328.9697811,101.36,0,1
6/8/2024 14:00,26.8,85,East,27,42,0,473.1977516,101.2733333,0,1
6/8/2024 15:00,26.2,86,East,29,42,0,281.25074,101.2716667,0,1
6/8/2024 16:00,25.9,87,East,29,39,0,222.2285739,101.275,0,1
6/8/2024 17:00,26.13377832,83.37047327,East South-East,30.81434567,41.26748341,0,69.31299918,101.345,1,1
6/8/2024 18:00,25.79125193,84.98654781,East,32.71046056,45.56824177,0,7.638229729,101.3783333,1,1
6/8/2024 19:00,25.45033366,85.98599364,East,32.66121082,45.00235251,0,1.901896723,101.3933333,1,1
6/8/2024 20:00,25.83467077,85.2784307,East,30.90668893,43.56876639,0,1.901739398,101.44,1,1
6/8/2024 21:00,26.2,85,East,35,44,0,1.901739398,101.4066667,0,1
6/8/2024 22:00,26.7,85,East North-East,36,46,0,1.901896723,101.3766667,0,1
6/8/2024 23:00,26.9,85,East North-East,33,47,0,1.901739398,101.3266667,0,1
6/9/2024 0:00,26.7,85,East North-East,27,41,0,1.901739398,101.3833333,0,1
6/9/2024 1:00,27.2,85,North-East,26,36,0,1.901896723,101.3666667,0,1
6/9/2024 2:00,27.3,84,North North-East,18,33,0,1.901739398,101.365,0,1
6/9/2024 3:00,27.3,84,North North-East,17,27,0,1.901739398,101.355,0,1
6/9/2024 4:00,27.2,85,North North-East,10,25,0,1.901896723,101.3583333,0,1
6/9/2024 5:00,26.9,87,North,7,15,0,1.901739398,101.3866667,0,1
6/9/2024 6:00,26.8,87,North North-West,7,11,0,1.905043225,101.4583333,0,1
6/9/2024 7:00,27.2,87,North,12,19,0,15.72394503,101.4433333,0,1
6/9/2024 8:00,27.6,86,North North-West,6,21,0,101.1659685,101.5133333,0,1
6/9/2024 9:00,28.2,83,North North-West,7,14,0,244.3728434,101.5716667,0,1
6/9/2024 10:00,28.1,84,North-West,9,15,0,287.6284412,101.5416667,0,1
6/9/2024 11:00,28.2,84,North-West,8,14,0,309.6613616,101.5216667,0,1
6/9/2024 12:00,28.53789544,81.95307331,North-West,8.128685412,14.51978449,0,258.1469723,101.4883333,1,1
6/9/2024 13:00,28.1,84,West North-West,3,12,0,227.3861725,101.4416667,0,1
6/9/2024 14:00,28.3,82,North-West,4,8,0,292.8215769,101.3483333,0,1
6/9/2024 15:00,28.3,79,North-West,2,11,0,251.4139014,101.3266667,0,1
6/9/2024 16:00,28.2,80,North,4,10,0,161.5006332,101.3466667,0,1
6/9/2024 17:00,27.6,83,East,4,7,0,39.59639398,101.3483333,0,1
6/9/2024 18:00,25.7,87,West South-West,13,34,2.8,3.876289963,101.4416667,0,1
6/9/2024 19:00,25.2,93,West South-West,12,36,3.3,1.901896723,101.585,0,1
6/9/2024 20:00,25.6,91,South,30,38,0,1.901739398,101.5916667,0,1
6/9/2024 21:00,25.5,87,South,27,40,0.2,1.901739398,101.5983333,0,1
6/9/2024 22:00,25.8,89,South-East,16,34,0,1.901739398,101.61,0,1
6/9/2024 23:00,26,86,East South-East,24,40,0,1.901739398,101.6116667,0,1
6/10/2024 0:00,25.8,86,East South-East,30,40,0,1.901739398,101.5933333,0,1
6/10/2024 1:00,25.8,84,East South-East,28,40,0,1.901896723,101.5566667,0,1
6/10/2024 2:00,26.2,80,East South-East,25,35,0,1.901739398,101.53,0,1
6/10/2024 3:00,25.9,80,East South-East,30,37,0,1.901739398,101.4566667,0,1
6/10/2024 4:00,25.8,81,East South-East,21,36,0,1.901896723,101.455,0,1
6/10/2024 5:00,25.9,81,East South-East,24,31,0,1.901739398,101.4933333,0,1
6/10/2024 6:00,26.1,80,South-East,20,31,0,1.907366084,101.535,0,1
6/10/2024 7:00,26.2,80,East South-East,22,28,0,17.8735059,101.6083333,0,1
6/10/2024 8:00,26.4,81,East South-East,23,30,0,78.01126446,101.64,0,1
6/10/2024 9:00,26.3,81,East South-East,24,32,0,115.1533192,101.7,0,1
6/10/2024 10:00,26.3,82,East South-East,25,32,0,157.0798344,101.7083333,0,1
6/10/2024 11:00,26.2,82,South-East,28,36,0,370.9176185,101.67,0,1
6/10/2024 12:00,26.1,83,South-East,28,37,0,347.7380387,101.6133333,0,1
6/10/2024 13:00,26.1,82,East South-East,32,41,0,387.4920605,101.545,0,1
6/10/2024 14:00,25.8,86,East South-East,35,47,0,430.9419271,101.4833333,0,1
6/10/2024 15:00,25.8,84,East South-East,36,49,0,279.085354,101.45,0,1
6/10/2024 16:00,25.9,82,East South-East,36,48,0,227.4714612,101.4483333,0,1
6/10/2024 17:00,26.1,82,East South-East,39,52,0,104.6580679,101.46,0,1
6/10/2024 18:00,26.1,80,East South-East,40,54,0,13.61715807,101.4916667,0,1
6/10/2024 19:00,26,81,East South-East,40,54,0,1.902054048,101.5483333,0,1
6/10/2024 20:00,26.5,80,East South-East,36,51,0,1.901739398,101.6,0,1
6/10/2024 21:00,26.5,80,East South-East,38,50,0,1.901739398,101.6516667,0,1
6/10/2024 22:00,26.2,81,South-East,42,53,0,1.901896723,101.6616667,0,1
6/10/2024 23:00,25.9,80,East South-East,41,52,0,1.901739398,101.6366667,0,1
6/11/2024 0:00,26.3,78,East South-East,38,52,0,1.901739398,101.6083333,0,1
6/11/2024 1:00,26.3,78,East South-East,42,53,0,1.901896723,101.5716667,0,1
6/11/2024 2:00,26.2,75,East South-East,39,56,0,1.901739398,101.5516667,0,1
6/11/2024 3:00,26.2,76,East South-East,37,50,0,1.901739398,101.5316667,0,1
6/11/2024 4:00,26,73,East South-East,38,53,0,1.901896723,101.4933333,0,1
6/11/2024 5:00,26.1,73,East South-East,42,55,0,1.901739398,101.4866667,0,1
6/11/2024 6:00,26,71,East South-East,41,53,0,1.910031357,101.51,0,1
6/11/2024 7:00,26.1,72,East South-East,39,54,0,37.8891388,101.5583333,0,1
6/11/2024 8:00,26.2,73,East South-East,37,50,0,203.0717788,101.5983333,0,1
6/11/2024 9:00,25.6,82,East South-East,43,55,0,392.2871821,101.6516667,0,1
6/11/2024 10:00,25.4,81,East South-East,44,59,0,553.7008305,101.665,0,1
6/11/2024 11:00,25.7,80,East South-East,42,58,0,672.4985465,101.6333333,0,1
6/11/2024 12:00,26.2,75,East South-East,41,54,0,742.3973941,101.615,0,1
6/11/2024 13:00,26.4,74,East South-East,37,53,0,795.9208066,101.5416667,0,1
6/11/2024 14:00,26.4,73,East South-East,37,51,0,572.0284296,101.48,0,1
6/11/2024 15:00,26.3,71,East South-East,35,49,0,533.9801823,101.45,0,1
6/11/2024 16:00,26.5,75,East South-East,36,49,0,371.7847205,101.4566667,0,1
6/11/2024 17:00,26.1,73,East South-East,37,51,0,113.0613763,101.49,0,1
6/11/2024 18:00,26,74,East South-East,38,52,0,11.38313211,101.5433333,0,1
6/11/2024 19:00,25.7,78,East South-East,38,53,0,1.902054048,101.5833333,0,1
6/11/2024 20:00,26.1,73,East South-East,39,53,0,1.901739398,101.61,0,1
6/11/2024 21:00,26,71,East South-East,35,53,0,1.901739398,101.6333333,0,1
6/11/2024 22:00,26.1,76,East South-East,35,48,0,1.901896723,101.6483333,0,1
6/11/2024 23:00,26,71,East South-East,32,46,0,1.901739398,101.6816667,0,1
6/12/2024 0:00,26,71,East,30,42,0,1.901739398,101.66,0,1
6/12/2024 1:00,26.1,73,East,30,41,0,1.901896723,101.6383333,0,1
6/12/2024 2:00,26.1,73,East South-East,29,41,0,1.901739398,101.6033333,0,1
6/12/2024 3:00,25.8,71,East,29,44,0,1.901739398,101.555,0,1
6/12/2024 4:00,25.9,72,East South-East,28,41,0,1.901896723,101.5266667,0,1
6/12/2024 5:00,25.8,71,East South-East,23,36,0,1.901739398,101.56,0,1
6/12/2024 6:00,25.9,71,East South-East,27,39,0,1.911724916,101.59,0,1
6/12/2024 7:00,26,68,East South-East,27,41,0,36.21188643,101.6166667,0,1
6/12/2024 8:00,26.3,71,East South-East,26,37,0,218.4687627,101.6366667,0,1
6/12/2024 9:00,26.4,69,East South-East,27,37,0,404.0096434,101.6783333,0,1
6/12/2024 10:00,26.6,70,East South-East,28,40,0,547.4652771,101.695,0,1
6/12/2024 11:00,26.6,71,East South-East,30,41,0,681.084278,101.6483333,0,1
6/12/2024 12:00,26.6,75,East South-East,30,43,0,698.4357951,101.585,0,1
6/12/2024 13:00,26.7,74,East South-East,32,43,0,768.1166826,101.5033333,0,1
6/12/2024 14:00,26.6,74,East South-East,31,44,0,617.6721118,101.4433333,0,1
6/12/2024 15:00,26.8,77,East South-East,30,42,0,544.5796753,101.4033333,0,1
6/12/2024 16:00,26.8,74,East South-East,28,41,0,216.3010076,101.39,0,1
6/12/2024 17:00,26.7,76,East,32,41,0,104.5869939,101.4116667,0,1
6/12/2024 18:00,26.5,75,East,32,45,0,10.15094326,101.46,0,1
6/12/2024 19:00,26.6,74,East,30,42,0,1.901739398,101.525,0,1
6/12/2024 20:00,26.5,75,East,29,45,0,1.901896723,101.59,0,1
6/12/2024 21:00,26.3,77,East,29,40,0,1.901739398,101.61,0,1
6/12/2024 22:00,26.3,77,East South-East,30,40,0,1.901896723,101.6016667,0,1
6/12/2024 23:00,26.1,81,East South-East,34,46,0,1.901739398,101.58,0,1
6/13/2024 0:00,25.2,88,East South-East,27,46,0,1.901739398,101.585,0,1
6/13/2024 1:00,25.3,86,East South-East,32,44,0,1.901896723,101.555,0,1
6/13/2024 2:00,24.6,93,East South-East,32,46,0.6,1.901739398,101.5083333,0,1
6/13/2024 3:00,25,91,East South-East,34,47,1.2,1.901739398,101.4766667,0,1
6/13/2024 4:00,25.1,90,East South-East,28,46,0.2,1.901739398,101.4383333,0,1
6/13/2024 5:00,25.5,90,East South-East,26,39,0,1.901896723,101.4716667,0,1
6/13/2024 6:00,25.1,92,East South-East,21,39,0,1.90838407,101.4983333,0,1
6/13/2024 7:00,25.2734421,86.80575291,East South-East,22.41726545,33.98637496,0,14.18625856,101.5616667,1,1
6/13/2024 8:00,25.40530671,86.7736962,East South-East,24.57194146,35.26905728,0,126.0371081,101.6,1,1
6/13/2024 9:00,25.6,88,East North-East,18,40,0,175.8646758,101.6666667,0,1
6/13/2024 10:00,25.4,90,East,20,35,0,242.6528541,101.68,0,1
6/13/2024 11:00,25.1,93,South-East,19,30,2,250.7221151,101.6616667,0,1
6/13/2024 12:00,24.3,95,East South-East,5,29,16.4,178.323834,101.645,0,1
6/13/2024 13:00,23.8,94,North North-East,24,39,9.8,153.8791381,101.605,0,1
6/13/2024 14:00,26.8,87,East North-East,23,30,4.4,237.6871551,101.52,0,1
6/13/2024 15:00,27.3,82,East,22,36,0,280.0377448,101.4366667,0,1
6/13/2024 16:00,27.6,79,East North-East,25,37,0,307.2022034,101.425,0,1
6/13/2024 17:00,27.4,81,East,23,32,0,128.6514443,101.46,0,1
6/13/2024 18:00,26.9,80,East North-East,23,36,0,11.78679135,101.4983333,0,1
6/13/2024 19:00,27.2,80,East,25,36,0,1.902054048,101.5433333,0,1
6/13/2024 20:00,27.32860041,77.35931833,East,28.3149215,38.17395547,0,1.901739398,101.5883333,1,1
6/13/2024 21:00,27,78,East,30,40,0,1.901739398,101.6016667,0,1
6/13/2024 22:00,26.8,82,East,30,40,0,1.901739398,101.6116667,0,1
6/13/2024 23:00,26.9,80,East,31,40,0,1.901739398,101.58,0,1
6/14/2024 0:00,26.7,81,East,29,41,0,1.901739398,101.535,0,1
6/14/2024 1:00,26.7,79,East,30,42,0,1.901896723,101.5,0,1
6/14/2024 2:00,26.7,79,East,31,42,0,1.901739398,101.44,0,1
6/14/2024 3:00,26.7,78,East,30,41,0,1.901739398,101.4133333,0,1
6/14/2024 4:00,26.6,80,East,30,39,0,1.901896723,101.4216667,0,1
6/14/2024 5:00,26.6,78,East,29,40,0,1.901739398,101.4433333,0,1
6/14/2024 6:00,26.5,81,East,27,37,0,1.912233909,101.4766667,0,1
6/14/2024 7:00,26.5,80,East,30,44,0,29.08713148,101.5216667,0,1
6/14/2024 8:00,27,79,East,30,40,0,210.1981255,101.5666667,0,1
6/14/2024 9:00,27,80,East,30,42,0,405.3079273,101.61,0,1
6/14/2024 10:00,27.3,79,East,28,39,0,548.4697887,101.6333333,0,1
6/14/2024 11:00,27.2,82,East South-East,27,37,0,607.4801092,101.61,0,1
6/14/2024 12:00,27.5,80,East South-East,27,40,0,647.0540772,101.585,0,1
6/14/2024 13:00,27.6,80,East South-East,28,37,0,794.4803749,101.52,0,1
6/14/2024 14:00,27.7,80,East,28,39,0,668.9922323,101.4466667,0,1
6/14/2024 15:00,27.6,80,East South-East,30,42,0,542.101564,101.4016667,0,1
6/14/2024 16:00,27.5,80,East South-East,28,42,0,351.8508504,101.4116667,0,1
6/14/2024 17:00,27.3,80,East South-East,31,42,0,118.1893608,101.4683333,0,1
6/14/2024 18:00,27.3,80,East South-East,26,40,0,11.66913992,101.5466667,0,1
6/14/2024 19:00,27.2,80,East South-East,29,38,0,1.901896723,101.5816667,0,1
6/14/2024 20:00,27.2,81,East South-East,29,39,0,1.901896723,101.6433333,0,1
6/14/2024 21:00,27.2,80,East South-East,32,42,0,1.901739398,101.6733333,0,1
6/14/2024 22:00,27,80,East South-East,33,42,0,1.901739398,101.7016667,0,1
6/14/2024 23:00,26.9,79,East South-East,32,42,0,1.901896723,101.685,0,1
6/15/2024 0:00,26.8,82,East South-East,29,43,0,1.901739398,101.6533333,0,1
6/15/2024 1:00,26.9,82,East South-East,29,40,0,1.901739398,101.6166667,0,1
6/15/2024 2:00,26.8,83,East South-East,30,41,0,1.901896723,101.5916667,0,1
6/15/2024 3:00,26.7,84,East South-East,29,40,0,1.901739398,101.5466667,0,1
6/15/2024 4:00,26.6,84,East South-East,31,41,0,1.901739398,101.5083333,0,1
6/15/2024 5:00,26.5,85,East South-East,28,39,0,1.901896723,101.5,0,1
6/15/2024 6:00,26.4,84,East South-East,28,41,0,1.909216968,101.5166667,0,1
6/15/2024 7:00,26.7,83,East South-East,27,36,0,26.03199796,101.5616667,0,1
6/15/2024 8:00,27.1,79,East,29,40,0,202.6713956,101.6133333,0,1
6/15/2024 9:00,27,82,East,28,37,0,376.8878292,101.625,0,1
6/15/2024 10:00,27.4,79,East,31,40,0,518.9930581,101.635,0,1
6/15/2024 11:00,27.4,81,East,27,39,0,664.5572187,101.5883333,0,1
6/15/2024 12:00,27.5,82,East,27,44,0.6,640.1646436,101.5516667,0,1
6/15/2024 13:00,27.6,81,East,26,35,0,771.2439358,101.47,0,1
6/15/2024 14:00,27.6,81,East,25,34,0,699.6772199,101.3866667,0,1
6/15/2024 15:00,27.7,81,East,26,34,0,507.2089994,101.3566667,0,1
6/15/2024 16:00,27.7,82,East,25,34,0,350.1119081,101.35,0,1
6/15/2024 17:00,27.5,83,East,25,34,0,115.2161012,101.3866667,0,1
6/15/2024 18:00,27.4,83,East,26,33,0,11.19416613,101.46,0,1
6/15/2024 19:00,27.4,84,East South-East,27,36,0,1.901896723,101.5033333,0,1
6/15/2024 20:00,27.3,82,East South-East,29,37,0,1.901739398,101.535,0,1
6/15/2024 21:00,27.2,85,East South-East,26,35,0,1.901739398,101.5866667,0,1
6/15/2024 22:00,27.3,85,East South-East,27,36,0,1.901739398,101.6016667,0,1
6/15/2024 23:00,27.2,83,East,25,37,0,1.901896723,101.5966667,0,1
6/16/2024 0:00,26.9,86,East,26,36,0,1.901739398,101.5766667,0,1
6/16/2024 1:00,25.4,88,East,30,51,1,1.901739398,101.5983333,0,1
6/16/2024 2:00,26.8,85,East South-East,26,36,0,1.901896723,101.5816667,0,1
6/16/2024 3:00,26.6,86,East,25,36,0,1.901739398,101.5466667,0,1
6/16/2024 4:00,26.1,88,East South-East,26,36,0.8,1.901739398,101.5266667,0,1
6/16/2024 5:00,26.7,83,East South-East,26,35,0,1.901896723,101.5383333,0,1
6/16/2024 6:00,26.7,83,East,26,33,0,1.908902318,101.55,0,1
6/16/2024 7:00,26.8,82,East,25,37,0,28.00243956,101.6033333,0,1
6/16/2024 8:00,27,83,East,22,33,0,188.487407,101.645,0,1
6/16/2024 9:00,26.8,84,East,27,41,0,368.7403869,101.675,0,1
6/16/2024 10:00,27.0729117,82.70212733,East,25.48921782,40.814772,0,543.3050827,101.675,1,1
6/16/2024 11:00,27.1,81,East,26,35,0,686.6943807,101.6483333,0,1
6/16/2024 12:00,27.3,80,East,24,32,0,752.9542428,101.585,0,1
6/16/2024 13:00,27.3,80,East,24,31,0,773.594114,101.495,0,1
6/16/2024 14:00,27.3,77,East,22,31,0,586.0063039,101.42,0,1
6/16/2024 15:00,27.4,81,East,23,30,0,477.6232887,101.3333333,0,1
6/16/2024 16:00,27.3,80,East,24,32,0,386.9898047,101.3016667,0,1
6/16/2024 17:00,27.2,79,East,21,29,0,122.1043502,101.2933333,0,1
6/16/2024 18:00,27,80,East,19,28,0,11.44156451,101.3283333,0,1
6/16/2024 19:00,27,81,East,18,26,0,1.901896723,101.4083333,0,1
6/16/2024 20:00,26.9,80,East South-East,19,24,0,1.901739398,101.445,0,1
6/16/2024 21:00,26.9,81,East South-East,18,24,0,1.901896723,101.4966667,0,1
6/16/2024 22:00,26.8,79,East South-East,16,24,0,1.901739398,101.5233333,0,1
6/16/2024 23:00,26.7,78,East South-East,14,23,0,1.901739398,101.515,0,1
6/17/2024 0:00,26.7,80,East South-East,13,19,0,1.901896723,101.4966667,0,1
6/17/2024 1:00,26.6,79,East South-East,12,16,0,1.901739398,101.465,0,1
6/17/2024 2:00,26.5,79,East South-East,12,17,0,1.901739398,101.4216667,0,1
6/17/2024 3:00,26.3,80,East South-East,9,15,0,1.901739398,101.3583333,0,1
6/17/2024 4:00,26.3,80,East,8,13,0,1.901739398,101.33,0,1
6/17/2024 5:00,26.1,80,East,6,11,0,1.901739398,101.3283333,0,1
6/17/2024 6:00,23.9,85,East South-East,2,9,0,1.909050389,101.375,0,1
6/17/2024 7:00,23.8,92,West,0,6,0,30.17040747,101.435,0,1
6/17/2024 8:00,27.3,78,South-West,2,4,0,236.4220391,101.4583333,0,1
6/17/2024 9:00,28,74,South-East,3,15,0,416.6228981,101.475,0,1
6/17/2024 10:00,27.7,74,South South-East,4,10,0,532.947241,101.5,0,1
6/17/2024 11:00,27.7,73,South South-East,7,10,0,617.8805953,101.4683333,0,1
6/17/2024 12:00,27.5,74,South South-East,6,12,0,463.0294404,101.4116667,0,1
6/17/2024 13:00,26.9,78,South South-West,6,18,0,387.5347049,101.3233333,0,1
6/17/2024 14:00,27.8,73,South South-West,3,17,0,501.9779577,101.2483333,0,1
6/17/2024 15:00,27.3,78,South,16,33,0,463.8657437,101.19,0,1
6/17/2024 16:00,26.9,82,South South-West,30,41,0.2,290.1871029,101.1766667,0,1
6/17/2024 17:00,26.4,78,South South-West,31,44,0,98.81105202,101.195,0,1
6/17/2024 18:00,26.3,80,South-West,27,41,0,11.7765282,101.2283333,0,1
6/17/2024 19:00,26,77,South-West,26,39,0,1.902063302,101.265,0,1
6/17/2024 20:00,26,80,South South-West,30,40,0,1.901739398,101.305,0,1
6/17/2024 21:00,25.8,79,South South-West,26,38,0,1.902063302,101.3233333,0,1
6/17/2024 22:00,25.6,75,South South-West,24,40,0,1.901739398,101.3433333,0,1
6/17/2024 23:00,25.8,74,South-West,21,37,0,1.901739398,101.3233333,0,1
6/18/2024 0:00,25.3,73,South South-West,21,36,0,1.901896723,101.2816667,0,1
6/18/2024 1:00,24.8,69,South South-West,17,37,0,1.901739398,101.24,0,1
6/18/2024 2:00,24.6,68,South South-West,13,34,0,1.901739398,101.2183333,0,1
6/18/2024 3:00,24.7,71,South South-West,27,45,0,1.901896723,101.2033333,0,1
6/18/2024 4:00,24.3,66,South South-West,22,42,0,1.901739398,101.1883333,0,1
6/18/2024 5:00,24.1,70,South South-West,14,39,0,1.901739398,101.2033333,0,1
6/18/2024 6:00,24,67,South South-West,14,34,0,1.908208236,101.2483333,0,1
6/18/2024 7:00,24.5,67,South South-West,18,34,0,23.80650457,101.3016667,0,1
6/18/2024 8:00,25.4,64,South South-West,17,33,0,156.8595052,101.3716667,0,1
6/18/2024 9:00,26.3,58,South South-West,8,30,0,361.9338729,101.41,0,1
6/18/2024 10:00,27.1,55,South South-West,6,22,0,480.0824469,101.4283333,0,1
6/18/2024 11:00,26.2,58,South-East,11,19,0,679.4732688,101.4033333,0,1
6/18/2024 12:00,26.7,60,South South-East,18,32,0,589.3799467,101.3683333,0,1
6/18/2024 13:00,26.8,58,South South-West,20,33,0,598.3163097,101.2966667,0,1
6/18/2024 14:00,27,55,South South-West,9,30,0,697.9714454,101.23,0,1
6/18/2024 15:00,26.3,55,East South-East,8,17,0,563.1773554,101.1866667,0,1
6/18/2024 16:00,26.4,59,East North-East,7,13,0,346.6245469,101.1833333,0,1
6/18/2024 17:00,25.9,65,East,12,24,0,133.4856566,101.1933333,0,1
6/18/2024 18:00,25.7,69,East South-East,23,30,0,12.00446453,101.2233333,0,1
6/18/2024 19:00,25.7,69,East South-East,26,41,0,1.902387207,101.2583333,0,1
6/18/2024 20:00,25.7,70,East South-East,31,39,0,1.901739398,101.31,0,1
6/18/2024 21:00,25.7,69,East South-East,28,42,0,1.901739398,101.37,0,1
6/18/2024 22:00,25.6,68,East South-East,30,41,0,1.902063302,101.3933333,0,1
6/18/2024 23:00,25.4,67,East South-East,29,40,0,1.901739398,101.39,0,1
6/19/2024 0:00,25.2,64,East South-East,27,37,0,1.901739398,101.365,0,1
6/19/2024 1:00,25.1,65,East South-East,24,36,0,1.902063302,101.35,0,1
6/19/2024 2:00,25.1,66,East South-East,24,33,0,1.901739398,101.34,0,1
6/19/2024 3:00,25,66,South-East,23,34,0,1.901739398,101.3533333,0,1
6/19/2024 4:00,24.9,64,East South-East,22,36,0,1.901896723,101.335,0,1
6/19/2024 5:00,24.8,64,East South-East,19,30,0,1.901739398,101.31,0,1
6/19/2024 6:00,24.8,64,East South-East,19,27,0,1.909226223,101.325,0,1
6/19/2024 7:00,24.8,64,East South-East,22,32,0,22.81912286,101.3633333,0,1
6/19/2024 8:00,25.1,64,East South-East,23,32,0,203.0172888,101.3883333,0,1
6/19/2024 9:00,25.1,66,East South-East,24,34,0,400.9771554,101.4166667,0,1
6/19/2024 10:00,25.45354986,64.85451201,East South-East,24.06713166,37.004451,0,549.4743004,101.4016667,1,1
6/19/2024 11:00,25.4,62,East South-East,23,36,0,693.6880561,101.3566667,0,1
6/19/2024 12:00,25.4,65,East South-East,23,35,0,735.7827797,101.3016667,0,1
6/19/2024 13:00,25.4,61,East South-East,24,36,0,759.113984,101.23,0,1
6/19/2024 14:00,25.5,61,East South-East,18,33,0,691.5842676,101.1716667,0,1
6/19/2024 15:00,25.4,60,East South-East,22,34,0,549.2847699,101.115,0,1
6/19/2024 16:00,25.4,60,East,19,31,0,358.361223,101.1233333,0,1
6/19/2024 17:00,25.1,61,East,24,33,0,135.9187543,101.1433333,0,1
6/19/2024 18:00,24.9,60,East,22,34,0,11.6165193,101.2066667,0,1
6/19/2024 19:00,25,61,East,26,35,0,1.902377953,101.2666667,0,1
6/19/2024 20:00,24.9,60,East South-East,21,33,0,1.901739398,101.32,0,1
6/19/2024 21:00,25,61,East South-East,21,29,0,1.901739398,101.375,0,1
6/19/2024 22:00,25.1,62,East South-East,21,30,0,1.901739398,101.3633333,0,1
6/19/2024 23:00,25.3,63,East South-East,21,30,0,1.901739398,101.37,0,1
6/20/2024 0:00,25.3,64,East South-East,25,34,0,1.901739398,101.3416667,0,1
6/20/2024 1:00,25.4,62,East South-East,21,35,0,1.901896723,101.3183333,0,1
6/20/2024 2:00,25.4,63,East,23,31,0,1.901739398,101.295,0,1
6/20/2024 3:00,25.5,60,East,18,33,0,1.901739398,101.2666667,0,1
6/20/2024 4:00,25.4,64,East,18,26,0,1.901896723,101.2683333,0,1
6/20/2024 5:00,25.5,65,East,22,30,0,1.901739398,101.255,0,1
6/20/2024 6:00,25.5,60,East South-East,21,30,0,1.906884855,101.2783333,0,1
6/20/2024 7:00,25.4,60,East South-East,19,32,0,19.10260378,101.315,0,1
6/20/2024 8:00,25.7,61,East,20,26,0,165.9427543,101.38,0,1
6/20/2024 9:00,25.9,60,East,22,30,0,409.2880678,101.4,0,1
6/20/2024 10:00,26.2,60,East,22,32,0,544.6507492,101.4,0,1
6/20/2024 11:00,26.2,66,East,26,35,0,588.0153271,101.355,0,1
6/20/2024 12:00,26.2,69,East,25,37,0,742.6437837,101.2883333,0,1
6/20/2024 13:00,26.8,61,East North-East,20,32,0,772.456931,101.2166667,0,1
6/20/2024 14:00,26.6,65,East North-East,18,26,0,691.6790329,101.15,0,1
6/20/2024 15:00,26.7,60,East North-East,17,26,0,560.0501022,101.0866667,0,1
6/20/2024 16:00,26.7,62,East North-East,18,26,0,377.5606625,101.06,0,1
6/20/2024 17:00,26.4,59,East North-East,18,24,0,123.4050032,101.0633333,0,1
6/20/2024 18:00,26.3,67,East,19,24,0,12.4917282,101.0916667,0,1
6/20/2024 19:00,26.1,67,East,16,23,0,1.902387207,101.1466667,0,1
6/20/2024 20:00,26,64,East,17,23,0,1.902063302,101.2016667,0,1
6/20/2024 21:00,26,65,East,15,22,0,1.901739398,101.2483333,0,1
6/20/2024 22:00,26.1,65,East North-East,15,21,0,1.901896723,101.2816667,0,1
6/20/2024 23:00,26,69,East North-East,15,23,0,1.901739398,101.2883333,0,1
6/21/2024 0:00,26,68,East North-East,16,24,0,1.901739398,101.2716667,0,1
6/21/2024 1:00,26,70,North-East,13,20,0,1.901739398,101.225,0,1
6/21/2024 2:00,26,71,North-East,14,20,0,1.902063302,101.1583333,0,1
6/21/2024 3:00,25.9,70,North-East,14,23,0,1.901739398,101.1083333,0,1
6/21/2024 4:00,25.9,71,North-East,20,26,0,1.901739398,101.0616667,0,1
6/21/2024 5:00,26.1,69,North-East,16,27,0,1.901896723,101.075,0,1
6/21/2024 6:00,25.8,68,North,13,28,0,1.908707975,101.125,0,1
6/21/2024 7:00,26.2,70,North North-East,15,24,0,32.63705251,101.1666667,0,1
6/21/2024 8:00,26.7,73,North North-East,15,26,0,146.0894347,101.2016667,0,1
6/21/2024 9:00,27.3,69,North North-East,16,27,0,402.0100967,101.22,0,1
6/21/2024 10:00,27.4,72,North North-East,17,30,0,553.113286,101.2133333,0,1
6/21/2024 11:00,27.8,69,North North-East,16,27,0,688.2106248,101.1866667,0,1
6/21/2024 12:00,28,69,North North-East,15,25,0,587.4467356,101.1283333,0,1
6/21/2024 13:00,28.1,70,North North-East,18,30,0,779.4506064,101.0266667,0,1
6/21/2024 14:00,28.1,70,North,17,28,0,690.6934743,100.9466667,0,1
6/21/2024 15:00,28,72,North North-East,15,25,0,510.8621998,100.9183333,0,1
6/21/2024 16:00,27.8,74,North North-East,13,24,0,387.5394432,100.9083333,0,1
6/21/2024 17:00,27.2,76,North,9,20,0,118.83258,100.9633333,0,1
6/21/2024 18:00,26.7,79,North North-West,8,17,0,11.60398881,101.0216667,0,1
6/21/2024 19:00,26.6,78,North North-West,9,17.50013458,0,1.901739398,101.075,1,1
6/21/2024 20:00,26.6,79,North North-West,10,16,0,1.902063302,101.1366667,0,1
6/21/2024 21:00,26.7,79,North North-West,10,21,0,1.901739398,101.1733333,0,1
6/21/2024 22:00,26.5,82,North North-West,8,17,0,1.901739398,101.1733333,0,1
6/21/2024 23:00,26.4,83,North North-West,9,17,0,1.901739398,101.1466667,0,1
6/22/2024 0:00,26.5,84,North North-West,10,18,0,1.902063302,101.1183333,0,1
6/22/2024 1:00,26.4,86,North North-West,8,18,0,1.901739398,101.0883333,0,1
6/22/2024 2:00,26.2,87,North North-West,8,19,0,1.902063302,101.0416667,0,1
6/22/2024 3:00,26.2,88,North North-West,11,18,0,1.901739398,100.97,0,1
6/22/2024 4:00,26.2,88,North North-West,6,19,0,1.901739398,100.9466667,0,1
6/22/2024 5:00,26.2,90,North North-West,5,16,0,1.901896723,100.9716667,0,1
6/22/2024 6:00,26.1,91,North North-West,7,12,0,1.907199505,101.0183333,0,1
6/22/2024 7:00,26.3,90,North North-West,5,12,0,27.90785015,101.0583333,0,1
6/22/2024 8:00,27.5,86,North North-West,9,17,0,184.2111252,101.0933333,0,1
6/22/2024 9:00,28.3,81,North North-West,14,22,0,396.7174575,101.1483333,0,1
6/22/2024 10:00,28.2,84,North North-West,18,28,0,471.7383667,101.1616667,0,1
6/22/2024 11:00,28.4,83,North North-West,16,32,0,663.7232844,101.1216667,0,1
6/22/2024 12:00,28.9,82,North North-West,15,27,0,772.3811188,101.08,0,1
6/22/2024 13:00,28.5,82,North North-West,17,27,0,609.2711724,101.0516667,0,1
6/22/2024 14:00,28.1,85,North North-West,19,32,0,371.0929342,100.97,0,1
6/22/2024 15:00,28,87,North-West,18,41,0,240.3168908,100.9516667,0,1
6/22/2024 16:00,25.2,89,North-West,28,45,1.8,91.56269505,100.9566667,0,1
6/22/2024 17:00,25.1,94,North-West,15,45,2.8,56.14240643,101.025,0,1
6/22/2024 18:00,24.6,96,West South-West,22,46,2.6,3.30746711,101.125,0,1
6/22/2024 19:00,24.5,95,West South-West,19,46,0.8,1.901739398,101.16,0,1
6/22/2024 20:00,23.2,95,South-West,10,39,2.6,1.901739398,101.215,0,1
6/22/2024 21:00,23.6,95,West South-West,7,17,0.4,1.901739398,101.2416667,0,1
6/22/2024 22:00,23.9,95,West South-West,3,17,0.4,1.901739398,101.2483333,0,1
6/22/2024 23:00,24.3,95,West North-West,5,10,0.2,1.901739398,101.2483333,0,1
6/23/2024 0:00,24.5,95,West North-West,4,17,0,1.901739398,101.25,0,1
6/23/2024 1:00,24.69613236,90.14821795,South-West,5.136763869,9.992670425,0,1.901739398,101.2383333,1,1
6/23/2024 2:00,25,93,South-West,8,15,0,1.901739398,101.195,0,1
6/23/2024 3:00,25.4,93,South-West,6,17,0,1.901896723,101.15,0,1
6/23/2024 4:00,25.6,92,West South-West,10,20,0,1.901739398,101.1466667,0,1
6/23/2024 5:00,25.2,88,South-West,9,30,0,1.901739398,101.1683333,0,1
6/23/2024 6:00,25.5,88,South South-West,6,24,0,1.902877691,101.2083333,0,1
6/23/2024 7:00,25.7,84,South South-West,10,29,0,11.01310343,101.225,0,1
6/23/2024 8:00,26.5,81,South South-West,6,22,0,116.1151865,101.3166667,0,1
6/23/2024 9:00,26.7,80,South,13,19,0,161.3347941,101.3766667,0,1
6/23/2024 10:00,26.5,80,South South-East,19,26,0,160.8420148,101.4216667,0,1
6/23/2024 11:00,27.1,76,South,25,34,0,431.6384517,101.4166667,0,1
6/23/2024 12:00,26.9,75,West,27,36,0,395.7461137,101.3666667,0,1
6/23/2024 13:00,27.2,73,South South-West,22,35,0,390.2497293,101.3083333,0,1
6/23/2024 14:00,27,70,South South-West,16,32,0,369.5056162,101.2533333,0,1
6/23/2024 15:00,27,69,South South-West,16,31,0,301.435738,101.2283333,0,1
6/23/2024 16:00,26.6,70,South South-West,21,31,0,166.6795541,101.24,0,1
6/23/2024 17:00,26.94104708,73.01613875,South-West,7.61156317,26.66754056,0,87.55530958,101.2666667,1,1
6/23/2024 18:00,26.4,74,West North-West,31,39,0,6.156476966,101.32,0,1
6/23/2024 19:00,26.3,72,North-West,27,39,0,1.901739398,101.4,0,1
6/23/2024 20:00,26.4,72,North-West,24,37,0,1.901739398,101.475,0,1
6/23/2024 21:00,26.4,70,South South-East,22,30,0,1.901896723,101.525,0,1
6/23/2024 22:00,26.3,76,South,22,28,0,1.901739398,101.5533333,0,1
6/23/2024 23:00,26,74,North-West,22,32,0,1.901739398,101.5366667,0,1
6/24/2024 0:00,26.1,75,South South-East,21,28,0,1.902063302,101.5133333,0,1
6/24/2024 1:00,25.8,76,South-East,16,40,0,1.901739398,101.5116667,0,1
6/24/2024 2:00,25.6,77,South-East,18,25,0,1.901739398,101.47,0,1
6/24/2024 3:00,25.3,77,South-East,22,28,0,1.901896723,101.4133333,0,1
6/24/2024 4:00,24.7,80,South-East,14,27,0,1.901739398,101.4033333,0,1
6/24/2024 5:00,25.1,82,East South-East,14,24,0,1.901739398,101.425,0,1
6/24/2024 6:00,23.5,89,East South-East,9,36,0,1.903877168,101.46,0,1
6/24/2024 7:00,24.1,86,East South-East,15,26,0,12.3404277,101.5366667,0,1
6/24/2024 8:00,24.7,80,South-East,17,23,0,73.52531449,101.5766667,0,1
6/24/2024 9:00,25.4,73,South-East,17,28,0,214.4554543,101.6066667,0,1
6/24/2024 10:00,25.6,73,South-East,23,32,0,239.0186069,101.62,0,1
6/24/2024 11:00,25.6,71,East South-East,20,29,0,335.9397652,101.5933333,0,1
6/24/2024 12:00,25.8,74,South-East,25,33,0,338.0625067,101.5333333,0,1
6/24/2024 13:00,25.8,72,South-East,19,36,0,295.4797421,101.47,0,1
6/24/2024 14:00,25.5,72,South-East,12,33,0,243.7568693,101.4283333,0,1
6/24/2024 15:00,25.2,78,South-East,22,33,0,121.0666707,101.4016667,0,1
6/24/2024 16:00,25.3,79,South-East,33,41,0.4,79.46946473,101.4016667,0,1
6/24/2024 17:00,25,79,East South-East,37,49,0,53.40369074,101.39,0,1
6/24/2024 18:00,25.3,77,South-East,34,51,0.4,6.853094089,101.4383333,0,1
6/24/2024 19:00,25.2,75,East South-East,37,48,0,1.901739398,101.4783333,0,1
6/24/2024 20:00,25.6,74,East South-East,37,49,0,1.901739398,101.5,0,1
6/24/2024 21:00,25.4,73,East South-East,37,48,0,1.901896723,101.5116667,0,1
6/24/2024 22:00,25.5,79,South-East,37,50,0,1.901739398,101.535,0,1
6/24/2024 23:00,25.4,79,East South-East,38,49,0,1.901739398,101.5333333,0,1
6/25/2024 0:00,25.4,81,South-East,40,51,0,1.901896723,101.525,0,1
6/25/2024 1:00,25.3,79,South-East,40,52,0,1.901739398,101.5116667,0,1
6/25/2024 2:00,25.2,79,East South-East,36,52,0,1.901739398,101.5,0,1
6/25/2024 3:00,25.1,81,East South-East,37,49,0,1.901896723,101.465,0,1
6/25/2024 4:00,24.5,85,East South-East,39,53,0,1.901739398,101.4466667,0,1
6/25/2024 5:00,24.8,83,East South-East,37,51,0,1.901739398,101.4783333,0,1
6/25/2024 6:00,24.8,83,East South-East,41,51,0,1.90337743,101.535,0,1
6/25/2024 7:00,25,80,East South-East,38,53,0,17.70085547,101.6116667,0,1
6/25/2024 8:00,25,84,East South-East,38,50,0,216.542659,101.64,0,1
6/25/2024 9:00,25.2,83,East South-East,39,52,0,262.240831,101.6683333,0,1
6/25/2024 10:00,25.1,80,East South-East,42,54,0,319.0810274,101.6816667,0,1
6/25/2024 11:00,25.2,81,East South-East,41,57,0,448.6630287,101.6666667,0,1
6/25/2024 12:00,25.37636082,82.11029631,East South-East,42.10484795,55.79197436,0,521.7459885,101.6016667,1,1
6/25/2024 13:00,24.7,86,East South-East,47,61,0,419.4374259,101.52,0,1
6/25/2024 14:00,24.9,82,East South-East,40,60,0,388.4491896,101.4566667,0,1
6/25/2024 15:00,25.2,83,East South-East,42,57,0,471.5393597,101.425,0,1
6/25/2024 16:00,25,82,East South-East,46,61,0,168.9752423,101.4166667,0,1
6/25/2024 17:00,24.9,84,East South-East,46,63,0,66.39896778,101.4466667,0,1
6/25/2024 18:00,24.6,86,East South-East,44,62,0,8.657807561,101.505,0,1
6/25/2024 19:00,24.1,89,East South-East,49,64,0,1.901896723,101.5483333,0,1
6/25/2024 20:00,24.4,86,East South-East,47,63,0,1.901739398,101.5783333,0,1
6/25/2024 21:00,24.5,90,East South-East,44,62,0.2,1.901896723,101.62,0,1
6/25/2024 22:00,24.9,86,East South-East,42,60,0,1.901739398,101.635,0,1
6/25/2024 23:00,24.7,86,East South-East,39,56,0,1.901739398,101.6766667,0,1
6/26/2024 0:00,25.1,84,East South-East,35,50,0,1.901896723,101.66,0,1
6/26/2024 1:00,25.5,83,East South-East,31,45,0,1.901739398,101.6666667,0,1
6/26/2024 2:00,25.7,84,East South-East,32,44,0,1.901739398,101.665,0,1
6/26/2024 3:00,25.7,84,East South-East,28,40,0,1.901896723,101.6383333,0,1
6/26/2024 4:00,25.6,85,East South-East,30,44,0,1.901739398,101.6083333,0,1
6/26/2024 5:00,25.8,84,East South-East,33,43,0,1.901739398,101.6016667,0,1
6/26/2024 6:00,25.9,85,East,31,41,0,1.906523932,101.6366667,0,1
6/26/2024 7:00,26.1,82,East South-East,31,44,0,18.82722004,101.6966667,0,1
6/26/2024 8:00,26.3,82,East,29,43,0,149.9475648,101.7716667,0,1
6/26/2024 9:00,26.5,82,East,31,41,0,323.1417183,101.8216667,0,1
6/26/2024 10:00,26.6,83,East,32,44,0,476.1781187,101.84,0,1
6/26/2024 11:00,27,83,East,31,42,0,642.9696949,101.8283333,0,1
6/26/2024 12:00,26.9,83,East,35,45,0,599.3397744,101.7766667,0,1
6/26/2024 13:00,27.1,83,East South-East,32,44,0,707.8080782,101.705,0,1
6/26/2024 14:00,26,87,East,33,45,0.2,659.5915196,101.6533333,0,1
6/26/2024 15:00,26.8,86,East,32,45,0,559.5383699,101.61,0,1
6/26/2024 16:00,27.2,81,East,32,44,0,176.2982269,101.62,0,1
6/26/2024 17:00,27,83,East,32,44,0,95.14837516,101.655,0,1
6/26/2024 18:00,26.7,83,East,30,41,0,13.80182074,101.7166667,0,1
6/26/2024 19:00,26.7,84,East,32,44,0,1.902063302,101.7783333,0,1
6/26/2024 20:00,26.7,84,East,31,44,0,1.901739398,101.8333333,0,1
6/26/2024 21:00,26.9,84,East,32,44,0,1.901896723,101.875,0,1
6/26/2024 22:00,26.7,86,East South-East,34,50,0,1.901739398,101.89,0,1
6/26/2024 23:00,26.6,84,East,36,51,0,1.901739398,101.8783333,0,1
6/27/2024 0:00,26.5,84,East,37,52,0,1.901739398,101.8633333,0,1
6/27/2024 1:00,26.5,86,East,35,48,0,1.901739398,101.8383333,0,1
6/27/2024 2:00,26.3,86,East,32,48,0,1.901739398,101.8066667,0,1
6/27/2024 3:00,26.5,81,East,38,51,0,1.901896723,101.7733333,0,1
6/27/2024 4:00,25,89,East,39,56,1.4,1.901739398,101.75,0,1
6/27/2024 5:00,25.5,83,East,40,57,6.5,1.901739398,101.7466667,0,1
6/27/2024 6:00,26.7,79,East,39,50,0,1.905857614,101.7666667,0,1
6/27/2024 7:00,26.8,78,East,41,53,0,25.21135311,101.8166667,0,1
6/27/2024 8:00,26.9,77,East,39,53,0,194.6661013,101.8683333,0,1
6/27/2024 9:00,27.17743853,77.97815748,East,37.33377965,51.00077865,0,377.3569171,101.9233333,1,1
6/27/2024 10:00,27.24337083,77.58857329,East,36.18872326,51.60439385,0,516.0411206,101.94,1,1
6/27/2024 11:00,27.2,78,East,35,48,0,645.9927064,101.925,0,1
6/27/2024 12:00,27.2,76,East,35,49,0,795.4659334,101.8866667,0,1
6/27/2024 13:00,27.3,79,East,38,51,0,669.5560855,101.8216667,0,1
6/27/2024 14:00,27.2,77,East South-East,38,53,0,573.1466595,101.7233333,0,1
6/27/2024 15:00,27.2,80,East South-East,39,52,0,465.2090411,101.6566667,0,1
6/27/2024 16:00,26.9,80,East South-East,40,54,0,296.9296504,101.6433333,0,1
6/27/2024 17:00,26.8,81,East South-East,39,55,0,129.2532037,101.6783333,0,1
6/27/2024 18:00,26.6,82,East South-East,38,52,0,13.85229434,101.75,0,1
6/27/2024 19:00,26.5,83,East,40,55,0,1.902063302,101.7766667,0,1
6/27/2024 20:00,26.7,82,East,38,55,0,1.901739398,101.8183333,0,1
6/27/2024 21:00,26.5,81,East,40,56,0,1.901896723,101.85,0,1
6/27/2024 22:00,26.5,85,East,39,55,0,1.901739398,101.875,0,1
6/27/2024 23:00,26.5,81,East,39,52,0,1.901739398,101.8683333,0,1
6/28/2024 0:00,26.4,82,East South-East,37,53,0,1.901896723,101.8333333,0,1
6/28/2024 1:00,26.4,81,East South-East,40,54,0,1.901739398,101.8166667,0,1
6/28/2024 2:00,26.3,82,East South-East,41,55,0,1.901739398,101.7566667,0,1
6/28/2024 3:00,26.2,85,East South-East,38,51,0,1.901896723,101.6983333,0,1
6/28/2024 4:00,26.3,82,East South-East,36,51,0,1.901739398,101.6666667,0,1
6/28/2024 5:00,26.3,83,East South-East,38,56,0,1.901739398,101.6816667,0,1
6/28/2024 6:00,26.3,81,East,41,55,0,1.906033448,101.6933333,0,1
6/28/2024 7:00,26.4,83,East,35,54,0,24.34549118,101.7416667,0,1
6/28/2024 8:00,26.7,79,East,39,54,0,185.2393281,101.78,0,1
6/28/2024 9:00,26.4,82,East,41,54,0,261.8854614,101.8183333,0,1
6/28/2024 10:00,26.9,81,East,41,56,0,492.1508013,101.825,0,1
6/28/2024 11:00,26.7,78,East,40,66,0,496.5526472,101.79,0,1
6/28/2024 12:00,27,77,East South-East,43,58,0,560.6044789,101.7166667,0,1
6/28/2024 13:00,27,80,East South-East,39,56,0,625.9024736,101.6333333,0,1
6/28/2024 14:00,26.7,79,East South-East,38,53,0,541.4571604,101.5516667,0,1
6/28/2024 15:00,26.8,79,East South-East,40,52,0,451.269073,101.5116667,0,1
6/28/2024 16:00,26.9,80,East South-East,40,51,0,396.2294164,101.4983333,0,1
6/28/2024 17:00,26.6,80,East South-East,41,53,0,158.4065479,101.5083333,0,1
6/28/2024 18:00,26.5,79,East South-East,43,55,0,15.28625729,101.545,0,1
6/28/2024 19:00,26.3,81,East South-East,41,58,0,1.903053525,101.5716667,0,1
6/28/2024 20:00,26.3,79,East South-East,39,55,0,1.901739398,101.6133333,0,1
6/28/2024 21:00,26.3,79,East South-East,39,54,0,1.901896723,101.645,0,1
6/28/2024 22:00,25.5,81,East South-East,42,56,0,1.901739398,101.66,0,1
6/28/2024 23:00,26,83,East South-East,39,55,0,1.901739398,101.635,0,1
6/29/2024 0:00,25.4,84,East South-East,40,61,0,1.901739398,101.6183333,0,1
6/29/2024 1:00,25.7,87,East South-East,41,53,0.6,1.901739398,101.5933333,0,1
6/29/2024 2:00,26.2,80,East South-East,43,58,0.4,1.901739398,101.5183333,0,1
6/29/2024 3:00,25.9,80,East South-East,40,59,0,1.901896723,101.465,0,1
6/29/2024 4:00,25.8,85,East,37,57,0.2,1.901739398,101.43,0,1
6/29/2024 5:00,26.2,80,East,45,60,0,1.901739398,101.43,0,1
6/29/2024 6:00,26.2,83,East,41,65,0,1.90321085,101.4783333,0,1
6/29/2024 7:00,26.4,81,East,39,58,0,19.25915153,101.5233333,0,1
6/29/2024 8:00,26.6,77,East,41,60,0,161.04576,101.5616667,0,1
6/29/2024 9:00,26.8,77,East,42,60,0,302.1701687,101.5916667,0,1
6/29/2024 10:00,26.9,74,East,44,60,0,410.8327413,101.6133333,0,1
6/29/2024 11:00,26.9,73,East,44,59,0,671.4276991,101.585,0,1
6/29/2024 12:00,26.9,72,East,43,62,0,737.0905401,101.535,0,1
6/29/2024 13:00,27,74,East,44,60,0,766.3635255,101.4666667,0,1
6/29/2024 14:00,27,72,East,45,60,0,668.1393451,101.4066667,0,1
6/29/2024 15:00,27,74,East,39,56,0,537.0647911,101.3583333,0,1
6/29/2024 16:00,26.8,73,East,41,58,0,396.5847861,101.3616667,0,1
6/29/2024 17:00,26.7,72,East,39,53,0,124.5386325,101.4,0,1
6/29/2024 18:00,26.6,75,East,38,51,0,16.81273666,101.4416667,0,1
6/29/2024 19:00,26.7,75,East South-East,38,53,0,1.902886946,101.47,0,1
6/29/2024 20:00,26.6,75,East,38,54,0,1.901739398,101.5216667,0,1
6/29/2024 21:00,26.8,74,East,38,52,0,1.901896723,101.5866667,0,1
6/29/2024 22:00,26.6,78,East,32,48,0,0,101.6416667,0,0
6/29/2024 23:00,26.6,76,East,33,51,0,0,101.65,0,0
6/30/2024 0:00,26.6,77,East,35,52,0,0,101.6466667,0,0
6/30/2024 1:00,26.2,82,East,29,54,0.4,0,101.635,0,0
6/30/2024 2:00,26.5,77,East,34,47,0,0,101.6033333,0,0
6/30/2024 3:00,26.6,78,East,35,47,0,0,101.57,0,0
6/30/2024 4:00,26.2,80,East,35,48,0,0,101.5683333,0,0
6/30/2024 5:00,26.2,78,East,33,46,0,0,101.5816667,0,0
6/30/2024 6:00,26.5,76,East,30,41,0,0,101.6166667,0,0
6/30/2024 7:00,26.3,79,East,35,46,0,10.16666667,101.6633333,0,0
6/30/2024 8:00,26.8,76,East,32,44,0,131.8666667,101.695,0,0
6/30/2024 9:00,26.8,74,East,36,48,0,344.1333333,101.7283333,0,0
6/30/2024 10:00,27,73,East,36,47,0,491.6,101.7466667,0,0
6/30/2024 11:00,27,76,East,36,46,0,626.2666667,101.72,0,0
6/30/2024 12:00,27,77,East,39,50,0,733.7666667,101.6283333,0,0
6/30/2024 13:00,27,75,East,36,49,0,654.65,101.5533333,0,0
6/30/2024 14:00,27.1,74,East,35,47,0,615.4666667,101.53,0,0
6/30/2024 15:00,27.2,76,East,34,46,0,522.1833333,101.4733333,0,0
6/30/2024 16:00,27.1,76,East,35,47,0,352.3833333,101.4766667,0,0
6/30/2024 17:00,26.9,77,East,35,50,0,161.9833333,101.4933333,0,0
6/30/2024 18:00,26.9,77,East,33,47,0,12.91666667,101.5683333,0,0
6/30/2024 19:00,26.9,77,East,32,47,0,0,101.6233333,0,0
6/30/2024 20:00,26.8,81,East,31,44,0,0,101.7033333,0,0
6/30/2024 21:00,26.7,81,East,31,43,0,0,101.75,0,0
6/30/2024 22:00,26.6,85,East,33,46,0,0,101.7716667,0,0
6/30/2024 23:00,26.6,86,East,33,45,0,0,101.765,0,0
7/1/2024 0:00,26.7,85,East,33,46,0,0,101.755,0,0
7/1/2024 1:00,26.7,84,East,36,46,0,0,101.725,0,0
7/1/2024 2:00,26.8,85,East,32,48,0,0,101.69,0,0
7/1/2024 3:00,26.6,82,East,37,50,0,0,101.645,0,0
7/1/2024 4:00,26.5,87,East,36,49,0,0,101.615,0,0
7/1/2024 5:00,26.7,84,East,36,47,0,0,101.6133333,0,0
7/1/2024 6:00,26.8,84,East,41,52,0,0,101.6316667,0,0
7/1/2024 7:00,26.6,87,East,41,55,0,16.75,101.68,0,0
7/1/2024 8:00,27.1,82,East,42,57,0,147.1666667,101.7116667,0,0
7/1/2024 9:00,27.2,81,East,42,55,0,337.5666667,101.7716667,0,0
7/1/2024 10:00,27.1,82,East,38,54,0,480.9666667,101.7966667,0,0
7/1/2024 11:00,27.3,79,East,40,54,0,589.7166667,101.7633333,0,0
7/1/2024 12:00,27.5,78,East North-East,39,53,0,714.6,101.7166667,0,0
7/1/2024 13:00,27.3,83,East,35,48,0,524.1166667,101.6533333,0,0
7/1/2024 14:00,27,82,East,35,50,0,514.95,101.6033333,0,0
7/1/2024 15:00,27.4,78,East,36,48,0,494.5666667,101.5516667,0,0
7/1/2024 16:00,27.2,80,East,34,48,0,310.2,101.5316667,0,0
7/1/2024 17:00,27,81,East,32,43,0,97.95,101.5716667,0,0
7/1/2024 18:00,27.1,78,East,32,42,0,23.48333333,101.66,0,0
7/1/2024 19:00,27,82,East,30,54,0.2,0,101.725,0,0
7/1/2024 20:00,26.9,83,East,26,40,0,0,101.7916667,0,0
7/1/2024 21:00,27,80,East,30,41,0,0,101.845,0,0
7/1/2024 22:00,26.8,80,East South-East,36,49,0.4,0,101.8733333,0,0
7/1/2024 23:00,26.8,80,East South-East,36,48,0,0,101.8666667,0,0
7/2/2024 0:00,26.6,79,East South-East,37,52,0,0,101.8316667,0,0
7/2/2024 1:00,26.6,81,East South-East,33,49,0,0,101.7966667,0,0
7/2/2024 2:00,26.4,77,East South-East,34,48,0,0,101.7866667,0,0
7/2/2024 3:00,26.4,77,East South-East,31,45,0,0,101.7566667,0,0
7/2/2024 4:00,26.3,77,East South-East,33,45,0,0,101.715,0,0
7/2/2024 5:00,26.3,80,East South-East,32,46,0,0,101.7083333,0,0
7/2/2024 6:00,26.4,76,East South-East,37,48,0,0,101.7466667,0,0
7/2/2024 7:00,26.4,80,East South-East,35,48,0,8.6,101.7816667,0,0
7/2/2024 8:00,26.5,77,East South-East,33,50,0,109.1833333,101.8166667,0,0
7/2/2024 9:00,26.7,73,East,35,49,0,142.8833333,101.8716667,0,0
7/2/2024 10:00,26.7,73,East,34,44,0,417.7166667,101.8983333,0,0
7/2/2024 11:00,26.7,72,East South-East,35,45,0,467.1333333,101.8433333,0,0
7/2/2024 12:00,26.7,72,East South-East,35,45,0,719,101.7383333,0,0
7/2/2024 13:00,26.7,74,East South-East,31,45,0,638.85,101.6366667,0,0
7/2/2024 14:00,26.7,76,East South-East,32,44,0,585.9833333,101.5383333,0,0
7/2/2024 15:00,26.7,71,East South-East,31,48,0,433.5833333,101.485,0,0
7/2/2024 16:00,26.7,73,East South-East,33,45,0,266.3,101.4833333,0,0
7/2/2024 17:00,26.5,74,East South-East,35,46,0,175.9333333,101.5133333,0,0
7/2/2024 18:00,26.5,77,East South-East,36,51,0,17.46666667,101.5783333,0,0
7/2/2024 19:00,26.3,77,East South-East,39,49,0,0,101.6683333,0,0
7/2/2024 20:00,26.4,76,East South-East,40,52,0,0,101.7133333,0,0
7/2/2024 21:00,26.4,77,South-East,40,55,0,0,101.745,0,0
7/2/2024 22:00,26.1,79,East South-East,43,55,0,0,101.77,0,0
7/2/2024 23:00,26,76,East South-East,38,59,0,0,101.745,0,0
7/3/2024 0:00,26.2,76,East South-East,36,54,0,0,101.7133333,0,0
7/3/2024 1:00,26.2,73,East South-East,42,54,0,0,101.6483333,0,0
7/3/2024 2:00,25.8,77,East South-East,37,56,0,0,101.5916667,0,0
7/3/2024 3:00,25.9,78,East South-East,39,57,0,0,101.5316667,0,0
7/3/2024 4:00,25.3,82,East South-East,42,55,0,0,101.5,0,0
7/3/2024 5:00,25.6,78,East South-East,44,61,0,0,101.4583333,0,0
7/3/2024 6:00,25.9,76,East South-East,41,57,0,0,101.495,0,0
7/3/2024 7:00,26,78,East South-East,36,56,0,11.56666667,101.5616667,0,0
7/3/2024 8:00,26,77,East South-East,38,51,0,138.0333333,101.615,0,0
7/3/2024 9:00,26.3,75,East South-East,38,53,0,270.0833333,101.6483333,0,0
7/3/2024 10:00,26.33961578,77.22981742,East South-East,38.87283394,58.01780544,0,457.5333333,101.6716667,1,0
7/3/2024 11:00,26.48756144,77.10520754,East South-East,37.45690399,52.96252807,0,647.45,101.6383333,1,0
7/3/2024 12:00,26.6,74,East South-East,41,53,0,617.45,101.5716667,0,0
7/3/2024 13:00,26.5,74,East South-East,39,51,0,591.05,101.5083333,0,0
7/3/2024 14:00,26.6,76,East South-East,37,53,0,554.15,101.4366667,0,0
7/3/2024 15:00,26.2,77,East South-East,36,52,0,398.2,101.4,0,0
7/3/2024 16:00,26.6,76,East South-East,36,50,0,380.1833333,101.3933333,0,0
7/3/2024 17:00,26.51007491,76.09054129,East South-East,36.36109734,48.88812542,0,140,101.4183333,1,0
7/3/2024 18:00,26.5,76,East South-East,34,45,0,20.95,101.5066667,0,0
7/3/2024 19:00,26.4,78,East South-East,32,45,0,0,101.5683333,0,0
7/3/2024 20:00,26.3,78,East South-East,36,46,0,0,101.615,0,0
7/3/2024 21:00,26.4,78,East South-East,33,46,0,0,101.6483333,0,0
7/3/2024 22:00,26.6,76,East,33,47,0,0,101.6616667,0,0
7/3/2024 23:00,26.5,74,East South-East,33,45,0,0,101.65,0,0
7/4/2024 0:00,26.4,76,East South-East,31,44,0,0,101.6166667,0,0
7/4/2024 1:00,26.4,75,East South-East,32,47,0,0,101.58,0,0
7/4/2024 2:00,26.3,75,East South-East,34,45,0,0,101.525,0,0
7/4/2024 3:00,26.2,77,East South-East,35,46,0,0,101.44,0,0
7/4/2024 4:00,26.2,77,East South-East,34,47,0,0,101.3833333,0,0
7/4/2024 5:00,26.2,79,East South-East,32,46,0,0,101.375,0,0
7/4/2024 6:00,26.2,77,East South-East,34,46,0,0,101.415,0,0
7/4/2024 7:00,26.1,79,East South-East,33,46,0,6.233333333,101.455,0,0
7/4/2024 8:00,26.2,78,East South-East,32,49,0,127.5833333,101.51,0,0
7/4/2024 9:00,26.7,74,East South-East,35,46,0,350.4833333,101.5533333,0,0
7/4/2024 10:00,26.6,76,East,32,45,0,434.95,101.5616667,0,0
7/4/2024 11:00,27,77,East,35,45,0,579.1166667,101.53,0,0
7/4/2024 12:00,26.9,75,East,36,47,0,655.3333333,101.4733333,0,0
7/4/2024 13:00,26.8,76,East,36,49,0,657.5666667,101.3766667,0,0
7/4/2024 14:00,26.9,76,East,32,48,0,615.7666667,101.2966667,0,0
7/4/2024 15:00,26.9,78,East,33,46,0,524.7333333,101.2583333,0,0
7/4/2024 16:00,26.6,78,East,34,48,0,329.15,101.2316667,0,0
7/4/2024 17:00,26.6,79,East South-East,35,46,0,160.3,101.245,0,0
7/4/2024 18:00,26.4,79,East South-East,33,45,0,15.98333333,101.3233333,0,0
7/4/2024 19:00,26.3,80,East South-East,32,44,0,0,101.3633333,0,0
7/4/2024 20:00,26.3,80,East South-East,32,42,0,0,101.4066667,0,0
7/4/2024 21:00,26.2,81,East South-East,33,43,0,0,101.4333333,0,0
7/4/2024 22:00,26.1,81,East South-East,34,45,0,0,101.455,0,0
7/4/2024 23:00,26,82,East South-East,30,44,0,0,101.44,0,0
7/5/2024 0:00,26.1,81,East South-East,30,41,0,0,101.4066667,0,0
7/5/2024 1:00,26.2,82,East South-East,30,45,0,0,101.385,0,0
7/5/2024 2:00,26.2,83,East South-East,30,42,0,0,101.3516667,0,0
7/5/2024 3:00,25.9,84,East South-East,26,43,0,0,101.325,0,0
7/5/2024 4:00,26.3,82,East South-East,29,41,0,0,101.3166667,0,0
7/5/2024 5:00,26.2,82,East,28,44,0,0,101.32,0,0
7/5/2024 6:00,26.2,80,East,30,42,0,0,101.3483333,0,0
7/5/2024 7:00,26.3,77,East,33,42,0,15.55,101.39,0,0
7/5/2024 8:00,26.47148039,79.14642666,East,31.54693551,42.70106953,0,143.7333333,101.4233333,1,0
7/5/2024 9:00,26.8,79,East,34,46,0,316.2333333,101.4433333,0,0
7/5/2024 10:00,26.8,79,East,35,46,0,486.3666667,101.445,0,0
7/5/2024 11:00,26.9,78,East,32,47,0,597.25,101.4133333,0,0
7/5/2024 12:00,26.9,79,East,33,44,0,706.4666667,101.36,0,0
7/5/2024 13:00,26.9,78,East South-East,34,43,0,629.1166667,101.2916667,0,0
7/5/2024 14:00,27,78,East,30,46,0,466.4833333,101.235,0,0
7/5/2024 15:00,26.9,77,East,32,43,0,533.55,101.1816667,0,0
7/5/2024 16:00,26.8,80,East,31,43,0,316.9166667,101.1616667,0,0
7/5/2024 17:00,26.6,78,East,31,45,0,106.45,101.185,0,0
7/5/2024 18:00,26.6,79,East,31,44,0,11.56666667,101.2633333,0,0
7/5/2024 19:00,26.5,79,East,33,45,0,0,101.32,0,0
7/5/2024 20:00,26.6,77,East,32,45,0,0,101.38,0,0
7/5/2024 21:00,26.5,78,East,33,46,0,0,101.42,0,0
7/5/2024 22:00,26.5,78,East,34,46,0,0,101.45,0,0
7/5/2024 23:00,26.5,77,East,34,46,0,0,101.4566667,0,0
7/6/2024 0:00,26.3,80,East,31,44,0,0,101.4333333,0,0
7/6/2024 1:00,26.4,77,East,32,42,0,0,101.4283333,0,0
7/6/2024 2:00,26.3,78,East,30,41,0,0,101.39,0,0
7/6/2024 3:00,26.3,80,East,28,38,0,0,101.3566667,0,0
7/6/2024 4:00,26.2,81,East,28,39,0,0,101.3383333,0,0
7/6/2024 5:00,26.3,81,East,28,40,0,0,101.355,0,0
7/6/2024 6:00,26.3,80,East,29,39,0,0,101.405,0,0
7/6/2024 7:00,26.4,81,East,28,38,0,13.16666667,101.43,0,0
7/6/2024 8:00,26.6,81,East,27,39,0,133.35,101.5016667,0,0
7/6/2024 9:00,26.7,80,East,30,40,0,285.0333333,101.5433333,0,0
7/6/2024 10:00,26.6,81,East,31,40,0,402.4833333,101.5583333,0,0
7/6/2024 11:00,26.9,79,East,35,45,0,604.5333333,101.5066667,0,0
7/6/2024 12:00,26.8,79,East,33,43,0,693.9,101.4566667,0,0
7/6/2024 13:00,26.7,81,East,33,45,0,600.1166667,101.3516667,0,0
7/6/2024 14:00,27,78,East,35,45,0,590.6,101.26,0,0
7/6/2024 15:00,27.1,78,East,33,46,0,468.0166667,101.2,0,0
7/6/2024 16:00,27,77,East,33,44,0,332.9833333,101.1833333,0,0
7/6/2024 17:00,26.6,77,East,32,44,0,149.1,101.2083333,0,0
7/6/2024 18:00,26.7,79,East,30,43,0,16.16666667,101.2716667,0,0
7/6/2024 19:00,26.6,78,East,32,42,0,0,101.3366667,0,0
7/6/2024 20:00,26.6,78,East,31,40,0,0,101.4216667,0,0
7/6/2024 21:00,25.4,84,East,34,47,0,0,101.4616667,0,0
7/6/2024 22:00,26.6,80,East,33,44,0,0,101.485,0,0
7/6/2024 23:00,26.6,80,East,32,46,0,0,101.4866667,0,0
7/7/2024 0:00,26.3,83,East,35,49,0.2,0,101.4983333,0,0
7/7/2024 1:00,26.7,83,East,34,44,0,0,101.4833333,0,0
7/7/2024 2:00,26.6,83,East,32,46,0,0,101.4616667,0,0
7/7/2024 3:00,26.4,83,East,32,46,0,0,101.4283333,0,0
7/7/2024 4:00,26.4,82,East,30,44,0,0,101.3983333,0,0
7/7/2024 5:00,26.5,82,East,31,43,0,0,101.3733333,0,0
7/7/2024 6:00,26.5,82,East,32,44,0,0,101.425,0,0
7/7/2024 7:00,26.5,82,East,28,41,0,13.8,101.5,0,0
7/7/2024 8:00,26.7,79,East,29,41,0.2,136.2833333,101.5416667,0,0
7/7/2024 9:00,26.68857458,81.10747204,East,28.73354427,41.00340176,0,324.35,101.5483333,1,0
7/7/2024 10:00,26.43610208,83.87163959,East,28.01942308,38.85302258,0,474.25,101.565,1,0
7/7/2024 11:00,27,82,East,28,38,0,561.4166667,101.5266667,0,0
7/7/2024 12:00,26.9,81,East,31,41,0,695.7666667,101.4733333,0,0
7/7/2024 13:00,26.9,79,East,28,37,0,657.75,101.4183333,0,0
7/7/2024 14:00,25.6,82,East,27,41,0.2,543.5166667,101.3733333,0,0
7/7/2024 15:00,26.7,81,East,26,33,0,429.55,101.315,0,0
7/7/2024 16:00,27.1,79,East,28,39,0,335.25,101.28,0,0
7/7/2024 17:00,26.9,80,East,30,37,0,136.7,101.305,0,0
7/7/2024 18:00,26.7,80,East,26,36,0,17.25,101.365,0,0
7/7/2024 19:00,26.7,81,East,29,38,0,0,101.4116667,0,0
7/7/2024 20:00,26.6,80,East,30,40,0,0,101.4433333,0,0
7/7/2024 21:00,26.6,82,East,30,39,0,0,101.485,0,0
7/7/2024 22:00,26.5,80,East,32,43,0,0,101.5033333,0,0
7/7/2024 23:00,26.4,81,East,28,41,0,0,101.5016667,0,0
7/8/2024 0:00,26.4,81,East,27,37,0,0,101.4933333,0,0
7/8/2024 1:00,26.5,80,East,24,35,0,0,101.4866667,0,0
7/8/2024 2:00,26.4,78,East,27,33,0,0,101.455,0,0
7/8/2024 3:00,26.3,79,East,25,33,0,0,101.395,0,0
7/8/2024 4:00,26.2,80,East,27,33,0,0,101.34,0,0
7/8/2024 5:00,26.2,80,East,26,33,0,0,101.355,0,0
7/8/2024 6:00,26.2,79,East,25,33,0,0,101.3916667,0,0
7/8/2024 7:00,26.3,78,East,24,32,0,15.46666667,101.425,0,0
7/8/2024 8:00,26.4,79,East,22,31,0,140.5833333,101.4583333,0,0
7/8/2024 9:00,26.7,77,East,24,31,0,329.8333333,101.48,0,0
7/8/2024 10:00,26.8,78,East,24,31,0,493.55,101.48,0,0
7/8/2024 11:00,27,79,East,24,31,0,616.75,101.46,0,0
7/8/2024 12:00,27,79,East,22,31,0,723.6166667,101.4116667,0,0
7/8/2024 13:00,27.1,80,East,21,31,0,637.9666667,101.3366667,0,0
7/8/2024 14:00,27.1,79,East,26,34,0,640.8666667,101.2533333,0,0
7/8/2024 15:00,26.9,79,East,24,33,0,492.5333333,101.175,0,0
7/8/2024 16:00,27,79,East,26,33,0,323.6,101.1383333,0,0
7/8/2024 17:00,26.8,81,East,20,31,0,161.0833333,101.1616667,0,0
7/8/2024 18:00,26.4,82,East North-East,21,26,0,15.33333333,101.2166667,0,0
7/8/2024 19:00,26.4,82,East,21,26,0,0,101.2466667,0,0
7/8/2024 20:00,26.4,83,East North-East,18,27,0,0,101.2833333,0,0
7/8/2024 21:00,26.4,82,East,14,22,0,0,101.3366667,0,0
7/8/2024 22:00,26.5,83,East,13,23,0,0,101.36,0,0
7/8/2024 23:00,25.9,80,East,22,29,0,0,101.3466667,0,0
7/9/2024 0:00,26.1,83,East South-East,16,28,0,0,101.3183333,0,0
7/9/2024 1:00,26.4,81,East South-East,17,22,0,0,101.315,0,0
7/9/2024 2:00,26.2,82,East,16,22,0,0,101.2616667,0,0
7/9/2024 3:00,26.34283198,79.59906718,East South-East,17.09213761,23.72491642,0,0,101.19,1,0
7/9/2024 4:00,26.1,82,East South-East,17,22,0,0,101.1316667,0,0
7/9/2024 5:00,26.2,82,East,16,25,0,0,101.0983333,0,0
7/9/2024 6:00,26.2,82,East,16,23,0,0,101.1433333,0,0
7/9/2024 7:00,26.3,80,East,16,22,0,13.83333333,101.19,0,0
7/9/2024 8:00,26.6,79,East South-East,15,22,0,159.2166667,101.225,0,0
7/9/2024 9:00,26.6,77,East South-East,15,22,0,350.6833333,101.2633333,0,0
7/9/2024 10:00,26.6,78,East South-East,17,23,0,461.6833333,101.2683333,0,0
7/9/2024 11:00,26.8,78,East South-East,17,25,0,632.3833333,101.2383333,0,0
7/9/2024 12:00,26.8,76,East,16,22,0,747.3666667,101.1783333,0,0
7/9/2024 13:00,27.1,76,East,15,22,0,617.5666667,101.0883333,0,0
7/9/2024 14:00,27,76,East,14,20,0,627.0166667,101.01,0,0
7/9/2024 15:00,27,75,East,14,20,0,539.5833333,100.95,0,0
7/9/2024 16:00,27,76,East,13,19,0,361.85,100.9183333,0,0
7/9/2024 17:00,26.8,77,East,13,18,0,171.2166667,100.9366667,0,0
7/9/2024 18:00,26.7,77,East,10,17,0,18.35,100.98,0,0
7/9/2024 19:00,26.6,77,East,9,16,0,0,101.0316667,0,0
7/9/2024 20:00,26.5,77,East,8,13,0,0,101.0683333,0,0
7/9/2024 21:00,26.5,78,East,9,14,0,0,101.105,0,0
7/9/2024 22:00,26.4,78,East,9,12,0,0,101.1316667,0,0
7/9/2024 23:00,26.3,78,East,8,14,0,0,101.1216667,0,0
7/10/2024 0:00,26.2,79,East,6,12,0,0,101.0966667,0,0
7/10/2024 1:00,26.1,79,East,9,13,0,0,101.0616667,0,0
7/10/2024 2:00,26,79,East,9,12,0,0,101.0166667,0,0
7/10/2024 3:00,25.9,79,East North-East,9,18,0,0,100.9583333,0,0
7/10/2024 4:00,25.8,79,East North-East,8,13,0,0,100.91,0,0
7/10/2024 5:00,25.8,79,East North-East,8,11,0,0,100.9266667,0,0
7/10/2024 6:00,25.6,82,North-East,7,12,0,0,100.9583333,0,0
7/10/2024 7:00,25.9,81,East North-East,9,14,0,8.066666667,100.995,0,0
7/10/2024 8:00,26.6,79,East North-East,10,13,0,127.85,101.0216667,0,0
7/10/2024 9:00,27.1,76,North-East,10,14,0,358.8166667,101.0533333,0,0
7/10/2024 10:00,27.3,73,North-East,12,21,0,437.4166667,101.0533333,0,0
7/10/2024 11:00,27.4,73,North North-East,12,23,0,624.8333333,101.03,0,0
7/10/2024 12:00,27.2,74,North-East,7,15,0,393.0166667,101.015,0,0
7/10/2024 13:00,27.8,72,North North-East,9,18,0,514.05,100.9233333,0,0
7/10/2024 14:00,28.7,72,North,9,21,0,602.8,100.8466667,0,0
7/10/2024 15:00,28.2,71,North North-West,9,21,0,598.7666667,100.79,0,0
7/10/2024 16:00,28,72,North-West,9,18,0,349.8666667,100.81,0,0
7/10/2024 17:00,27.3,75,North North-West,7,15,0,171.0166667,100.8533333,0,0
7/10/2024 18:00,26.5,80,North North-West,4,13,0,10.16666667,100.9133333,0,0
7/10/2024 19:00,26.2,81,North North-West,4,9,0,0,100.95,0,0
7/10/2024 20:00,26.3,80,North North-West,4,10,0,0,101.0116667,0,0
7/10/2024 21:00,25.6,81,North North-West,3,10,0,0,101.0416667,0,0
7/10/2024 22:00,25.4,83,North North-West,3,9,0,0,101.0416667,0,0
7/10/2024 23:00,24.8,87,West,3,11,0,0,101.0183333,0,0
7/11/2024 0:00,24.8,88,West South-West,0,5,0,0,100.9916667,0,0
7/11/2024 1:00,25,88,West,0,6,0,0,100.9633333,0,0
7/11/2024 2:00,25.3,86,West South-West,0,5,0,0,100.9483333,0,0
7/11/2024 3:00,23.2,89,West South-West,5,21,1,0,100.9066667,0,0
7/11/2024 4:00,23.8,92,South-West,3,13,0,0,100.8733333,0,0
7/11/2024 5:00,24.8,91,South South-West,11,18,0,0,100.8966667,0,0
7/11/2024 6:00,24.5,90,South-West,3,15,0,0,100.9416667,0,0
7/11/2024 7:00,25,90,South South-West,0,9,0,5.633333333,101.005,0,0
7/11/2024 8:00,26.2,84,East South-East,6,9,0,72.96666667,101.0466667,0,0
7/11/2024 9:00,27.9,76,East,5,10,0,366.7666667,101.07,0,0
7/11/2024 10:00,27.3,77,East,5,9,0,429.95,101.1016667,0,0
7/11/2024 11:00,26.77380415,81.74228901,East,6.694286812,12.21850151,0,437.6333333,101.1083333,1,0
7/11/2024 12:00,27.6,76,South-East,3,9,0,340.8833333,101.0816667,0,0
7/11/2024 13:00,27.8,76,South South-East,4,13,0,365.7666667,101.0183333,0,0
7/11/2024 14:00,27.3,75,South South-West,6,14,0,345.5833333,100.9416667,0,0
7/11/2024 15:00,26.6,80,South South-West,3,9,0,148.2333333,100.945,0,0
7/11/2024 16:00,25.8,85,South South-West,0,7,0.6,126.5,100.9483333,0,0
7/11/2024 17:00,25.7,84,South-West,2,5,0,102.0833333,100.955,0,0
7/11/2024 18:00,25.3,87,South-West,3,6,0,6.166666667,101.0116667,0,0
7/11/2024 19:00,25.9,86,South South-East,7,14,0,0,101.0683333,0,0
7/11/2024 20:00,26.1,87,South-East,7,12,0,0,101.145,0,0
7/11/2024 21:00,25.9,87,East,12,24,0.4,0,101.1833333,0,0
7/11/2024 22:00,26.1,88,East South-East,20,27,0,0,101.1666667,0,0
7/11/2024 23:00,25.9,90,South-East,30,36,0,0,101.155,0,0
7/12/2024 0:00,25.5,92,East South-East,33,43,0,0,101.1133333,0,0
7/12/2024 1:00,25.7,88,East South-East,31,43,0,0,101.0716667,0,0
7/12/2024 2:00,25.5,91,East South-East,35,46,0,0,101.0366667,0,0
7/12/2024 3:00,25.3,91,East South-East,34,45,0,0,101.0283333,0,0
7/12/2024 4:00,25.4,89,East South-East,35,45,0,0,101.01,0,0
7/12/2024 5:00,25.8,87,East South-East,32,44,0,0,101.0383333,0,0
7/12/2024 6:00,25.9,87,East South-East,32,42,0,0,101.1016667,0,0
7/12/2024 7:00,26,85,East South-East,29,42,0,3.983333333,101.175,0,0
7/12/2024 8:00,26.2,84,East South-East,28,41,0,57.66666667,101.215,0,0
7/12/2024 9:00,26.3,83,East South-East,28,40,0,164.9,101.2783333,0,0
7/12/2024 10:00,26.5,83,East South-East,30,40,0,315.6166667,101.2833333,0,0
7/12/2024 11:00,26.4,85,East South-East,30,40,0,315.4,101.255,0,0
7/12/2024 12:00,26.5,82,East South-East,31,40,0,324.9833333,101.1816667,0,0
7/12/2024 13:00,26.3,81,East South-East,28,40,0,487.3666667,101.11,0,0
7/12/2024 14:00,26.5,81,East South-East,30,39,0,388.05,101.07,0,0
7/12/2024 15:00,26.5,81,East South-East,31,46,0,253.0666667,101.02,0,0
7/12/2024 16:00,26.1,83,East South-East,27,42,0.2,120.8,101.035,0,0
7/12/2024 17:00,26.2,85,East,31,41,0,91.68333333,101.05,0,0
7/12/2024 18:00,25.8,88,East,28,39,0,14.78333333,101.1183333,0,0
7/12/2024 19:00,25.5,89,East South-East,32,41,0.2,0,101.1716667,0,0
7/12/2024 20:00,25,93,East South-East,31,42,0.2,0,101.2083333,0,0
7/12/2024 21:00,25.5,89,East South-East,33,44,0,0,101.2233333,0,0
7/12/2024 22:00,25.3,90,East South-East,32,43,0,0,101.245,0,0
7/12/2024 23:00,25.5,89,East South-East,32,44,0,0,101.245,0,0
7/13/2024 0:00,25.6,89,East South-East,33,46,0,0,101.21,0,0
7/13/2024 1:00,25.1,93,East South-East,32,45,0,0,101.1683333,0,0
7/13/2024 2:00,24.9,94,East South-East,31,42,0.8,0,101.1533333,0,0
7/13/2024 3:00,24.9,95,East South-East,31,40,1,0,101.13,0,0
7/13/2024 4:00,25,93,East South-East,29,41,0.2,0,101.0933333,0,0
7/13/2024 5:00,24.9,94,East South-East,27,37,0.2,0,101.1183333,0,0
7/13/2024 6:00,25.1,93,East South-East,32,41,0,0,101.1716667,0,0
7/13/2024 7:00,24.9,93,East South-East,25,40,0.8,1.1,101.2916667,0,0
7/13/2024 8:00,24.6,96,East South-East,28,36,6.8,21.7,101.3716667,0,0
7/13/2024 9:00,24.6,93,East South-East,27,41,0.8,67.33333333,101.3733333,0,0
7/13/2024 10:00,23.9,93,East South-East,24,32,0,114.1666667,101.4366667,0,0
7/13/2024 11:00,24.1,91,East,23,30,0.2,87.71666667,101.46,0,0
7/13/2024 12:00,24.5,86,East,19,32,0,150.35,101.4,0,0
7/13/2024 13:00,24.2,88,East,21,28,0.2,129.8,101.3766667,0,0
7/13/2024 14:00,23.8,87,East North-East,27,33,1,139.0166667,101.38,0,0
7/13/2024 15:00,24.1,82,East North-East,22,34,0.2,106.55,101.3566667,0,0
7/13/2024 16:00,23.8,88,East North-East,26,35,0.4,92.7,101.3483333,0,0
7/13/2024 17:00,24.3,82,East North-East,24,33,0.4,43.93333333,101.3783333,0,0
7/13/2024 18:00,24.4,86,North-East,25,32,0,5.3,101.47,0,0
7/13/2024 19:00,24.3,88,North-East,28,35,0,0,101.51,0,0
7/13/2024 20:00,24.5,84,East North-East,30,44,0,0,101.5016667,0,0
7/13/2024 21:00,25.8,73,East North-East,39,55,0,0,101.4616667,0,0
7/13/2024 22:00,25.6,81,North-East,32,53,0,0,101.45,0,0
7/13/2024 23:00,25.7,82,North-East,29,42,0,0,101.435,0,0
7/14/2024 0:00,26.1,81,North North-East,23,37,0,0,101.4066667,0,0
7/14/2024 1:00,26.6,77,North-East,20,31,0,0,101.4133333,0,0
7/14/2024 2:00,26.5,76,East North-East,17,24,0,0,101.3716667,0,0
7/14/2024 3:00,26.4,81,North-East,13,23,0,0,101.33,0,0
7/14/2024 4:00,26.3,81,East North-East,18,23,0,0,101.32,0,0
7/14/2024 5:00,26.3,85,East North-East,16,26,0,0,101.355,0,0
7/14/2024 6:00,26.3,84,East North-East,23,29,0,0,101.3666667,0,0
7/14/2024 7:00,26.5,83,East North-East,20,28,0,12.26666667,101.43,0,0
7/14/2024 8:00,26.8,82,North-East,19,27,0,132.7666667,101.4683333,0,0
7/14/2024 9:00,26.92014171,82.67483896,North North-East,16.18101747,26.44118485,0,321.9166667,101.495,1,0
7/14/2024 10:00,27.15974938,83.18384471,North North-East,14.3649334,23.61173856,0,427.4833333,101.51,1,0
7/14/2024 11:00,28.3,76,North,20,34,0,574.25,101.47,0,0
7/14/2024 12:00,27.9,77,North,23,40,0,506.6666667,101.3683333,0,0
7/14/2024 13:00,28.7,76,North North-West,21,36,0,600.0666667,101.3066667,0,0
7/14/2024 14:00,28.8,77,North North-West,18,36,0,575.7666667,101.2283333,0,0
7/14/2024 15:00,28.6,78,North North-West,18,34,0,535.7666667,101.1916667,0,0
7/14/2024 16:00,28,78,North North-West,17,33,0,294.1166667,101.165,0,0
7/14/2024 17:00,27.4,81,North North-West,15,28,0,158.6833333,101.185,0,0
7/14/2024 18:00,27.1,84,North North-West,15,31,0,15.63333333,101.2116667,0,0
7/14/2024 19:00,27,81,North North-West,15,29,0,0,101.2433333,0,0
7/14/2024 20:00,27,83,North North-West,16,26,0,0,101.2966667,0,0
7/14/2024 21:00,26.9,83,North North-West,15,26,0,0,101.3266667,0,0
7/14/2024 22:00,27,82,North North-West,21,30,0,0,101.345,0,0
7/14/2024 23:00,27,79,North North-West,22,32,0,0,101.3033333,0,0
7/15/2024 0:00,26.8,81,North-West,21,32,0,0,101.2416667,0,0
7/15/2024 1:00,26.8,83,North-West,16,29,0,0,101.1983333,0,0
7/15/2024 2:00,26.4,83,North-West,8,28,0,0,101.17,0,0
7/15/2024 3:00,26.1,85,West North-West,6,26,0,0,101.095,0,0
7/15/2024 4:00,26.1,83,West North-West,4,28,0,0,101.085,0,0
7/15/2024 5:00,26,82,West,5,27,0,0,101.125,0,0
7/15/2024 6:00,25.5,85,West,3,17,0,0,101.1533333,0,0
7/15/2024 7:00,26,85,West,4,22,0,17.11666667,101.1983333,0,0
7/15/2024 8:00,27.9,78,West North-West,6,23,0,159.8,101.2483333,0,0
7/15/2024 9:00,27.68077543,80.24244949,West North-West,7.777781034,20.44275872,0,364.2833333,101.3066667,1,0
7/15/2024 10:00,28.4,75,West North-West,8,25,0,491.2333333,101.33,0,0
7/15/2024 11:00,28.7,75,West North-West,9,26,0,613.3666667,101.2983333,0,0
7/15/2024 12:00,29,74,West North-West,8,30,0,729.05,101.2416667,0,0
7/15/2024 13:00,28.9,75,West North-West,10,28,0,658.1,101.165,0,0
7/15/2024 14:00,29,74,West North-West,9,31,0,568.5,101.1016667,0,0
7/15/2024 15:00,28.9,76,West North-West,9,30,0,536.2833333,101.055,0,0
7/15/2024 16:00,28.6,72,West North-West,9,33,0,380.4166667,101.05,0,0
7/15/2024 17:00,28,76,West North-West,8,33,0,178.7,101.0716667,0,0
7/15/2024 18:00,26.8,80,West North-West,7,24,0,23.08333333,101.135,0,0
7/15/2024 19:00,26.5,81,West North-West,8,29,0,0,101.1916667,0,0
7/15/2024 20:00,26.4,80,West North-West,5,25,0,0,101.2633333,0,0
7/15/2024 21:00,26.4,82,West South-West,6,22,0,0,101.3333333,0,0
7/15/2024 22:00,26.2,83,West North-West,6,27,0,0,101.3233333,0,0
7/15/2024 23:00,26.1,84,West,6,29,0,0,101.3116667,0,0
7/16/2024 0:00,26.1,84,West,6,28,0,0,101.2866667,0,0
7/16/2024 1:00,26.1,84,West,6,22,0,0,101.27,0,0
7/16/2024 2:00,26.1,83,West,6,25,0,0,101.2433333,0,0
7/16/2024 3:00,26.1,83,West,6,26,0,0,101.1933333,0,0
7/16/2024 4:00,26.1,82,West South-West,5,24,0,0,101.1783333,0,0
7/16/2024 5:00,26.1,82,West,6,26,0,0,101.1833333,0,0
7/16/2024 6:00,25.5,87,West South-West,12,25,0,0,101.2283333,0,0
7/16/2024 7:00,25.9,88,West South-West,11,19,0,10.2,101.2983333,0,0
7/16/2024 8:00,25.7,88,West South-West,12,25,0,52.46666667,101.3733333,0,0
7/16/2024 9:00,25.2,89,West South-West,23,44,0,253.4833333,101.4333333,0,0
7/16/2024 10:00,26.5,82,South-West,18,39,0,339.4833333,101.4616667,0,0
7/16/2024 11:00,25.5,84,West,13,33,0,330.4666667,101.425,0,0
7/16/2024 12:00,26.6,83,West,8,18,0,501.65,101.3366667,0,0
7/16/2024 13:00,24.8,89,West,9,27,0.8,241.6166667,101.2833333,0,0
7/16/2024 14:00,26.1,86,West,9,27,0,346.6,101.215,0,0
7/16/2024 15:00,25.3,91,West,14,24,0,227.3666667,101.17,0,0
7/16/2024 16:00,24.9,89,South-West,8,26,0,161.1333333,101.1583333,0,0
7/16/2024 17:00,24.3,90,South South-West,4,23,0,65.91666667,101.205,0,0
7/16/2024 18:00,24.9,82,South-West,6,26,0,9.466666667,101.2383333,0,0
7/16/2024 19:00,25.3,80,South South-West,8,23,0,0,101.2866667,0,0
7/16/2024 20:00,25.4,82,South-West,16,25,0,0,101.3466667,0,0
7/16/2024 21:00,25.3,77,South-West,9,24,0,0,101.3933333,0,0
7/16/2024 22:00,25,79,South-West,5,17,0,0,101.41,0,0
7/16/2024 23:00,25.4,76,South South-West,10,24,0,0,101.395,0,0
7/17/2024 0:00,24.5,76,South-West,3,19,0,0,101.375,0,0
7/17/2024 1:00,24.7,76,West South-West,3,9,0,0,101.3533333,0,0
7/17/2024 2:00,25.2,79,West South-West,3,9,0,0,101.2933333,0,0
7/17/2024 3:00,24.9,85,South-West,14,25,0,0,101.2466667,0,0
7/17/2024 4:00,25,87,South South-West,15,19,0,0,101.26,0,0
7/17/2024 5:00,24.8,87,South-East,14,21,0,0,101.2833333,0,0
7/17/2024 6:00,24.7,90,South-East,13,19,0,0,101.3166667,0,0
7/17/2024 7:00,24.2,92,East South-East,14,22,0,10.15,101.365,0,0
7/17/2024 8:00,24.2,93,East South-East,13,23,0,107.5,101.4383333,0,0
7/17/2024 9:00,24.6,92,South-East,10,18,0,305.1333333,101.5016667,0,0
7/17/2024 10:00,24.7,92,South-East,15,21,0,408.0666667,101.5266667,0,0
7/17/2024 11:00,25,89,South-East,10,18,0,674.15,101.5083333,0,0
7/17/2024 12:00,25.3,86,South-East,8,14,0,669.6,101.455,0,0
7/17/2024 13:00,25.8,83,South-East,4,13,0,459.4166667,101.3966667,0,0
7/17/2024 14:00,26.8,73,East North-East,3,9,0,489.8833333,101.3066667,0,0
7/17/2024 15:00,28,72,West North-West,3,12,0,555.5,101.25,0,0
7/17/2024 16:00,27.7,70,South-West,3,12,0,378.9166667,101.255,0,0
7/17/2024 17:00,26.8,72,South-West,3,9,0,175.0166667,101.295,0,0
7/17/2024 18:00,25.5,79,North-West,6,8,0,22.68333333,101.3633333,0,0
7/17/2024 19:00,24.8,83,North North-West,4,8,0,0,101.4066667,0,0
7/17/2024 20:00,23.9,88,West North-West,0,9,0,0,101.4583333,0,0
7/17/2024 21:00,23.9,87,West South-West,2,8,0,0,101.5083333,0,0
7/17/2024 22:00,23.9,89,West South-West,3,6,0,0,101.5083333,0,0
7/17/2024 23:00,23.8,89,West,0,6,0,0,101.4883333,0,0
7/18/2024 0:00,23.5,90,West North-West,0,10,0,0,101.415,0,0
7/18/2024 1:00,23.1,92,West,0,6,0,0,101.3916667,0,0
7/18/2024 2:00,22.9,94,West North-West,2,8,0,0,101.36,0,0
7/18/2024 3:00,23.2,93,West,2,11,0,0,101.3133333,0,0
7/18/2024 4:00,24.5,88,West South-West,4,12,0,0,101.3083333,0,0
7/18/2024 5:00,24.9,85,West,5,21,0,0,101.3183333,0,0
7/18/2024 6:00,25.4,85,West North-West,6,27,0,0,101.33,0,0
7/18/2024 7:00,25.7,85,West North-West,5,23,0,17.46666667,101.395,0,0
7/18/2024 8:00,27.5,79,West North-West,5,24,0,165.3833333,101.4333333,0,0
7/18/2024 9:00,27.7,78,West North-West,7,24,0,328.6333333,101.4583333,0,0
7/18/2024 10:00,27.4,77,West North-West,9,32,0,264.5666667,101.465,0,0
7/18/2024 11:00,28.9,74,West North-West,9,28,0,624.4,101.415,0,0
7/18/2024 12:00,28.3,74,West North-West,10,31,0,432.9166667,101.3416667,0,0
7/18/2024 13:00,28.6,73,West North-West,10,32,0,666.5833333,101.255,0,0
7/18/2024 14:00,28.6,70,West North-West,10,39,0,613.95,101.2133333,0,0
7/18/2024 15:00,28.7,70,West North-West,11,33,0,558.1166667,101.19,0,0
7/18/2024 16:00,28.5,74,West North-West,9,30,0,365.8333333,101.17,0,0
7/18/2024 17:00,27.5,79,West,11,32,0,132.6,101.2083333,0,0
7/18/2024 18:00,26.8,81,West,16,31,0,23.95,101.2616667,0,0
7/18/2024 19:00,26.6,82,West South-West,17,34,0,0,101.34,0,0
7/18/2024 20:00,26.1,81,South-West,10,33,0,0,101.3833333,0,0
7/18/2024 21:00,26.1,81,South-West,8,28,0,0,101.4183333,0,0
7/18/2024 22:00,26,80,South-West,8,30,0,0,101.4466667,0,0
7/18/2024 23:00,25.8,78,South-West,10,30,0,0,101.4483333,0,0
7/19/2024 0:00,25.6,78,South-West,10,28,0,0,101.41,0,0
7/19/2024 1:00,25.7,77,South-West,12,29,0,0,101.395,0,0
7/19/2024 2:00,25.4,76,South-West,10,27,0,0,101.3433333,0,0
7/19/2024 3:00,25.5,77,South-West,14,33,0,0,101.2866667,0,0
7/19/2024 4:00,25.4,74,South-West,13,31,0,0,101.2666667,0,0
7/19/2024 5:00,25.6,70,South-West,20,36,0,0,101.28,0,0
7/19/2024 6:00,25.4,71,South-West,13,33,0,0,101.3216667,0,0
7/19/2024 7:00,25.6,72,South-West,10,29,0,19.71666667,101.385,0,0
7/19/2024 8:00,26.1,79,South South-West,9,33,0,146.0666667,101.445,0,0
7/19/2024 9:00,27.1,73,South South-West,10,24,0,369.35,101.49,0,0
7/19/2024 10:00,27.1,73,South South-West,13,41,0,470.05,101.53,0,0
7/19/2024 11:00,28,70,South South-West,13,33,0,658.4166667,101.4866667,0,0
7/19/2024 12:00,26.2,77,South South-West,18,39,0,697.75,101.435,0,0
7/19/2024 13:00,26.4,76,South-West,25,45,0,681.7,101.37,0,0
7/19/2024 14:00,26.2,76,West North-West,30,42,0,639.9333333,101.3166667,0,0
7/19/2024 15:00,25.6,74,South-West,25,49,0,385.1166667,101.31,0,0
7/19/2024 16:00,25.8,73,South South-West,31,45,0,208.1166667,101.3483333,0,0
7/19/2024 17:00,25.9,68,North-West,36,51,0,153.0333333,101.3783333,0,0
7/19/2024 18:00,25.4,69,North-West,33,51,0,25.03333333,101.4483333,0,0
7/19/2024 19:00,25.5,69,North North-West,36,45,0,0,101.5066667,0,0
7/19/2024 20:00,25.3,66,North-West,30,45,0,0,101.565,0,0
7/19/2024 21:00,25.5,65,West,29,40,0,0,101.6383333,0,0
7/19/2024 22:00,25.5,70,South-West,21,37,0,0,101.6916667,0,0
7/19/2024 23:00,25.4,72,East South-East,26,35,0,0,101.71,0,0
7/20/2024 0:00,24.9,75,East South-East,35,45,0,0,101.69,0,0
7/20/2024 1:00,24.8,72,East South-East,37,49,0,0,101.675,0,0
7/20/2024 2:00,24.9,73,East South-East,39,51,0,0,101.63,0,0
7/20/2024 3:00,24.7,74,East South-East,41,53,0,0,101.5933333,0,0
7/20/2024 4:00,24.8,71,East South-East,44,55,0,0,101.5733333,0,0
7/20/2024 5:00,24.6,74,East South-East,45,60,0,0,101.5966667,0,0
7/20/2024 6:00,24.6,69,East South-East,39,57,0,0,101.655,0,0
7/20/2024 7:00,24.5,71,East South-East,40,56,0,8.8,101.7333333,0,0
7/20/2024 8:00,24.7,69,East South-East,41,61,0,133.5666667,101.7883333,0,0
7/20/2024 9:00,24.82317267,70.59770217,East South-East,41.8709117,57.45191619,0,338.5333333,101.835,1,0
7/20/2024 10:00,25,66,East South-East,40,57,0,530.55,101.87,0,0
7/20/2024 11:00,24.7,68,East South-East,46,60,0,535.3333333,101.8416667,0,0
7/20/2024 12:00,24.7,71,East South-East,48,61,0,680.4833333,101.7766667,0,0
7/20/2024 13:00,24.8,70,South-East,46,60,0,639.5333333,101.72,0,0
7/20/2024 14:00,25,67,East South-East,42,59,0,604.6333333,101.6483333,0,0
7/20/2024 15:00,24.9,63,East South-East,44,60,0,582.4333333,101.585,0,0
7/20/2024 16:00,24.6,67,East South-East,44,60,0,381.9166667,101.56,0,0
7/20/2024 17:00,24.6,65,East South-East,41,55,0,171.5166667,101.6183333,0,0
7/20/2024 18:00,24.8,66,East South-East,40,58,0,25.06666667,101.6633333,0,0
7/20/2024 19:00,24.7,64,East South-East,40,56,0,0,101.725,0,0
7/20/2024 20:00,24.6,68,East South-East,40,59,0,0,101.77,0,0
7/20/2024 21:00,24.8,65,East South-East,41,57,0,0,101.8066667,0,0
7/20/2024 22:00,24.8,62,East South-East,40,54,0,0,101.86,0,0
7/20/2024 23:00,24.6,67,East South-East,42,56,0,0,101.8383333,0,0
7/21/2024 0:00,24.8,66,East South-East,42,60,0,0,101.7983333,0,0
7/21/2024 1:00,24.8,57,East South-East,36,53,0,0,101.815,0,0
7/21/2024 2:00,24.5,69,East South-East,36,53,0,0,101.7916667,0,0
7/21/2024 3:00,24.5,72,East South-East,37,55,0,0,101.7566667,0,0
7/21/2024 4:00,22.6,80,East South-East,32,61,0,0,101.75,0,0
7/21/2024 5:00,24,69,East South-East,40,57,0,0,101.77,0,0
7/21/2024 6:00,23,75,East South-East,38,55,0.2,0,101.7983333,0,0
7/21/2024 7:00,24.6,59,East South-East,35,50,0.2,7.183333333,101.86,0,0
7/21/2024 8:00,24.7,60,East South-East,36,48,0,148.55,101.8916667,0,0
7/21/2024 9:00,24.9,61,East South-East,35,48,0,326.0833333,101.9366667,0,0
7/21/2024 10:00,25,66,East South-East,38,49,0,451.05,101.9333333,0,0
7/21/2024 11:00,24.9,65,East South-East,37,52,0,672.2166667,101.875,0,0
7/21/2024 12:00,24.6,71,East South-East,40,53,0,753.7166667,101.8066667,0,0
7/21/2024 13:00,24.5,74,East South-East,39,57,0,692.2166667,101.73,0,0
7/21/2024 14:00,24.4,76,East South-East,38,54,0,666.0333333,101.6516667,0,0
7/21/2024 15:00,25,71,East South-East,39,57,0,437.7833333,101.605,0,0
7/21/2024 16:00,24.9,68,East South-East,39,57,0,342.1666667,101.6016667,0,0
7/21/2024 17:00,24.6,73,East South-East,40,56,0,167.65,101.62,0,0
7/21/2024 18:00,24.4,75,East South-East,40,58,0,29.2,101.6783333,0,0
7/21/2024 19:00,24,75,East South-East,44,59,0,0,101.7183333,0,0
7/21/2024 20:00,24.7,69,East South-East,42,58,0,0,101.7416667,0,0
7/21/2024 21:00,24.9,68,East South-East,37,51,0,0,101.7766667,0,0
7/21/2024 22:00,24.6,72,East South-East,41,57,0,0,101.7966667,0,0
7/21/2024 23:00,24.7,67,East South-East,39,55,0,0,101.77,0,0
7/22/2024 0:00,24.8,64,East South-East,35,50,0,0,101.7433333,0,0
7/22/2024 1:00,24.7,68,East South-East,35,51,0,0,101.72,0,0
7/22/2024 2:00,24.2,76,East South-East,41,55,0,0,101.6866667,0,0
7/22/2024 3:00,24,75,East South-East,37,52,0,0,101.6333333,0,0
7/22/2024 4:00,24.8,70,East South-East,33,64,0,0,101.6166667,0,0
7/22/2024 5:00,24.5,69,East South-East,37,57,0,0,101.6233333,0,0
7/22/2024 6:00,24,75,East,37,55,0,0,101.6766667,0,0
7/22/2024 7:00,23.9,71,East South-East,39,53,0,11.75,101.69,0,0
7/22/2024 8:00,24.3,67,East South-East,37,56,0,177.0166667,101.6983333,0,0
7/22/2024 9:00,24.7,67,East,36,49,0,300.1166667,101.745,0,0
7/22/2024 10:00,24.7,72,East South-East,36,48,0,504.6166667,101.7233333,0,0
7/22/2024 11:00,25.1,68,East South-East,35,51,0,617.3333333,101.6966667,0,0
7/22/2024 12:00,24.4,79,East South-East,43,54,0,739.8833333,101.61,0,0
7/22/2024 13:00,25.2,74,East South-East,32,57,0,665.7833333,101.5183333,0,0
7/22/2024 14:00,25,71,East South-East,38,55,0,611.75,101.4516667,0,0
7/22/2024 15:00,23.6,82,East South-East,46,63,0.2,510.9333333,101.3833333,0,0
7/22/2024 16:00,24.9,79,East South-East,40,54,0,319.4,101.36,0,0
7/22/2024 17:00,25.1,74,East South-East,37,53,0,139.6666667,101.3616667,0,0
7/22/2024 18:00,25,74,East South-East,41,54,0,20.75,101.3983333,0,0
7/22/2024 19:00,24.6,76,East South-East,39,57,0,0,101.4233333,0,0
7/22/2024 20:00,24.7,74,East South-East,40,60,0,0,101.4633333,0,0
7/22/2024 21:00,24.4,77,East South-East,42,64,0,0,101.495,0,0
7/22/2024 22:00,24.9,76,East South-East,41,57,0,0,101.5366667,0,0
7/22/2024 23:00,24.9,76,East South-East,36,59,0,0,101.545,0,0
7/23/2024 0:00,25.1,72,East,39,55,0,0,101.5316667,0,0
7/23/2024 1:00,25.1,71,East,35,54,0,0,101.5066667,0,0
7/23/2024 2:00,25,72,East South-East,31,45,0,0,101.46,0,0
7/23/2024 3:00,24.8,74,East South-East,30,46,0,0,101.4166667,0,0
7/23/2024 4:00,25,73,East South-East,33,44,0,0,101.3816667,0,0
7/23/2024 5:00,24.9,76,East South-East,31,46,0,0,101.3666667,0,0
7/23/2024 6:00,25,74,East South-East,31,42,0,0,101.42,0,0
7/23/2024 7:00,25.1,72,East South-East,30,42,0,9.883333333,101.4683333,0,0
7/23/2024 8:00,25.2,72,East South-East,29,42,0,69.18333333,101.5333333,0,0
7/23/2024 9:00,25.5,68,East South-East,28,41,0,290.5833333,101.57,0,0
7/23/2024 10:00,25.7,69,East,28,40,0,542.8333333,101.59,0,0
7/23/2024 11:00,26.2,66,East,25,38,0,678.2833333,101.5616667,0,0
7/23/2024 12:00,26.2,67,East,25,34,0,754.9666667,101.5183333,0,0
7/23/2024 13:00,26.2,67,East South-East,26,36,0,701.3833333,101.445,0,0
7/23/2024 14:00,26,74,East,29,37,0,663.3833333,101.37,0,0
7/23/2024 15:00,26,74,East,30,38,0,571.0166667,101.3016667,0,0
7/23/2024 16:00,26,74,East,29,41,0,397.4833333,101.2783333,0,0
7/23/2024 17:00,25.8,76,East South-East,29,42,0,192.7166667,101.3166667,0,0
7/23/2024 18:00,25.6,73,East South-East,31,41,0,32.78333333,101.3966667,0,0
7/23/2024 19:00,25.4,77,East South-East,33,46,0,0,101.44,0,0
7/23/2024 20:00,25.4,75,East South-East,34,46,0,0,101.485,0,0
7/23/2024 21:00,25.5,76,East South-East,33,48,0,0,101.5033333,0,0
7/23/2024 22:00,25.1,80,East,32,44,0,0,101.5583333,0,0
7/23/2024 23:00,25.4,78,East,31,42,0,0,101.5633333,0,0
7/24/2024 0:00,25.4,75,East,31,44,0,0,101.5416667,0,0
7/24/2024 1:00,25.4,79,East,32,42,0,0,101.5266667,0,0
7/24/2024 2:00,24.3,84,East,26,51,0.8,0,101.5133333,0,0
7/24/2024 3:00,25.3,77,East South-East,29,43,0,0,101.42,0,0
7/24/2024 4:00,25.4,79,East,27,37,0,0,101.4183333,0,0
7/24/2024 5:00,25.4,77,East,23,33,0,0,101.4516667,0,0
7/24/2024 6:00,25.4,75,East,23,32,0,0,101.48,0,0
7/24/2024 7:00,25.5,76,East,22,30,0,16.41666667,101.5466667,0,0
7/24/2024 8:00,25.81537351,75.62471862,East,21.50614531,30.55331346,0,164.6666667,101.5983333,1,0
7/24/2024 9:00,25.83145456,76.65757617,East,20.40418244,31.23238057,0,384.7166667,101.6483333,1,0
7/24/2024 10:00,26.1,74,East,22,28,0,535.3,101.675,0,0
7/24/2024 11:00,26.3,74,East,21,26,0,679.85,101.6466667,0,0
7/24/2024 12:00,26.4,76,East,23,30,0,765.0833333,101.5716667,0,0
7/24/2024 13:00,26.4,76,East,24,32,0,707.4333333,101.4783333,0,0
7/24/2024 14:00,26.6,77,East,26,33,0,688,101.405,0,0
7/24/2024 15:00,26.7,76,East,26,35,0,578.6666667,101.3516667,0,0
7/24/2024 16:00,26.7,76,East,25,37,0,400.6666667,101.3333333,0,0
7/24/2024 17:00,26.4,76,East South-East,26,37,0,195.7,101.3616667,0,0
7/24/2024 18:00,26.50042628,76.17364814,East,28.2779842,37.64579216,0,31.01666667,101.4133333,1,0
7/24/2024 19:00,26.2,78,East South-East,26,36,0,0,101.47,0,0
7/24/2024 20:00,26,76,East,25,35,0,0,101.5083333,0,0
7/24/2024 21:00,25.9,77,East,27,33,0,0,101.55,0,0
7/24/2024 22:00,25.9,75,East,27,37,0,0,101.5683333,0,0
7/24/2024 23:00,25.9,78,East,25,36,0,0,101.5583333,0,0
7/25/2024 0:00,25.9,75,East South-East,25,35,0,0,101.5366667,0,0
7/25/2024 1:00,25.8,75,East,25,31,0,0,101.5116667,0,0
7/25/2024 2:00,25.8,75,East,24,34,0,0,101.4666667,0,0
7/25/2024 3:00,25.7,74,East,21,32,0,0,101.44,0,0
7/25/2024 4:00,25.8,75,East South-East,21,30,0,0,101.4333333,0,0
7/25/2024 5:00,25.8,75,East,22,29,0,0,101.4433333,0,0
7/25/2024 6:00,25.8,75,East,22,29,0,0,101.4816667,0,0
7/25/2024 7:00,25.8,76,East,23,30,0,22.16666667,101.5566667,0,0
7/25/2024 8:00,26,75,East,19,30,0,164.8,101.635,0,0
7/25/2024 9:00,26.1,75,East,19,26,0,247.7166667,101.7216667,0,0
7/25/2024 10:00,26.5,74,East,19,28,0,555.2833333,101.735,0,0
7/25/2024 11:00,26.5,70,East,20,28,0,693.7833333,101.735,0,0
7/25/2024 12:00,26.6,69,East,17,26,0,759.5,101.6833333,0,0
7/25/2024 13:00,26.7,71,East,21,27,0,704.6333333,101.6116667,0,0
7/25/2024 14:00,27,73,East,18,27,0,681.6666667,101.5183333,0,0
7/25/2024 15:00,26.9,71,East,20,29,0,587.6166667,101.4533333,0,0
7/25/2024 16:00,26.7,70,East,20,28,0,396.6,101.405,0,0
7/25/2024 17:00,26.5,74,East,22,30,0,205.6666667,101.4033333,0,0
7/25/2024 18:00,26.2,74,East,21,30,0,25.66666667,101.435,0,0
7/25/2024 19:00,26.20935927,74.06139242,East,23.08829313,32.66596669,0,0,101.44,1,0
7/25/2024 20:00,25.9,77,East,25,35,0,0,101.465,0,0
7/25/2024 21:00,25.6,75,East,24,34,0,0,101.48,0,0
7/25/2024 22:00,25.6,75,East,24,34,0,0,101.49,0,0
7/25/2024 23:00,25.4,73,East,22,34,0,0,101.51,0,0
7/26/2024 0:00,25.2,73,East South-East,18,29,0,0,101.5216667,0,0
7/26/2024 1:00,25.2,71,East South-East,18,28,0,0,101.5216667,0,0
7/26/2024 2:00,25.2,72,East South-East,22,29,0,0,101.4833333,0,0
7/26/2024 3:00,25.1,69,East South-East,21,28,0,0,101.4283333,0,0
7/26/2024 4:00,25,71,East South-East,17,29,0,0,101.4066667,0,0
7/26/2024 5:00,25,69,East South-East,17,28,0,0,101.4283333,0,0
7/26/2024 6:00,25,71,East South-East,18,30,0,0,101.46,0,0
7/26/2024 7:00,25.2,69,East South-East,18,27,0,25.18333333,101.4966667,0,0
7/26/2024 8:00,25.4,71,East South-East,18,25,0,152.6166667,101.5116667,0,0
7/26/2024 9:00,25.35706356,73.67764335,East,20.95824199,32.93004834,0,345.3666667,101.525,1,0
7/26/2024 10:00,25.44229313,76.05031911,East,22.09714216,31.72281793,0,547.2666667,101.495,1,0
7/26/2024 11:00,26.1,73,East,23,31,0,678.0833333,101.4266667,0,0
7/26/2024 12:00,26.2,72,East North-East,25,35,0,760.4166667,101.3,0,0
7/26/2024 13:00,26.2,72,East,25,32,0,707.8833333,101.195,0,0
7/26/2024 14:00,26.2,73,East,25,33,0,682.1333333,101.1,0,0
7/26/2024 15:00,26.1,73,East,27,33,0,582.3,101.0266667,0,0
7/26/2024 16:00,26.2,73,East North-East,27,35,0,399.9666667,100.97,0,0
7/26/2024 17:00,26.1,76,East North-East,24,32,0,200.3666667,101.01,0,0
7/26/2024 18:00,26.1,78,East,21,31,0,25.21666667,101.0716667,0,0
7/26/2024 19:00,26.1,79,East,19,26,0,0,101.0966667,0,0
7/26/2024 20:00,26.02603528,79.06669721,East,21.07521011,38.89074853,0,0,101.16,1,0
7/26/2024 21:00,25,89,East,17,30,0,0,101.2083333,0,0
7/26/2024 22:00,25.6,87,East,19,25,0,0,101.2083333,0,0
7/26/2024 23:00,24.6,92,East,17,30,0.2,0,101.2116667,0,0
7/27/2024 0:00,25,91,East South-East,17,24,0.2,0,101.195,0,0
7/27/2024 1:00,25.2,91,East,20,27,0,0,101.165,0,0
7/27/2024 2:00,25.7,89,East South-East,19,26,0,0,101.1183333,0,0
7/27/2024 3:00,26.2,85,East,21,27,0,0,101.0683333,0,0
7/27/2024 4:00,26.4,82,East North-East,22,30,0,0,101.0466667,0,0
7/27/2024 5:00,25.3,82,North North-East,25,39,0,0,101.0666667,0,0
7/27/2024 6:00,26.4,81,North-East,20,34,0,0,101.125,0,0
7/27/2024 7:00,26.2,84,North-East,23,33,0,5.216666667,101.17,0,0
7/27/2024 8:00,26.5,79,North North-East,22,37,0,62.81666667,101.21,0,0
7/27/2024 9:00,26.9,80,North-East,26,35,0,124.5166667,101.2466667,0,0
7/27/2024 10:00,26.69179079,81.75242695,North North-East,22.72507631,34.92952372,0,285.9166667,101.2516667,1,0
7/27/2024 11:00,27.2,78,North North-East,23,37,0,247.85,101.2316667,0,0
7/27/2024 12:00,25.7,90,North,23,44,0.4,245.2166667,101.165,0,0
7/27/2024 13:00,27.5,80,North,21,35,0,364.6333333,101.08,0,0
7/27/2024 14:00,27.2,81,North,19,36,0,301.85,101.0033333,0,0
7/27/2024 15:00,26.6,85,North North-East,19,44,0.2,162.3,100.925,0,0
7/27/2024 16:00,27.2,82,North,22,43,0,105.35,100.8966667,0,0
7/27/2024 17:00,25,93,North North-West,21,39,2,44.83333333,100.9383333,0,0
7/27/2024 18:00,25.3,93,North North-West,19,34,0.8,4.35,100.9866667,0,0
7/27/2024 19:00,25.7,92,North North-West,23,39,0.2,0,101.035,0,0
7/27/2024 20:00,25.5,91,North North-West,16,41,0.2,0,101.085,0,0
7/27/2024 21:00,25.4,91,North North-West,18,35,0,0,101.1216667,0,0
7/27/2024 22:00,26.1,83,North,14,35,0,0,101.1233333,0,0
7/27/2024 23:00,26.7,81,North North-West,17,27,0,0,101.1166667,0,0
7/28/2024 0:00,26.7,85,North North-West,18,30,0.6,0,101.105,0,0
7/28/2024 1:00,26.7,84,North,21,37,0,0,101.08,0,0
7/28/2024 2:00,26.8,84,North,21,37,0,0,101.0433333,0,0
7/28/2024 3:00,26.9,83,North,20,34,0,0,101.01,0,0
7/28/2024 4:00,26.8,83,North North-West,21,36,0,0,101.0083333,0,0
7/28/2024 5:00,26.8,77,North North-West,26,48,0,0,101.025,0,0
7/28/2024 6:00,27,81,North North-West,24,40,0,0,101.0933333,0,0
7/28/2024 7:00,27.2,82,North North-West,23,40,0,15.36666667,101.1483333,0,0
7/28/2024 8:00,26.4,87,North-West,27,62,0.4,41.9,101.2,0,0
7/28/2024 9:00,25.9,87,North-West,24,62,0.6,112.1,101.245,0,0
7/28/2024 10:00,25.3,91,West North-West,14,53,0.8,149.4666667,101.295,0,0
7/28/2024 11:00,26.7,85,North-West,22,50,0,306.0666667,101.245,0,0
7/28/2024 12:00,27.9,78,North North-West,24,40,0,544.1666667,101.14,0,0
7/28/2024 13:00,28.6,78,North North-West,23,43,0,692.4166667,101.0516667,0,0
7/28/2024 14:00,28.7,76,North North-West,23,40,0,672.3,100.9816667,0,0
7/28/2024 15:00,28.4,76,North North-West,24,39,0,556.1,100.9416667,0,0
7/28/2024 16:00,28.3,78,North North-West,21,37,0,382.6666667,100.94,0,0
7/28/2024 17:00,27.5,80,North North-West,19,35,0,178.0666667,100.9883333,0,0
7/28/2024 18:00,27.3,81,North-West,21,34,0,31.11666667,101.045,0,0
7/28/2024 19:00,27.2,83,North North-West,19,31,0,0,101.1283333,0,0
7/28/2024 20:00,27.3,83,North-West,21,30,0,0,101.1816667,0,0
7/28/2024 21:00,26.6,86,North-West,14,35,0.6,0,101.23,0,0
7/28/2024 22:00,27,84,North-West,19,30,0,0,101.245,0,0
7/28/2024 23:00,27,87,North North-West,23,33,0,0,101.23,0,0
7/29/2024 0:00,26.8,87,North-West,18,27,0,0,101.21,0,0
7/29/2024 1:00,26.8,84,North-West,20,36,0,0,101.1733333,0,0
7/29/2024 2:00,26.7,84,North North-West,26,36,0,0,101.1283333,0,0
7/29/2024 3:00,26.8,83,North-West,24,36,0,0,101.1,0,0
7/29/2024 4:00,26.7,81,North-West,23,37,0,0,101.09,0,0
7/29/2024 5:00,26.9,84,North-West,23,38,0,0,101.11,0,0
7/29/2024 6:00,26.7,83,North North-West,26,37,0,0,101.17,0,0
7/29/2024 7:00,27,82,North-West,23,36,0,18.25,101.2233333,0,0
7/29/2024 8:00,27.5,81,North-West,23,38,0,158.6666667,101.2383333,0,0
7/29/2024 9:00,27.9,80,North North-West,25,41,0,376.75,101.2616667,0,0
7/29/2024 10:00,28.3,77,North-West,29,47,0,531.4666667,101.2766667,0,0
7/29/2024 11:00,28.6,79,North North-West,25,44,0,550,101.2616667,0,0
7/29/2024 12:00,28.6,76,North-West,27,44,0,730.2,101.2233333,0,0
7/29/2024 13:00,27.9,80,North-West,32,46,0,520.4833333,101.1683333,0,0
7/29/2024 14:00,28.8,79,North-West,30,46,0,683.2166667,101.085,0,0
7/29/2024 15:00,25.7,84,North-West,15,41,0,360.75,101.0566667,0,0
7/29/2024 16:00,24.2,93,South-West,12,35,4.8,62.55,101.0783333,0,0
7/29/2024 17:00,22.8,94,South South-West,13,37,3.4,40.78333333,101.1483333,0,0
7/29/2024 18:00,22.9,95,South-West,12,45,0.8,8.683333333,101.2066667,0,0
7/29/2024 19:00,22.7,88,South-West,12,42,0.2,0,101.2766667,0,0
7/29/2024 20:00,23.1,88,South-West,9,31,0,0,101.345,0,0
7/29/2024 21:00,23.1,91,South-West,9,26,0,0,101.3683333,0,0
7/29/2024 22:00,23.2,89,South-West,15,35,0,0,101.3716667,0,0
7/29/2024 23:00,22.7,85,South-West,11,47,0.4,0,101.3616667,0,0
7/30/2024 0:00,24.3,80,South-West,12,39,0,0,101.3316667,0,0
7/30/2024 1:00,24.3,80,South-West,9,34,0,0,101.3066667,0,0
7/30/2024 2:00,23.6,83,South-West,11,35,0,0,101.2933333,0,0
7/30/2024 3:00,23.76986383,80.88724525,South-West,10.30798629,23.00812336,0.235042418,0,101.2666667,1,0
7/30/2024 4:00,22.8,85,South South-West,12,38,0,0,101.2333333,0,0
7/30/2024 5:00,23.6,75,South South-West,9,40,0,0,101.23,0,0
7/30/2024 6:00,23,80,South South-West,18,46,0,0,101.2983333,0,0
7/30/2024 7:00,22.6,79,South South-West,15,47,0.4,4.233333333,101.3783333,0,0
7/30/2024 8:00,23.5,73,South South-West,16,46,0,47.63333333,101.435,0,0
7/30/2024 9:00,24.8,61,South South-West,14,49,0,135.5333333,101.4783333,0,0
7/30/2024 10:00,25.26700968,64.91693341,South South-West,14.90052429,41.83337267,0,446.6666667,101.47,1,0
7/30/2024 11:00,26.1,62,South South-West,17,45,0,533.1166667,101.435,0,0
7/30/2024 12:00,25.8,60,South South-West,18,45,0,586.1666667,101.3716667,0,0
7/30/2024 13:00,26,57,South South-West,16,42,0,560.5666667,101.31,0,0
7/30/2024 14:00,25.9,54,South South-West,14,43,0,525.7333333,101.2516667,0,0
7/30/2024 15:00,25.7,60,South South-West,18,57,0,559.8666667,101.195,0,0
7/30/2024 16:00,25.3,60,South South-West,14,46,0,416.6,101.185,0,0
7/30/2024 17:00,24.7,65,South South-West,23,46,0,195.9333333,101.235,0,0
7/30/2024 18:00,23.8,63,South-West,29,52,0,32.21666667,101.2816667,0,0
7/30/2024 19:00,23.7,63,South-West,30,51,0,0,101.325,0,0
7/30/2024 20:00,23.9,62,West South-West,32,54,0,0,101.4,0,0
7/30/2024 21:00,24,59,North-West,33,49,0,0,101.4416667,0,0
7/30/2024 22:00,23.7,69,West,35,53,0,0,101.4516667,0,0
7/30/2024 23:00,23.8,56,North-West,31,51,0,0,101.4516667,0,0
7/31/2024 0:00,22.9,71,West North-West,37,57,0,0,101.4333333,0,0
7/31/2024 1:00,23.2,69,North-West,30,46,0,0,101.4233333,0,0
7/31/2024 2:00,23.7,57,North-West,32,45,0,0,101.3816667,0,0
7/31/2024 3:00,23.2,60,North-West,26,44,0,0,101.36,0,0
7/31/2024 4:00,23.1,60,South-West,27,46,0,0,101.33,0,0
7/31/2024 5:00,23.4,61,North-West,33,48,0,0,101.3283333,0,0
7/31/2024 6:00,23.5,62,South-West,23,45,0,0,101.3833333,0,0
7/31/2024 7:00,23.7,61,South-West,23,38,0,20.35,101.4733333,0,0
7/31/2024 8:00,22.8,55,South South-West,6,27,0,63.36666667,101.5566667,0,0
7/31/2024 9:00,25.5,49,South-West,5,14,0,307.3166667,101.6233333,0,0
7/31/2024 10:00,25.1,56,South,11,19,0,531.8333333,101.6433333,0,0
7/31/2024 11:00,25,53,South South-East,11,19,0,716.3166667,101.6133333,0,0
7/31/2024 12:00,25.8,53,South,9,19,0,800.4,101.5516667,0,0
7/31/2024 13:00,24.9,54,South South-East,10,21,0,770.7,101.4866667,0,0
7/31/2024 14:00,25.8,55,South-East,5,15,0,727.35,101.41,0,0
7/31/2024 15:00,24.5,57,East South-East,4,17,0,382.9833333,101.3866667,0,0
7/31/2024 16:00,24.5,57,East South-East,4,11,0,219.4,101.3816667,0,0
7/31/2024 17:00,24.3,57,West South-West,2,9,0,92.68333333,101.415,0,0
7/31/2024 18:00,23,62,West South-West,4,8,0,17.85,101.46,0,0
7/31/2024 19:00,24.6,61,South-East,18,27,0,0,101.5333333,0,0
7/31/2024 20:00,24.5,60,South-East,29,38,0,0,101.5833333,0,0
7/31/2024 21:00,24.4,65,South-East,28,40,0,0,101.6066667,0,0
7/31/2024 22:00,24.2,65,South-East,30,41,0,0,101.6433333,0,0
7/31/2024 23:00,24.1,61,South-East,32,46,0,0,101.6516667,0,0
8/1/2024 0:00,24,60,South-East,27,43,0,0,101.625,0,0
8/1/2024 1:00,24.1,57,East South-East,28,38,0,0,101.5833333,0,0
8/1/2024 2:00,23.9,64,South-East,23,41,0,0,101.5583333,0,0
8/1/2024 3:00,23.6,67,South-East,26,37,0,0,101.5316667,0,0
8/1/2024 4:00,23.7,66,South-East,30,40,0,0,101.505,0,0
8/1/2024 5:00,24.1,64,South-East,26,44,0,0,101.5116667,0,0
8/1/2024 6:00,24,65,East South-East,25,40,0,0,101.54,0,0
8/1/2024 7:00,24.1,62,East South-East,22,36,0,21.25,101.6083333,0,0
8/1/2024 8:00,24.1,62,East South-East,19,31,0,164.2,101.6716667,0,0
8/1/2024 9:00,24.4,60,East South-East,20,31,0,216.7833333,101.7466667,0,0
8/1/2024 10:00,24.5,62,East South-East,26,36,0,240.7166667,101.7883333,0,0
8/1/2024 11:00,24.8,61,East South-East,23,35,0,686.25,101.7516667,0,0
8/1/2024 12:00,24.6,57,East South-East,22,34,0,780.9166667,101.6816667,0,0
8/1/2024 13:00,24.9,55,East South-East,21,31,0,727.1666667,101.6083333,0,0
8/1/2024 14:00,24.9,60,East South-East,20,31,0,710.0833333,101.5583333,0,0
8/1/2024 15:00,24.9,66,East South-East,22,33,0,570.6666667,101.51,0,0
8/1/2024 16:00,24.9,67,East South-East,23,35,0,398.5166667,101.5083333,0,0
8/1/2024 17:00,24.8,70,East South-East,24,33,0,215.2,101.53,0,0
8/1/2024 18:00,24.4,69,East South-East,29,38,0,32.78333333,101.57,0,0
8/1/2024 19:00,24.4,66,East South-East,26,36,0,0,101.605,0,0
8/1/2024 20:00,24.2,68,East South-East,29,39,0,0,101.645,0,0
8/1/2024 21:00,24,70,East South-East,28,39,0,0,101.64,0,0
8/1/2024 22:00,23.9,69,East,26,37,0,0,101.64,0,0
8/1/2024 23:00,23.9,67,East South-East,26,35,0,0,101.655,0,0
8/2/2024 0:00,23.9,67,East South-East,21,32,0,0,101.655,0,0
8/2/2024 1:00,23.9,66,East South-East,22,29,0,0,101.6183333,0,0
8/2/2024 2:00,24,71,East South-East,21,31,0,0,101.5733333,0,0
8/2/2024 3:00,23.9,67,East South-East,22,34,0,0,101.5216667,0,0
8/2/2024 4:00,24,67,East South-East,22,31,0,0,101.5066667,0,0
8/2/2024 5:00,24.1,66,East South-East,21,35,0,0,101.52,0,0
8/2/2024 6:00,24.2,63,East South-East,20,34,0,0,101.5716667,0,0
8/2/2024 7:00,24.3,63,East South-East,21,33,0,20.81666667,101.6183333,0,0
8/2/2024 8:00,24.3,64,East South-East,15,34,0,99.5,101.675,0,0
8/2/2024 9:00,24.7,59,East South-East,18,31,0,309.6166667,101.725,0,0
8/2/2024 10:00,24.7,62,East South-East,19,31,0,500.7333333,101.7566667,0,0
8/2/2024 11:00,24.8,62,East South-East,21,35,0,533.15,101.74,0,0
8/2/2024 12:00,24.9,63,East South-East,21,36,0,720.75,101.68,0,0
8/2/2024 13:00,24.8,61,East South-East,21,33,0,696.2666667,101.6183333,0,0
8/2/2024 14:00,24.8,63,East South-East,22,36,0,668.5666667,101.57,0,0
8/2/2024 15:00,24.9,64,East South-East,21,31,0,504.4666667,101.5216667,0,0
8/2/2024 16:00,25,67,East South-East,22,32,0,411.4166667,101.48,0,0
8/2/2024 17:00,24.7,66,East South-East,19,33,0,214.7666667,101.505,0,0
8/2/2024 18:00,24.6,68,East South-East,23,30,0,38.65,101.5533333,0,0
8/2/2024 19:00,24.6,68,East South-East,21,31,0,0,101.6016667,0,0
8/2/2024 20:00,24.6,70,East South-East,21,29,0,0,101.64,0,0
8/2/2024 21:00,24.8,71,East South-East,20,30,0,0,101.7,0,0
8/2/2024 22:00,24.8,67,East South-East,21,30,0,0,101.705,0,0
8/2/2024 23:00,24.9,69,East South-East,20,29,0,0,101.705,0,0
8/3/2024 0:00,24.9,68,East South-East,17,30,0,0,101.69,0,0
8/3/2024 1:00,24.9,72,East South-East,17,27,0,0,101.675,0,0
8/3/2024 2:00,24.7,69,East South-East,16,25,0,0,101.6316667,0,0
8/3/2024 3:00,24.7,70,East South-East,15,21,0,0,101.5783333,0,0
8/3/2024 4:00,24.8,71,East South-East,20,28,0,0,101.53,0,0
8/3/2024 5:00,24.8,74,East South-East,21,30,0,0,101.5166667,0,0
8/3/2024 6:00,24.8,73,East South-East,20,28,0,0,101.5883333,0,0
8/3/2024 7:00,25,73,East South-East,21,31,0,7.75,101.6516667,0,0
8/3/2024 8:00,25.3,72,East South-East,19,30,0,128.8,101.6916667,0,0
8/3/2024 9:00,25.4,74,East South-East,18,29,0,283.9,101.725,0,0
8/3/2024 10:00,25.27183399,75.48318584,East South-East,19.76393586,28.51611213,0,535.7833333,101.755,1,0
8/3/2024 11:00,25.5,74,East South-East,24,32,0,574.25,101.7416667,0,0
8/3/2024 12:00,25.7,74,East South-East,20,30,0,534.1833333,101.6883333,0,0
8/3/2024 13:00,25.9,74,East South-East,23,33,0,536.2166667,101.6033333,0,0
8/3/2024 14:00,25.7,74,East South-East,30,37,0,523.8666667,101.52,0,0
8/3/2024 15:00,25.7,72,East South-East,29,41,0,589.6666667,101.465,0,0
8/3/2024 16:00,25.8,74,East South-East,27,36,0,415.2166667,101.4583333,0,0
8/3/2024 17:00,25.6,74,East South-East,29,39,0,212.75,101.48,0,0
8/3/2024 18:00,25.3,72,East South-East,30,41,0,37.93333333,101.525,0,0
8/3/2024 19:00,25.2,74,East South-East,31,41,0,0,101.56,0,0
8/3/2024 20:00,25.1,74,East South-East,31,41,0,0,101.6366667,0,0
8/3/2024 21:00,25,74,East South-East,28,39,0,0,101.6916667,0,0
8/3/2024 22:00,25,74,East South-East,28,38,0,0,101.735,0,0
8/3/2024 23:00,25,74,East South-East,28,35,0,0,101.745,0,0
8/4/2024 0:00,25,73,East South-East,33,40,0,0,101.7033333,0,0
8/4/2024 1:00,25,76,East South-East,33,45,0,0,101.6733333,0,0
8/4/2024 2:00,24.9,76,East South-East,33,45,0,0,101.6266667,0,0
8/4/2024 3:00,24.8,76,East South-East,32,42,0,0,101.57,0,0
8/4/2024 4:00,25,77,East South-East,33,47,0,0,101.5366667,0,0
8/4/2024 5:00,24.9,76,East South-East,31,45,0,0,101.545,0,0
8/4/2024 6:00,24.9,76,East South-East,31,40,0,0,101.6166667,0,0
8/4/2024 7:00,24.9,77,East South-East,33,43,0,23.71666667,101.6833333,0,0
8/4/2024 8:00,25.2,77,East South-East,30,43,0,178.5333333,101.7,0,0
8/4/2024 9:00,25.10137485,78.4458628,East South-East,33.17217684,47.22818359,0,393.0833333,101.7466667,1,0
8/4/2024 10:00,25.4,77,East South-East,35,44,0,559.95,101.7716667,0,0
8/4/2024 11:00,25.3,75,East South-East,35,46,0,708.75,101.7166667,0,0
8/4/2024 12:00,25.7,77,East South-East,32,45,0,777.6666667,101.645,0,0
8/4/2024 13:00,25.6,75,East South-East,30,44,0,727.7166667,101.5866667,0,0
8/4/2024 14:00,25.5,73,East South-East,31,40,0,713.4833333,101.515,0,0
8/4/2024 15:00,25.6,75,East,30,39,0,606.3166667,101.44,0,0
8/4/2024 16:00,25.7,76,East,29,42,0,413.9166667,101.4016667,0,0
8/4/2024 17:00,25.4,75,East,28,39,0,227.35,101.4133333,0,0
8/4/2024 18:00,25.3,76,East,28,38,0,39.05,101.4666667,0,0
8/4/2024 19:00,25.3,77,East,30,40,0,0,101.5266667,0,0
8/4/2024 20:00,25.1,77,East South-East,28,40,0,0,101.58,0,0
8/4/2024 21:00,25.1,76,East South-East,27,36,0,0,101.5966667,0,0
8/4/2024 22:00,25.2,79,East South-East,24,34,0,0,101.6083333,0,0
8/4/2024 23:00,25.2,78,East,23,32,0,0,101.5916667,0,0
8/5/2024 0:00,25.1,80,East South-East,26,33,0,0,101.5666667,0,0
8/5/2024 1:00,25.4,81,East,23,35,0,0,101.5316667,0,0
8/5/2024 2:00,25.7,81,East,28,37,0,0,101.4916667,0,0
8/5/2024 3:00,25.5,81,East,21,35,0,0,101.465,0,0
8/5/2024 4:00,25.6,82,East South-East,21,30,0,0,101.45,0,0
8/5/2024 5:00,25.5,82,East South-East,24,34,0,0,101.455,0,0
8/5/2024 6:00,25.6,81,East South-East,22,34,0,0,101.5033333,0,0
8/5/2024 7:00,25.8,81,East South-East,25,32,0,34.3,101.5583333,0,0
8/5/2024 8:00,25.9,80,East South-East,25,37,0,191.9833333,101.595,0,0
8/5/2024 9:00,26.1,77,East,22,31,0,355.75,101.645,0,0
8/5/2024 10:00,26.2,80,East,25,35,0,391.85,101.6816667,0,0
8/5/2024 11:00,25.1,89,East,18,32,0.8,323.7333333,101.6466667,0,0
8/5/2024 12:00,26,86,East North-East,24,41,0.6,523.85,101.5733333,0,0
8/5/2024 13:00,26.1,82,East North-East,27,36,0,696.8,101.455,0,0
8/5/2024 14:00,25.96492728,83.65392443,East,24.11638139,33.68456736,0,729.8166667,101.3783333,1,0
8/5/2024 15:00,26.7,82,East,24,31,0,612,101.3466667,0,0
8/5/2024 16:00,26.9,79,East North-East,25,32,0,411.3833333,101.355,0,0
8/5/2024 17:00,26.8,79,East North-East,25,35,0,207.2166667,101.3866667,0,0
8/5/2024 18:00,26.4,82,East North-East,26,33,0,36.71666667,101.4466667,0,0
8/5/2024 19:00,26.4,83,East North-East,26,32,0,0,101.5366667,0,0
8/5/2024 20:00,26.2,83,East North-East,27,36,0,0,101.5883333,0,0
8/5/2024 21:00,26.2,83,East,27,34,0,0,101.6066667,0,0
8/5/2024 22:00,26.1,85,East,26,36,0,0,101.6333333,0,0
8/5/2024 23:00,26.2,84,East,28,36,0,0,101.6116667,0,0
8/6/2024 0:00,26.1,85,East,31,39,0,0,101.585,0,0
8/6/2024 1:00,26.1,85,East,28,40,0,0,101.5566667,0,0
8/6/2024 2:00,25.9,85,East,28,37,0,0,101.525,0,0
8/6/2024 3:00,26,85,East,30,42,0,0,101.475,0,0
8/6/2024 4:00,26.1,86,East,30,39,0,0,101.4466667,0,0
8/6/2024 5:00,26.1,85,East,33,42,0,0,101.4783333,0,0
8/6/2024 6:00,25.9,87,East,32,45,0,0,101.5233333,0,0
8/6/2024 7:00,26.2,86,East,31,41,0,11.91666667,101.5933333,0,0
8/6/2024 8:00,26.3,85,East North-East,32,42,0,168.6,101.6366667,0,0
8/6/2024 9:00,26.4,86,East,30,42,0,352.3166667,101.6783333,0,0
8/6/2024 10:00,26.7,85,East,27,38,0,465.8,101.7166667,0,0
8/6/2024 11:00,26.9,83,East North-East,34,44,0,551.5333333,101.675,0,0
8/6/2024 12:00,27.1,83,East North-East,32,41,0,768.6666667,101.6033333,0,0
8/6/2024 13:00,27.2,81,East North-East,33,41,0,685.1,101.535,0,0
8/6/2024 14:00,27,82,East North-East,34,44,0,585.5166667,101.4566667,0,0
8/6/2024 15:00,27.1,79,East North-East,30,49,0,596,101.4116667,0,0
8/6/2024 16:00,26.9,82,East North-East,27,38,0,368.9833333,101.4066667,0,0
8/6/2024 17:00,26.4,84,East North-East,23,33,0,208.0333333,101.4366667,0,0
8/6/2024 18:00,26.6,84,East North-East,23,33,0,47.13333333,101.49,0,0
8/6/2024 19:00,26.7,81,East North-East,27,34,0,0,101.535,0,0
8/6/2024 20:00,26.4,87,East North-East,25,32,0,0,101.5866667,0,0
8/6/2024 21:00,26.3,86,East North-East,23,31,0,0,101.6383333,0,0
8/6/2024 22:00,26.4,84,East North-East,21,28,0,0,101.635,0,0
8/6/2024 23:00,26.3,84,East North-East,23,31,0,0,101.6283333,0,0
8/7/2024 0:00,26.3,82,East North-East,26,34,0,0,101.595,0,0
8/7/2024 1:00,26.2,81,East North-East,24,33,0,0,101.5633333,0,0
8/7/2024 2:00,26.3,82,East North-East,22,30,0,0,101.5183333,0,0
8/7/2024 3:00,26.2,82,East North-East,19,28,0,0,101.465,0,0
8/7/2024 4:00,26.2,84,East North-East,22,28,0,0,101.41,0,0
8/7/2024 5:00,26.2,83,East North-East,19,29,0,0,101.3966667,0,0
8/7/2024 6:00,26.1,84,East North-East,22,27,0,0,101.4366667,0,0
8/7/2024 7:00,26.3,84,East North-East,19,26,0,11.03333333,101.5116667,0,0
8/7/2024 8:00,26.4,84,East North-East,18,25,0,114.7666667,101.56,0,0
8/7/2024 9:00,26.3,85,East North-East,24,33,1,167.1833333,101.5783333,0,0
8/7/2024 10:00,26.9,82,East North-East,26,33,0,375.4333333,101.5916667,0,0
8/7/2024 11:00,26.5,83,North-East,21,37,0,415.75,101.565,0,0
8/7/2024 12:00,27.3,81,North-East,21,30,0,522.8333333,101.5083333,0,0
8/7/2024 13:00,27.3,77,North-East,21,30,0,516.8666667,101.435,0,0
8/7/2024 14:00,27.5,77,North North-East,17,29,0,575.35,101.3533333,0,0
8/7/2024 15:00,27.4,73,North North-East,15,26,0,417.35,101.3033333,0,0
8/7/2024 16:00,27.2,78,North North-East,13,24,0,230.0333333,101.305,0,0
8/7/2024 17:00,27.4,79,North North-East,14,22,0,149.1666667,101.3283333,0,0
8/7/2024 18:00,26.8,82,North,10,19,0,24.2,101.3566667,0,0
8/7/2024 19:00,26.5,82,North North-West,8,18,0,0,101.3816667,0,0
8/7/2024 20:00,26.2,86,North North-West,11,23,0,0,101.415,0,0
8/7/2024 21:00,26,88,North-West,10,19,0,0,101.4583333,0,0
8/7/2024 22:00,26.1,87,North North-West,8,17,0,0,101.4816667,0,0
8/7/2024 23:00,26,86,North North-West,7,22,0,0,101.475,0,0
8/8/2024 0:00,25.6,90,North,7,15,0,0,101.4466667,0,0
8/8/2024 1:00,25.5,90,North North-West,10,15,0,0,101.4,0,0
8/8/2024 2:00,25.6,91,North,9,16,0,0,101.3483333,0,0
8/8/2024 3:00,25.6,91,North North-West,7,15,0,0,101.2966667,0,0
8/8/2024 4:00,25.4,90,North North-West,9,20,0,0,101.2616667,0,0
8/8/2024 5:00,25.6,91,North North-West,10,18,0,0,101.2566667,0,0
8/8/2024 6:00,25.7,91,North North-West,10,18,0.2,0,101.29,0,0
8/8/2024 7:00,25.6,92,North-West,14,27,1.2,10.73333333,101.3333333,0,0
8/8/2024 8:00,25.9,88,North-West,10,26,0,85.25,101.375,0,0
8/8/2024 9:00,27.1,80,West,13,21,0.2,218.5166667,101.415,0,0
8/8/2024 10:00,27.5,78,West South-West,10,21,0,424.6333333,101.4133333,0,0
8/8/2024 11:00,27.2,81,South-West,13,24,0,441.5,101.3866667,0,0
8/8/2024 12:00,28.9,67,West South-West,11,27,0,674.2666667,101.3116667,0,0
8/8/2024 13:00,29.1,74,West South-West,15,24,0.2,768.95,101.2366667,0,0
8/8/2024 14:00,28.6,70,West South-West,14,26,0,712.65,101.1666667,0,0
8/8/2024 15:00,28.5,71,West South-West,12,21,0,438.4666667,101.1133333,0,0
8/8/2024 16:00,28.5,74,South-West,9,23,0,422.6166667,101.0883333,0,0
8/8/2024 17:00,27.8,77,South South-West,5,16,0,191.1333333,101.1166667,0,0
8/8/2024 18:00,26.3,87,South-West,26,33,0,36.8,101.1533333,0,0
8/8/2024 19:00,25.9,88,North-West,24,32,0,0,101.195,0,0
8/8/2024 20:00,25.7,87,North North-West,22,30,0,0,101.2266667,0,0
8/8/2024 21:00,25.8,88,North North-West,27,34,0,0,101.2583333,0,0
8/8/2024 22:00,25.9,87,North North-West,15,32,0,0,101.295,0,0
8/8/2024 23:00,25.1,91,South-East,24,32,0.6,0,101.29,0,0
8/9/2024 0:00,24.9,91,South South-East,22,31,0.2,0,101.2883333,0,0
8/9/2024 1:00,25.1,88,South South-East,21,29,0,0,101.2666667,0,0
8/9/2024 2:00,24.9,90,South-East,20,26,0,0,101.23,0,0
8/9/2024 3:00,25,87,South-East,21,27,0,0,101.1766667,0,0
8/9/2024 4:00,25.1,87,South-East,19,28,0,0,101.1366667,0,0
8/9/2024 5:00,24.4,90,North-West,17,39,0.2,0,101.1566667,0,0
8/9/2024 6:00,24.2,89,South South-East,17,24,0,0,101.1766667,0,0
8/9/2024 7:00,24.1,93,East South-East,12,23,0.2,8.566666667,101.2416667,0,0
8/9/2024 8:00,24.7,87,East South-East,16,23,0,81.06666667,101.285,0,0
8/9/2024 9:00,25.1,85,East South-East,13,20,0,207.6166667,101.3333333,0,0
8/9/2024 10:00,25.6,82,East,9,18,0,481,101.3533333,0,0
8/9/2024 11:00,25.7,80,East South-East,17,23,0,527.3166667,101.33,0,0
8/9/2024 12:00,25.7,81,South-East,19,24,0,563.9,101.2716667,0,0
8/9/2024 13:00,25.3,84,South-East,22,28,0,583.3333333,101.2283333,0,0
8/9/2024 14:00,25.6,83,South-East,20,27,0,759.4833333,101.1566667,0,0
8/9/2024 15:00,25.4,84,South-East,16,26,0.2,238.4333333,101.1283333,0,0
8/9/2024 16:00,23.7,90,East South-East,10,27,2.8,94.78333333,101.1683333,0,0
8/9/2024 17:00,23.9,90,East South-East,13,22,0.2,75.83333333,101.225,0,0
8/9/2024 18:00,24.2,91,East South-East,18,23,0,18,101.2766667,0,0
8/9/2024 19:00,24.9,86,East South-East,19,26,0,0,101.325,0,0
8/9/2024 20:00,24.4,85,East South-East,20,26,0,0,101.37,0,0
8/9/2024 21:00,24.9,84,East South-East,21,28,0,0,101.415,0,0
8/9/2024 22:00,24.3,88,South-East,25,33,1,0,101.4416667,0,0
8/9/2024 23:00,24,84,South-East,19,31,2,0,101.4416667,0,0
8/10/2024 0:00,23.7,89,East South-East,20,25,1.2,0,101.45,0,0
8/10/2024 1:00,24.1,86,East South-East,23,29,0,0,101.4216667,0,0
8/10/2024 2:00,24.6,82,South-East,21,28,0,0,101.3683333,0,0
8/10/2024 3:00,24.7,81,East South-East,18,25,0,0,101.3416667,0,0
8/10/2024 4:00,24.7,82,East South-East,19,26,0,0,101.3166667,0,0
8/10/2024 5:00,24.6,80,East South-East,14,23,0,0,101.3216667,0,0
8/10/2024 6:00,24.8,79,East South-East,16,23,0,0,101.38,0,0
8/10/2024 7:00,24.9,79,East South-East,15,21,0,31.56666667,101.44,0,0
8/10/2024 8:00,25.4,78,East South-East,16,22,0,189.6666667,101.4666667,0,0
8/10/2024 9:00,25.5,76,East South-East,15,25,0,354.9166667,101.5183333,0,0
8/10/2024 10:00,25.6,77,East South-East,17,32,0,551.05,101.5616667,0,0
8/10/2024 11:00,25.8,76,East South-East,17,23,0,752.0666667,101.555,0,0
8/10/2024 12:00,25.56129291,79.60296743,East South-East,18.71122272,30.70421726,0,784.15,101.5066667,1,0
8/10/2024 13:00,25.9,77,East South-East,16,24,0,707.35,101.4516667,0,0
8/10/2024 14:00,25.9,79,East South-East,19,27,0,411.3333333,101.3866667,0,0
8/10/2024 15:00,25.8,76,East South-East,18,28,0,638.0166667,101.3183333,0,0
8/10/2024 16:00,25.9,78,East South-East,19,27,0,380.3166667,101.31,0,0
8/10/2024 17:00,25.7,81,East South-East,21,30,0,137.3,101.355,0,0
8/10/2024 18:00,25.6,81,East South-East,22,30,0,20.45,101.4166667,0,0
8/10/2024 19:00,25.5,80,East South-East,21,28,0,0,101.4616667,0,0
8/10/2024 20:00,25.6,81,East South-East,21,28,0,0,101.5083333,0,0
8/10/2024 21:00,25.5,82,East South-East,23,30,0,0,101.5183333,0,0
8/10/2024 22:00,25.5,83,East,23,32,0,0,101.5316667,0,0
8/10/2024 23:00,25.3,85,East,20,31,0,0,101.5433333,0,0
8/11/2024 0:00,25.3,83,East South-East,20,28,0,0,101.5383333,0,0
8/11/2024 1:00,25.6,84,East South-East,17,26,0,0,101.495,0,0
8/11/2024 2:00,25,89,East,19,34,0,0,101.4316667,0,0
8/11/2024 3:00,25.3,88,East South-East,14,25,0.2,0,101.39,0,0
8/11/2024 4:00,24.5,90,East,24,33,0.2,0,101.365,0,0
8/11/2024 5:00,25.1,86,East,15,28,1.8,0,101.3616667,0,0
8/11/2024 6:00,25.4,87,East,17,23,0,0,101.3866667,0,0
8/11/2024 7:00,25.7,85,East South-East,15,21,0,40.66666667,101.455,0,0
8/11/2024 8:00,25.8,86,East,16,21,0,110.1166667,101.5083333,0,0
8/11/2024 9:00,25.4,89,East,14,28,0,229.2833333,101.56,0,0
8/11/2024 10:00,25.9,87,East,17,22,0,456.35,101.5683333,0,0
8/11/2024 11:00,26.1,85,East,13,21,0,523.8166667,101.5066667,0,0
8/11/2024 12:00,27,85,East South-East,16,22,0,704.0666667,101.4266667,0,0
8/11/2024 13:00,26.8,82,East North-East,17,24,0,662.9,101.3666667,0,0
8/11/2024 14:00,26.9,82,East,16,22,0,683.9166667,101.2966667,0,0
8/11/2024 15:00,26.9,82,East,18,22,0,604.6166667,101.2333333,0,0
8/11/2024 16:00,26.6,84,East,17,24,0,353,101.24,0,0
8/11/2024 17:00,26.7,83,East,20,26,0,138.2666667,101.28,0,0
8/11/2024 18:00,26.3,86,East,21,27,0,36.25,101.34,0,0
8/11/2024 19:00,26.3,88,East North-East,20,34,0,0,101.4016667,0,0
8/11/2024 20:00,25.8,89,East,21,27,0,0,101.46,0,0
8/11/2024 21:00,25.9,88,East North-East,19,26,0,0,101.4816667,0,0
8/11/2024 22:00,26.2,89,East,19,23,0,0,101.515,0,0
8/11/2024 23:00,26,89,East,18,23,0,0,101.5116667,0,0
8/12/2024 0:00,25.9,88,East North-East,12,23,0,0,101.5,0,0
8/12/2024 1:00,26,89,East North-East,14,18,0,0,101.4716667,0,0
8/12/2024 2:00,26,89,East North-East,12,18,0,0,101.4233333,0,0
8/12/2024 3:00,24.7,91,North-East,4,26,2.2,0,101.375,0,0
8/12/2024 4:00,24.9,92,North North-West,3,9,0,0,101.33,0,0
8/12/2024 5:00,25,92,North,4,19,0,0,101.3,0,0
8/12/2024 6:00,25.1,94,North-West,5,15,1.8,0,101.325,0,0
8/12/2024 7:00,24.9,94,West South-West,4,12,0,26.38333333,101.42,0,0
8/12/2024 8:00,25.9,91,West South-West,12,18,0,191.5333333,101.47,0,0
8/12/2024 9:00,26.9,85,North-West,12,19,0,430.6,101.5033333,0,0
8/12/2024 10:00,26.9,84,North-West,18,24,0,608.0333333,101.54,0,0
8/12/2024 11:00,27.2,81,North North-West,19,27,0,733.7333333,101.5466667,0,0
8/12/2024 12:00,27.3,82,North North-West,17,26,0,712.3166667,101.495,0,0
8/12/2024 13:00,27.4,82,North,17,23,0,606.1166667,101.4316667,0,0
8/12/2024 14:00,27.2,82,North-West,17,22,0,523.2833333,101.36,0,0
8/12/2024 15:00,26.1,86,West North-West,6,21,1,356.5833333,101.2883333,0,0
8/12/2024 16:00,26.8,86,South,5,14,0,304.2166667,101.2783333,0,0
8/12/2024 17:00,26.1,86,South-West,4,17,0,126.1666667,101.3216667,0,0
8/12/2024 18:00,25.9,87,South South-West,8,14,0,37.98333333,101.3616667,0,0
8/12/2024 19:00,25.9,87,North North-West,15,21,0,0,101.405,0,0
8/12/2024 20:00,25.5,89,West North-West,16,28,0,0,101.475,0,0
8/12/2024 21:00,25.4,90,West South-West,15,21,0,0,101.5316667,0,0
8/12/2024 22:00,25.2,88,North North-West,19,31,0,0,101.5466667,0,0
8/12/2024 23:00,25.4,83,North-West,17,27,0,0,101.555,0,0
8/13/2024 0:00,25.3,86,North,15,27,0,0,101.5166667,0,0
8/13/2024 1:00,25.4,84,North North-West,10,24,0,0,101.47,0,0
8/13/2024 2:00,24.9,84,South-West,5,17,0,0,101.41,0,0
8/13/2024 3:00,24.8,85,South-West,7,15,0,0,101.3716667,0,0
8/13/2024 4:00,24.4,83,South-West,5,15,0,0,101.35,0,0
8/13/2024 5:00,24.4,83,South South-West,5,16,0,0,101.3633333,0,0
8/13/2024 6:00,25.35706356,80.42730656,West North-West,5.863197495,14.06707308,0,0,101.3983333,1,0
8/13/2024 7:00,25.67868458,80.80921653,East,14.99286755,26.66754056,0,18.63333333,101.4766667,1,0
8/13/2024 8:00,25.7,84,East South-East,20,26,0,89.05,101.5333333,0,0
8/13/2024 9:00,26.1,82,East South-East,19,28,0,331.9833333,101.5666667,0,0
8/13/2024 10:00,26.1,82,East,19,26,0,593.15,101.5583333,0,0
8/13/2024 11:00,25.93276519,83.64817523,East,19.314532,27.23342982,0,688.55,101.5516667,1,0
8/13/2024 12:00,26.4,81,East,17,27,0,812.7333333,101.4966667,0,0
8/13/2024 13:00,26.5,81,East,17,28,0,685.3166667,101.4283333,0,0
8/13/2024 14:00,26.3,81,East,17,24,0,742.0666667,101.3533333,0,0
8/13/2024 15:00,26.3,81,East,18,26,0,611.9833333,101.3,0,0
8/13/2024 16:00,26.4,84,East North-East,19,26,0,418,101.275,0,0
8/13/2024 17:00,26.1,85,East,16,26,0,155.9833333,101.3066667,0,0
8/13/2024 18:00,26,85,East North-East,15,24,0,36.03333333,101.3716667,0,0
8/13/2024 19:00,26,85,East,14,21,0,0.033333333,101.4333333,0,0
8/13/2024 20:00,25.8,85,East North-East,13,19,0,0,101.4933333,0,0
8/13/2024 21:00,25.4,86,North North-East,4,15,0,0,101.54,0,0
8/13/2024 22:00,25.4,85,North North-East,5,12,0,0,101.5383333,0,0
8/13/2024 23:00,25.6,85,North North-East,7,11,0,0,101.5166667,0,0
8/14/2024 0:00,24.9,83,East,4,9,0,0,101.4883333,0,0
8/14/2024 1:00,23.3,92,East North-East,0,7,0,0,101.45,0,0
8/14/2024 2:00,23.3,94,West,2,7,0,0,101.3983333,0,0
8/14/2024 3:00,23.7,93,West,2,5,0,0,101.3733333,0,0
8/14/2024 4:00,24.2,88,South South-East,3,12,0,0,101.3633333,0,0
8/14/2024 5:00,23.1,93,West South-West,2,6,0,0,101.3616667,0,0
8/14/2024 6:00,22.9,94,West,0,5,0,0,101.4066667,0,0
8/14/2024 7:00,25,89,North-East,7,11,0,48.51666667,101.48,0,0
8/14/2024 8:00,26.3,80,East North-East,10,14,0,216.6,101.515,0,0
8/14/2024 9:00,26.5,79,East North-East,12,15,0,371.65,101.57,0,0
8/14/2024 10:00,26.9,79,East North-East,12,15,0,597.4666667,101.595,0,0
8/14/2024 11:00,26.9,80,East North-East,10,16,0,584.3,101.57,0,0
8/14/2024 12:00,27.4,75,East North-East,8,14,0,660.2833333,101.5116667,0,0
8/14/2024 13:00,27.6,77,East North-East,10,15,0,597.25,101.445,0,0
8/14/2024 14:00,27.4,78,North-East,10,18,0,651.8,101.3516667,0,0
8/14/2024 15:00,27.2,77,North-East,11,20,0,356.45,101.3033333,0,0
8/14/2024 16:00,27.4,77,North-East,8,19,0,290.5333333,101.3016667,0,0
8/14/2024 17:00,27.4,67,North,6,19,0,235,101.305,0,0
8/14/2024 18:00,26.7,70,East,5,8,0,43.55,101.3433333,0,0
8/14/2024 19:00,26.6,74,North-East,6,9,0,0.016666667,101.4116667,0,0
8/14/2024 20:00,26.6,76,East North-East,7,10,0,0,101.4816667,0,0
8/14/2024 21:00,26.6,75,East North-East,12,16,0,0,101.5166667,0,0
8/14/2024 22:00,26.1,77,North-East,14,21,0,0,101.5483333,0,0
8/14/2024 23:00,26.1,77,North-East,13,20,0,0,101.555,0,0
8/15/2024 0:00,26.2,77,North-East,10,18,0,0,101.5433333,0,0
8/15/2024 1:00,26.1,78,East North-East,10,18,0,0,101.5033333,0,0
8/15/2024 2:00,26,78,East,10,16,0,0,101.4633333,0,0
8/15/2024 3:00,25.8,79,East,12,18,0,0,101.4116667,0,0
8/15/2024 4:00,25.9,81,East North-East,10,19,0,0,101.3933333,0,0
8/15/2024 5:00,25.8,79,East North-East,10,17,0,0,101.4133333,0,0
8/15/2024 6:00,25.9,81,East,12,16,0,0,101.4683333,0,0
8/15/2024 7:00,26,78,East South-East,10,15,0,28.35,101.5666667,0,0
8/15/2024 8:00,26.38303462,78.7675208,South-East,12.51191203,19.1600764,0,179.7833333,101.6466667,1,0
8/15/2024 9:00,26.33961578,80.28171912,East,11.83472815,17.80194218,0,418.0666667,101.705,1,0
8/15/2024 10:00,26.47791281,78.96782646,South-East,13.90937333,21.76316699,0,619.55,101.735,1,0
8/15/2024 11:00,26.74164204,77.36281034,South-East,12.94900345,20.10322517,0,722.0666667,101.7066667,1,0
8/15/2024 12:00,26.71752047,77.70917288,South-East,14.35877718,20.89547013,0,778.1833333,101.6616667,1,0
8/15/2024 13:00,26.62585848,80.43487186,East,14.94977403,23.12130121,0,667.6833333,101.5833333,1,0
8/15/2024 14:00,26.57118291,81.34160593,East South-East,13.41687596,20.21640302,0,415.7666667,101.5266667,1,0
8/15/2024 15:00,26.58726396,81.0547252,South-East,12.95515967,19.0091726,0,361.3166667,101.4866667,1,0
8/15/2024 16:00,26.7577231,79.76505467,South-East,12.98594076,17.83966813,0,234.75,101.49,1,0
8/15/2024 17:00,26.87511477,78.52483815,South-East,12.5365369,18.14147574,0,105.8,101.5433333,1,0
8/15/2024 18:00,26.68535837,77.20248126,South South-East,10.82510853,23.34765691,0,9.216666667,101.6283333,1,0
8/15/2024 19:00,26.01477855,75.50464961,South-East,14.65427561,30.66649131,0,0,101.675,1,0
8/15/2024 20:00,26.32353472,74.91202712,East South-East,16.77817053,25.9507475,0,0,101.7416667,1,0
8/15/2024 21:00,26.72073669,74.65328461,East South-East,16.96285705,26.4789108,0,0,101.7966667,1,0
8/15/2024 22:00,26.58726396,77.38641156,East South-East,20.90283603,31.08147677,0,0,101.83,1,0
8/15/2024 23:00,26.09679191,82.22657151,South-East,32.76586651,44.96462656,0,0,101.79,1,0
8/16/2024 0:00,25.45837418,84.57164164,South-East,40.42420067,54.547018,0,0,101.7716667,1,0
8/16/2024 1:00,25.180172,84.01241617,South-East,41.11985321,54.7733737,0,0,101.7383333,1,0
8/16/2024 2:00,25.12871264,83.60060309,South-East,41.52000732,56.58421932,0,0,101.695,1,0
8/16/2024 3:00,24.77653763,83.85173411,East South-East,42.21565986,55.52789271,0,0,101.665,1,0
8/16/2024 4:00,24.8022673,83.41585863,East South-East,40.62119962,55.64107056,0,0,101.6633333,1,0
8/16/2024 5:00,25.12871264,81.29963453,East South-East,42.15409769,57.60281999,0,0,101.6533333,1,0
8/16/2024 6:00,25.04991549,82.18719581,East South-East,44.01327527,60.43226628,0,0,101.6916667,1,0
8/16/2024 7:00,25.04187497,81.80121255,East South-East,44.41958561,63.14853472,0,22.1,101.7666667,1,0
8/16/2024 8:00,25.41977966,79.90350778,East South-East,43.67468333,63.07308281,0,157.4166667,101.8283333,1,0
8/16/2024 9:00,25.46641471,80.65577174,East South-East,43.47152816,62.35628975,0,383,101.8533333,1,0
8/16/2024 10:00,25.69154942,79.30620863,East South-East,42.92362484,58.69687255,0,603.8833333,101.8733333,1,0
8/16/2024 11:00,25.79446815,79.76761745,East South-East,42.86821888,57.56509404,0,696.8333333,101.8483333,1,0
8/16/2024 12:00,25.8443194,80.611315,East South-East,42.20950364,56.20695982,0,677.35,101.78,1,0
8/16/2024 13:00,25.88613014,80.74565463,East South-East,41.21219646,55.64107056,0,705.4166667,101.7033333,1,0
8/16/2024 14:00,25.99708939,80.56330118,East South-East,40.73201152,59.60229537,0,662.3833333,101.6133333,1,0
8/16/2024 15:00,25.71245479,82.80877018,East South-East,39.56848648,54.9242775,0,480.5,101.5583333,1,0
8/16/2024 16:00,25.96492728,80.77156794,East South-East,39.28530049,59.14958396,0,258.8333333,101.55,1,0
8/16/2024 17:00,25.3683203,83.810224,East South-East,38.61427282,63.11080877,0,121.2666667,101.5866667,1,0
8/16/2024 18:00,24.91644277,84.76129784,East South-East,36.49653411,54.32066229,0,17.4,101.68,1,0
8/16/2024 19:00,24.7,91,East South-East,40,57,0,0,101.7183333,0,0
8/16/2024 20:00,25.3,83,East South-East,36,58,0,0,101.7683333,0,0
8/16/2024 21:00,25.4,84,East South-East,40,54,0,0,101.8233333,0,0
8/16/2024 22:00,24.2,92,East,35,58,1,0,101.8633333,0,0
8/16/2024 23:00,24.6,90,East,35,51,0,0,101.8783333,0,0
8/17/2024 0:00,25,88,East South-East,31,46,0,0,101.865,0,0
8/17/2024 1:00,24.8,90,East South-East,26,49,0,0,101.8233333,0,0
8/17/2024 2:00,24,94,East,36,57,1.4,0,101.7833333,0,0
8/17/2024 3:00,23.3,95,East,31,44,3,0,101.7633333,0,0
8/17/2024 4:00,24.4,92,East South-East,28,43,0.2,0,101.73,0,0
8/17/2024 5:00,23.6,94,East,34,50,1.2,0,101.74,0,0
8/17/2024 6:00,24.4,85,East,35,48,0.2,0,101.8033333,0,0
8/17/2024 7:00,23.6,90,East,31,53,0.4,15.83333333,101.88,0,0
8/17/2024 8:00,24.5,91,East,33,50,0.4,72.31666667,101.95,0,0
8/17/2024 9:00,25.1,86,East,31,52,1.8,191.9666667,102.0166667,0,0
8/17/2024 10:00,26.1,81,East,32,45,0,606.9,102,0,0
8/17/2024 11:00,26.5,76,East,29,40,0,626.4,101.9833333,0,0
8/17/2024 12:00,25.5,82,East,28,38,0.2,631.15,101.925,0,0
8/17/2024 13:00,24.5,89,East,24,43,0.8,186.6,101.8933333,0,0
8/17/2024 14:00,25.1,84,East,27,43,0.6,272.7166667,101.8333333,0,0
8/17/2024 15:00,26.2,81,East,29,39,0,503.7666667,101.7516667,0,0
8/17/2024 16:00,26.3,82,East South-East,30,41,0,432.1666667,101.7316667,0,0
8/17/2024 17:00,26.4,77,East South-East,31,37,0,210.6,101.7366667,0,0
8/17/2024 18:00,26.1,81,East South-East,30,40,0,40.85,101.8016667,0,0
8/17/2024 19:00,26.2,80,East South-East,30,40,0,0.033333333,101.8783333,0,0
8/17/2024 20:00,25.8,81,East South-East,32,42,0,0,101.9433333,0,0
8/17/2024 21:00,25.6,81,East South-East,36,49,0,0,101.965,0,0
8/17/2024 22:00,25.2,87,East South-East,34,48,0,0,101.97,0,0
8/17/2024 23:00,25.1,85,East South-East,32,57,0,0,101.9816667,0,0
8/18/2024 0:00,25,84,East South-East,31,58,0,0,101.96,0,0
8/18/2024 1:00,25.5,85,East South-East,31,59,0.6,0,101.9233333,0,0
8/18/2024 2:00,25.1,86,East South-East,36,53,0,0,101.8583333,0,0
8/18/2024 3:00,25,85,East South-East,34,53,0.2,0,101.8183333,0,0
8/18/2024 4:00,24.3,88,East South-East,37,59,0.4,0,101.78,0,0
8/18/2024 5:00,24.8,89,East South-East,39,59,0,0,101.785,0,0
8/18/2024 6:00,25.3,83,East South-East,37,57,0,0,101.84,0,0
8/18/2024 7:00,24.4,89,East South-East,40,62,0.6,45.85,101.895,0,0
8/18/2024 8:00,24.2,88,East South-East,50,75,0,111.9666667,101.92,0,0
8/18/2024 9:00,25.6,79,East South-East,49,71,0,371.75,101.955,0,0
8/18/2024 10:00,25.8,79,East South-East,49,68,0,459.7333333,101.9816667,0,0
8/18/2024 11:00,25.9,76,East South-East,51,71,0,700.1333333,101.9366667,0,0
8/18/2024 12:00,25.7,80,East South-East,51,69,0,752.0333333,101.88,0,0
8/18/2024 13:00,25.7,76,East South-East,50,69,0,721.75,101.82,0,0
8/18/2024 14:00,25.7,81,East South-East,49,64,0,679.6666667,101.7416667,0,0
8/18/2024 15:00,25.7,78,East South-East,44,66,0,505.9333333,101.6666667,0,0
8/18/2024 16:00,25.4,80,East South-East,48,65,0,374.3166667,101.6433333,0,0
8/18/2024 17:00,25.7,80,East South-East,48,70,0,201.25,101.68,0,0
8/18/2024 18:00,25,84,East South-East,44,61,0,25.6,101.7416667,0,0
8/18/2024 19:00,24.8,82,East South-East,47,67,0,0.033333333,101.79,0,0
8/18/2024 20:00,25,84,East South-East,46,71,0,0,101.8483333,0,0
8/18/2024 21:00,25,84,East South-East,49,63,0,0,101.9,0,0
8/18/2024 22:00,25.3,79,East South-East,47,67,0,0,101.9283333,0,0
8/18/2024 23:00,24.9,81,East South-East,49,66,0,0,101.9233333,0,0
8/19/2024 0:00,24,87,East South-East,48,67,0,0,101.8866667,0,0
8/19/2024 1:00,24.5,83,East South-East,46,65,0,0,101.85,0,0
8/19/2024 2:00,23.6,87,East South-East,49,66,0,0,101.7766667,0,0
8/19/2024 3:00,24.6,81,East South-East,48,68,0.2,0,101.695,0,0
8/19/2024 4:00,25.1,75,East South-East,47,67,0,0,101.655,0,0
8/19/2024 5:00,25.1,75,East South-East,50,67,0,0,101.675,0,0
8/19/2024 6:00,25,76,East South-East,54,70,0,0,101.7533333,0,0
8/19/2024 7:00,25,76,East South-East,48,67,0,18.31666667,101.835,0,0
8/19/2024 8:00,25,72,East South-East,51,68,0,176.65,101.8516667,0,0
8/19/2024 9:00,25.2,73,East South-East,52,70,0,371.25,101.8983333,0,0
8/19/2024 10:00,25.2,73,East South-East,50,74,0,567.55,101.9416667,0,0
8/19/2024 11:00,25.1,74,East South-East,54,71,0,661.4,101.9316667,0,0
8/19/2024 12:00,25.3,73,East South-East,53,72,0,803.7833333,101.8666667,0,0
8/19/2024 13:00,25.4,72,East South-East,50,71,0,738.8333333,101.7983333,0,0
8/19/2024 14:00,25.3,67,East South-East,51,70,0,746.4166667,101.74,0,0
8/19/2024 15:00,25.4,67,East South-East,51,71,0,637.5166667,101.66,0,0
8/19/2024 16:00,25.2,72,East South-East,49,70,0,437.1666667,101.6383333,0,0
8/19/2024 17:00,25.32007714,72.66494905,East South-East,44.487304,63.26171257,0,184.4833333,101.6716667,1,0
8/19/2024 18:00,25.3,68,East South-East,51,66,0,38.71666667,101.7066667,0,0
8/19/2024 19:00,25.4,68,East South-East,49,66,0,0.033333333,101.755,0,0
8/19/2024 20:00,25.4,64,East,49,67,0,0,101.8166667,0,0
8/19/2024 21:00,25.5,68,East,45,63,0,0,101.855,0,0
8/19/2024 22:00,25.3,70,East South-East,47,64,0,0,101.8716667,0,0
8/19/2024 23:00,25.3,67,East,48,66,0,0,101.87,0,0
8/20/2024 0:00,25.1,67,East,47,63,0,0,101.85,0,0
8/20/2024 1:00,25.1,65,East,45,62,0,0,101.8216667,0,0
8/20/2024 2:00,25.2,63,East,46,60,0,0,101.7766667,0,0
8/20/2024 3:00,25.1,70,East,42,62,0,0,101.7466667,0,0
8/20/2024 4:00,25,68,East,45,58,0,0,101.7366667,0,0
8/20/2024 5:00,25.1,63,East South-East,47,62,0,0,101.745,0,0
8/20/2024 6:00,25.1,66,East South-East,45,63,0,0,101.7733333,0,0
8/20/2024 7:00,25,73,East South-East,48,65,0,34.91666667,101.83,0,0
8/20/2024 8:00,25.3,67,East,45,64,0,212.75,101.8883333,0,0
8/20/2024 9:00,25.5,71,East,45,59,0,428.65,101.925,0,0
8/20/2024 10:00,25.1,72,East,42,59,0,658.1666667,101.97,0,0
8/20/2024 11:00,25.7,66,East,44,57,0,595.5833333,101.9466667,0,0
8/20/2024 12:00,25.8,68,East,41,57,0,837.15,101.8866667,0,0
8/20/2024 13:00,25.8,66,East South-East,40,53,0,761.6333333,101.8083333,0,0
8/20/2024 14:00,25.8,69,East,44,58,0,765.55,101.7216667,0,0
8/20/2024 15:00,25.4,73,East,43,60,0,570.6666667,101.6466667,0,0
8/20/2024 16:00,25.6,73,East,42,57,0,410.75,101.6333333,0,0
8/20/2024 17:00,25.5,75,East,44,59,0,132.05,101.66,0,0
8/20/2024 18:00,25.6,71,East,45,61,0,25.56666667,101.7133333,0,0
8/20/2024 19:00,25.6,70,East,44,62,0,0,101.7716667,0,0
8/20/2024 20:00,25.4,71,East,44,59,0,0,101.8283333,0,0
8/20/2024 21:00,25.5,69,East,46,62,0,0,101.8733333,0,0
8/20/2024 22:00,25.4,67,East,45,64,0,0,101.91,0,0
8/20/2024 23:00,25.4,65,East,43,61,0,0,101.9183333,0,0
8/21/2024 0:00,25.4,62,East,42,59,0,0,101.9083333,0,0
8/21/2024 1:00,25.2,66,East,42,58,0,0,101.8783333,0,0
8/21/2024 2:00,25.3,66,East,37,54,0,0,101.835,0,0
8/21/2024 3:00,25,76,East,36,54,0,0,101.8066667,0,0
8/21/2024 4:00,25.3,66,East,39,57,0,0,101.7916667,0,0
8/21/2024 5:00,25.3,66,East,40,55,0,0,101.8216667,0,0
8/21/2024 6:00,25.5,63,East,41,58,0,0,101.8783333,0,0
8/21/2024 7:00,25.3,68,East,38,54,0,44.55,101.9383333,0,0
8/21/2024 8:00,25.8,61,East,44,58,0,230.3833333,101.9866667,0,0
8/21/2024 9:00,25.8089411,64.16796476,East,39.46383079,55.45244081,0,431.8666667,102.0233333,1,0
8/21/2024 10:00,26.2,59,East,41,59,0,667.7166667,102.0466667,0,0
8/21/2024 11:00,25.9,63,East,45,59,0,753.8333333,102.015,0,0
8/21/2024 12:00,25.8,65,East,44,59,0,753.9166667,101.94,0,0
8/21/2024 13:00,25.9,64,East,44,59,0,765.9,101.8633333,0,0
8/21/2024 14:00,25.8,66,East,40,56,0,789.0833333,101.7883333,0,0
8/21/2024 15:00,25.6,71,East,37,53,0,639.9833333,101.7283333,0,0
8/21/2024 16:00,25.7,70,East,40,53,0,439.25,101.6833333,0,0
8/21/2024 17:00,25.5,70,East,40,56,0,187.1833333,101.6583333,0,0
8/21/2024 18:00,25.5,72,East,38,57,0,39.83333333,101.6966667,0,0
8/21/2024 19:00,25,80,East,36,57,0.4,0.016666667,101.7433333,0,0
8/21/2024 20:00,24.6,78,East,40,60,0,0,101.7766667,0,0
8/21/2024 21:00,25.3,74,East,40,55,0,0,101.82,0,0
8/21/2024 22:00,25.1,77,East,42,56,0,0,101.8183333,0,0
8/21/2024 23:00,25.3,75,East,40,58,0,0,101.825,0,0
8/22/2024 0:00,25.3,76,East,40,55,0,0,101.795,0,0
8/22/2024 1:00,24.9,81,East,33,57,0.4,0,101.7516667,0,0
8/22/2024 2:00,25.1,76,East,38,56,0,0,101.6983333,0,0
8/22/2024 3:00,25.2,77,East,39,56,0.6,0,101.6666667,0,0
8/22/2024 4:00,25.1,78,East,35,52,0,0,101.6333333,0,0
8/22/2024 5:00,24.5,79,East,37,55,0,0,101.6083333,0,0
8/22/2024 6:00,24.7,77,East,37,48,0,0,101.6416667,0,0
8/22/2024 7:00,24.9,79,East,37,54,0,37.8,101.6716667,0,0
8/22/2024 8:00,23.1,91,East,41,58,1.2,79.75,101.7483333,0,0
8/22/2024 9:00,24.4,86,East,40,65,0.8,179.5833333,101.775,0,0
8/22/2024 10:00,24.81191593,80.74658653,East,35.00672956,49.90672608,0,631.8166667,101.7766667,1,0
8/22/2024 11:00,25,76,East,37,51,0,710.7666667,101.7616667,0,0
8/22/2024 12:00,25.2,80,East,39,54,0,816.0666667,101.6866667,0,0
8/22/2024 13:00,25.5,76,East,42,55,0,622.4,101.5816667,0,0
8/22/2024 14:00,25,80,East,40,55,0,467.9,101.51,0,0
8/22/2024 15:00,25.6,74,East,40,53,0,351.7833333,101.4566667,0,0
8/22/2024 16:00,25.5,73,East,37,53,0,208.5666667,101.4383333,0,0
8/22/2024 17:00,25.5,73,East,38,50,0,119.2,101.47,0,0
8/22/2024 18:00,25.4,74,East,39,54,0,34.96666667,101.495,0,0
8/22/2024 19:00,25.5,73,East South-East,40,53,0,0,101.55,0,0
8/22/2024 20:00,25.5,72,East,39,51,0,0,101.6383333,0,0
8/22/2024 21:00,25.4,72,East,35,48,0,0,101.715,0,0
8/22/2024 22:00,25.4,75,East,33,46,0,0,101.7316667,0,0
8/22/2024 23:00,25.3,74,East South-East,31,41,0,0,101.73,0,0
8/23/2024 0:00,25.3,77,East,31,46,0,0,101.71,0,0
8/23/2024 1:00,25.4,72,East South-East,32,43,0,0,101.655,0,0
8/23/2024 2:00,25.4,74,East South-East,32,43,0,0,101.6066667,0,0
8/23/2024 3:00,22.8,88,East,28,53,0.2,0,101.6216667,0,0
8/23/2024 4:00,24.5,80,East South-East,28,36,0,0,101.5866667,0,0
8/23/2024 5:00,24.8,83,East South-East,34,44,0,0,101.55,0,0
8/23/2024 6:00,25.5,78,East South-East,33,45,0,0,101.5933333,0,0
8/23/2024 7:00,25.4,79,East,33,49,0,23.23333333,101.6533333,0,0
8/23/2024 8:00,25.8,75,East,31,46,0,172.0666667,101.66,0,0
8/23/2024 9:00,25.8,77,East,36,45,0,394.0166667,101.68,0,0
8/23/2024 10:00,25.8,79,East,35,47,0,629.1,101.72,0,0
8/23/2024 11:00,25.3,80,East,34,47,0,523.6333333,101.705,0,0
8/23/2024 12:00,23.6,87,East North-East,41,54,0,491.6,101.67,0,0
8/23/2024 13:00,24.5,85,East,34,45,0,500.55,101.61,0,0
8/23/2024 14:00,24.9,81,East South-East,31,43,0,461.5166667,101.5133333,0,0
8/23/2024 15:00,25,82,East,27,48,0,254.4833333,101.5016667,0,0
8/23/2024 16:00,25.9,77,East,31,41,0,266.4,101.4833333,0,0
8/23/2024 17:00,26,78,East,35,46,0,146.8666667,101.485,0,0
8/23/2024 18:00,25.9,78,East,32,44,0,28.5,101.54,0,0
8/23/2024 19:00,25.8,78,East,35,45,0,0,101.5583333,0,0
8/23/2024 20:00,25.9,78,East,33,43,0,0,101.6,0,0
8/23/2024 21:00,25.9,78,East,32,45,0,0,101.6433333,0,0
8/23/2024 22:00,26.02764338,76.29559292,East,28.00095442,37.83442191,0,0,101.6766667,1,0
8/23/2024 23:00,25.7,78,East,30,39,0,0,101.66,0,0
8/24/2024 0:00,25.6,77,East,31,39,0,0,101.645,0,0
8/24/2024 1:00,25.6,75,East,28,38,0,0,101.6233333,0,0
8/24/2024 2:00,25.5,76,East,26,35,0,0,101.59,0,0
8/24/2024 3:00,25.4,75,East,24,33,0,0,101.5366667,0,0
8/24/2024 4:00,25.5,78,East,25,33,0,0,101.5016667,0,0
8/24/2024 5:00,25.4,78,East,27,35,0,0,101.475,0,0
8/24/2024 6:00,25.5,78,East,23,33,0,0.033333333,101.5266667,0,0
8/24/2024 7:00,25.6,77,East,23,30,0,38.93333333,101.5916667,0,0
8/24/2024 8:00,25.9,78,East,23,33,0,246.7333333,101.62,0,0
8/24/2024 9:00,26,77,East,26,33,0,422.1333333,101.6533333,0,0
8/24/2024 10:00,26.1,77,East,24,33,0,653.55,101.6683333,0,0
8/24/2024 11:00,26.3,77,East,24,34,0,776,101.6383333,0,0
8/24/2024 12:00,26.3,79,East South-East,24,34,0,748.7,101.5783333,0,0
8/24/2024 13:00,26.3,77,East South-East,22,36,0,673.0333333,101.5166667,0,0
8/24/2024 14:00,26.4,78,East South-East,23,33,0,663.7833333,101.475,0,0
8/24/2024 15:00,26.3,78,East South-East,22,32,0,564.1166667,101.4316667,0,0
8/24/2024 16:00,26.3,78,East South-East,24,32,0,403.25,101.4483333,0,0
8/24/2024 17:00,26.3,79,East South-East,24,31,0,212.05,101.5183333,0,0
8/24/2024 18:00,25.8,78,East South-East,27,33,0,35.68333333,101.58,0,0
8/24/2024 19:00,25.8,76,East South-East,28,37,0,0,101.635,0,0
8/24/2024 20:00,25.8,77,East South-East,31,41,0,0,101.6833333,0,0
8/24/2024 21:00,25.8,78,East South-East,34,45,0,0,101.7133333,0,0
8/24/2024 22:00,25.6,77,East South-East,32,46,0,0,101.7483333,0,0
8/24/2024 23:00,25.6,78,East South-East,35,45,0,0,101.7716667,0,0
8/25/2024 0:00,25.6,80,East South-East,35,46,0,0,101.7366667,0,0
8/25/2024 1:00,25.2,82,East South-East,37,51,0,0,101.6933333,0,0
8/25/2024 2:00,25.1,82,East South-East,38,54,0,0,101.6483333,0,0
8/25/2024 3:00,24.9,79,East South-East,40,55,0,0,101.5866667,0,0
8/25/2024 4:00,24.9,79,East South-East,41,53,0,0,101.56,0,0
8/25/2024 5:00,24.7,78,East South-East,40,54,0,0,101.555,0,0
8/25/2024 6:00,24.8,75,East South-East,40,57,0,0.05,101.6033333,0,0
8/25/2024 7:00,24.7,75,East South-East,44,57,0,47.15,101.6766667,0,0
8/25/2024 8:00,24.8,72,East South-East,41,59,0,81.76666667,101.7416667,0,0
8/25/2024 9:00,25,76,East South-East,37,55,0,128.3333333,101.845,0,0
8/25/2024 10:00,25,76,East South-East,44,60,0,599.75,101.8266667,0,0
8/25/2024 11:00,25.1,78,East South-East,44,60,0,764.6333333,101.8283333,0,0
8/25/2024 12:00,24.9,77,East South-East,43,59,0,792.75,101.8033333,0,0
8/25/2024 13:00,25,80,East South-East,42,58,0,739.8666667,101.7366667,0,0
8/25/2024 14:00,25,77,East South-East,44,60,0,763.15,101.6516667,0,0
8/25/2024 15:00,24.9,75,East South-East,46,60,0,641.4833333,101.5933333,0,0
8/25/2024 16:00,25,75,East South-East,42,59,0,441.4333333,101.5733333,0,0
8/25/2024 17:00,24.6,75,East South-East,41,59,0,149.1833333,101.6166667,0,0
8/25/2024 18:00,24.3,77,East South-East,44,60,0,21.85,101.6516667,0,0
8/25/2024 19:00,24.2,76,East South-East,46,61,0,0.016666667,101.7,0,0
8/25/2024 20:00,24,74,East South-East,46,62,0,0,101.775,0,0
8/25/2024 21:00,24,73,East South-East,43,63,0,0,101.8166667,0,0
8/25/2024 22:00,23.9,69,East South-East,44,58,0,0,101.8383333,0,0
8/25/2024 23:00,23.9,70,East South-East,41,61,0,0,101.85,0,0
8/26/2024 0:00,23.9,68,East South-East,43,59,0,0,101.8133333,0,0
8/26/2024 1:00,23.6,73,East South-East,45,58,0,0,101.7466667,0,0
8/26/2024 2:00,23.6,73,East South-East,44,62,0,0,101.6483333,0,0
8/26/2024 3:00,23.8,73,East South-East,44,58,0,0,101.5966667,0,0
8/26/2024 4:00,23.5,69,East South-East,44,57,0,0,101.535,0,0
8/26/2024 5:00,23.6,69,East South-East,40,59,0,0,101.52,0,0
8/26/2024 6:00,23.6,69,East South-East,37,56,0,0.1,101.6233333,0,0
8/26/2024 7:00,23.6,70,East South-East,39,57,0,37.48333333,101.6833333,0,0
8/26/2024 8:00,23.8,69,East South-East,40,55,0,157.1333333,101.74,0,0
8/26/2024 9:00,23.8,67,East South-East,42,58,0,382.3,101.7516667,0,0
8/26/2024 10:00,24.1,64,East South-East,37,55,0,670.1666667,101.775,0,0
8/26/2024 11:00,24.1,70,East South-East,36,50,0,677.35,101.7383333,0,0
8/26/2024 12:00,24.5,64,East,37,48,0,818.5666667,101.6666667,0,0
8/26/2024 13:00,24.6,64,East South-East,33,47,0,800.4333333,101.6133333,0,0
8/26/2024 14:00,24.7,64,East South-East,33,47,0,792.6,101.5733333,0,0
8/26/2024 15:00,24.6,65,East South-East,31,45,0,664.0833333,101.5233333,0,0
8/26/2024 16:00,24.5,63,East South-East,32,44,0,432.7666667,101.4916667,0,0
8/26/2024 17:00,24.5,65,East South-East,33,45,0,226.6833333,101.505,0,0
8/26/2024 18:00,24.2,65,East South-East,36,51,0,22.91666667,101.5416667,0,0
8/26/2024 19:00,24.4,64,East South-East,31,50,0,0,101.605,0,0
8/26/2024 20:00,24.3,67,East South-East,31,43,0,0,101.73,0,0
8/26/2024 21:00,24.3,67,East South-East,30,41,0,0,101.82,0,0
8/26/2024 22:00,24.1,69,East South-East,33,47,0,0,101.79,0,0
8/26/2024 23:00,24.1,69,East South-East,32,49,0,0,101.7283333,0,0
8/27/2024 0:00,24.2,69,East South-East,31,46,0,0,101.725,0,0
8/27/2024 1:00,24,73,East South-East,33,46,0,0,101.695,0,0
8/27/2024 2:00,24,72,East South-East,29,42,0,0,101.6583333,0,0
8/27/2024 3:00,24,71,East South-East,28,41,0,0,101.6333333,0,0
8/27/2024 4:00,23.9,71,East South-East,27,40,0,0,101.5883333,0,0
8/27/2024 5:00,24,74,East South-East,27,36,0,0,101.6133333,0,0
8/27/2024 6:00,24,75,East South-East,31,42,0,0.15,101.6516667,0,0
8/27/2024 7:00,24.1,75,East South-East,31,43,0,30.31666667,101.6883333,0,0
8/27/2024 8:00,24.3,74,East South-East,35,46,0,234.1666667,101.725,0,0
8/27/2024 9:00,24.4,75,East South-East,31,46,0,304.6,101.775,0,0
8/27/2024 10:00,24.7,75,East,33,48,0,352.45,101.7833333,0,0
8/27/2024 11:00,24.8,76,East,31,42,0,376.1166667,101.73,0,0
8/27/2024 12:00,24.9,78,East,27,38,0,518.7666667,101.6933333,0,0
8/27/2024 13:00,25.1,74,East,30,41,0,749.1,101.5933333,0,0
8/27/2024 14:00,25.2,75,East,30,42,0,786.1666667,101.4933333,0,0
8/27/2024 15:00,25.1,80,East,33,42,0,649.2666667,101.44,0,0
8/27/2024 16:00,25.3,79,East,31,44,0,414.1333333,101.41,0,0
8/27/2024 17:00,25.4,79,East,32,41,0,224.5333333,101.4416667,0,0
8/27/2024 18:00,25.3,78,East,29,39,0,17.46666667,101.5033333,0,0
8/27/2024 19:00,25.3,78,East,28,40,0,0,101.595,0,0
8/27/2024 20:00,25.4,79,East,29,37,0,0,101.67,0,0
8/27/2024 21:00,25.1,83,East,30,40,0,0,101.7016667,0,0
8/27/2024 22:00,25.1,86,East,23,35,0,0,101.695,0,0
8/27/2024 23:00,25,83,East,27,34,0,0,101.6733333,0,0
8/28/2024 0:00,25.1,85,East North-East,27,36,0,0,101.6316667,0,0
8/28/2024 1:00,25.1,85,East North-East,23,33,0,0,101.575,0,0
8/28/2024 2:00,25,84,East North-East,23,32,0,0,101.4966667,0,0
8/28/2024 3:00,25,84,East North-East,24,32,0,0,101.4316667,0,0
8/28/2024 4:00,25,85,East North-East,23,32,0,0,101.42,0,0
8/28/2024 5:00,25.1,86,East North-East,21,27,0,0,101.4383333,0,0
8/28/2024 6:00,25.1,86,East North-East,18,25,0,0.066666667,101.5033333,0,0
8/28/2024 7:00,25.3,86,East North-East,18,25,0,38.11666667,101.5633333,0,0
8/28/2024 8:00,25.6,85,East,20,25,0,170.25,101.6083333,0,0
8/28/2024 9:00,25.7,86,East,21,28,0,335.15,101.6466667,0,0
8/28/2024 10:00,25.1,89,East North-East,19,33,0.4,417.85,101.6633333,0,0
8/28/2024 11:00,25.8,86,East North-East,17,23,0,720.1666667,101.6116667,0,0
8/28/2024 12:00,26.2,85,East,19,24,0,779.1833333,101.555,0,0
8/28/2024 13:00,26.2,87,East North-East,21,26,0,777.2833333,101.47,0,0
8/28/2024 14:00,26.3,86,East North-East,21,28,0,752.8833333,101.3866667,0,0
8/28/2024 15:00,26.3,86,East North-East,19,27,0,606.3,101.3266667,0,0
8/28/2024 16:00,26.3,85,East North-East,16,23,0,397.15,101.3316667,0,0
8/28/2024 17:00,26.2,86,East North-East,15,21,0,190.3333333,101.3816667,0,0
8/28/2024 18:00,26,88,East North-East,13,19,0,40.4,101.4433333,0,0
8/28/2024 19:00,25.8,88,East North-East,16,20,0,0.033333333,101.5083333,0,0
8/28/2024 20:00,25.9,89,East North-East,15,21,0,0,101.5683333,0,0
8/28/2024 21:00,25.9,89,East North-East,17,22,0,0,101.6083333,0,0
8/28/2024 22:00,25.8,89,East North-East,15,22,0,0,101.6083333,0,0
8/28/2024 23:00,25.9,89,East North-East,14,19,0,0,101.6016667,0,0
8/29/2024 0:00,25.8,90,North-East,11,17,0,0,101.5733333,0,0
8/29/2024 1:00,25.7,90,North-East,7,15,0,0,101.535,0,0
8/29/2024 2:00,25.5,90,North-East,6,10,0,0,101.4983333,0,0
8/29/2024 3:00,25.7,90,North North-East,8,10,0,0,101.48,0,0
8/29/2024 4:00,25.5,90,North-East,5,9,0,0,101.475,0,0
8/29/2024 5:00,25.6,90,North-East,11,14,0,0,101.49,0,0
8/29/2024 6:00,25.5,90,North North-East,7,15,0,0.116666667,101.5416667,0,0
8/29/2024 7:00,26.1,89,North-East,10,14,0,59.08333333,101.6066667,0,0
8/29/2024 8:00,26.6,86,North-East,14,18,0,254.6833333,101.665,0,0
8/29/2024 9:00,26.8,80,North-East,12,21,0,431.95,101.7133333,0,0
8/29/2024 10:00,27.2,79,North-East,13,19,0,677.6833333,101.7216667,0,0
8/29/2024 11:00,27,84,East North-East,11,17,0,729.4666667,101.7033333,0,0
8/29/2024 12:00,27,85,East,12,15,0,809.5833333,101.63,0,0
8/29/2024 13:00,25.8,90,North North-East,6,22,3.8,244.8333333,101.5716667,0,0
8/29/2024 14:00,25.1,93,East South-East,23,31,4.4,143.3666667,101.4966667,0,0
8/29/2024 15:00,25.1,93,South-East,11,30,1.6,462.4,101.4483333,0,0
8/29/2024 16:00,25.5,93,South South-East,0,17,1,119.3333333,101.4816667,0,0
8/29/2024 17:00,26,89,East North-East,8,11,0,99.66666667,101.5116667,0,0
8/29/2024 18:00,26.1,87,East,8,12,0,25.3,101.5516667,0,0
8/29/2024 19:00,26.1,88,East,9,12,0,0.016666667,101.6133333,0,0
8/29/2024 20:00,26.1,89,East North-East,7,10,0,0,101.6816667,0,0
8/29/2024 21:00,26.1,88,North-East,7,11,0,0,101.735,0,0
8/29/2024 22:00,26.1,88,North-East,9,13,0,0,101.7433333,0,0
8/29/2024 23:00,26.1,89,North-East,8,14,0,0,101.7333333,0,0
8/30/2024 0:00,25.9,88,North-East,10,13,0,0,101.7183333,0,0
8/30/2024 1:00,25.9,88,East North-East,10,14,0,0,101.6933333,0,0
8/30/2024 2:00,25.8,88,East North-East,8,12,0,0,101.6733333,0,0
8/30/2024 3:00,25.7,87,East,9,13,0,0,101.6433333,0,0
8/30/2024 4:00,25.8,87,East,10,13,0,0,101.6366667,0,0
8/30/2024 5:00,25.6,86,East,8,12,0,0,101.6516667,0,0
8/30/2024 6:00,25.5,87,East,8,11,0,0.116666667,101.7316667,0,0
8/30/2024 7:00,25.7,86,East,9,12,0,28.46666667,101.815,0,0
8/30/2024 8:00,26,84,East,8,11,0,126.4333333,101.9,0,0
8/30/2024 9:00,26.5,83,East,9,11,0,378.2,101.9383333,0,0
8/30/2024 10:00,26.8,80,East,8,11,0,471.0666667,101.9483333,0,0
8/30/2024 11:00,27.1,80,East,8,13,0,696.9166667,101.905,0,0
8/30/2024 12:00,27,81,East,10,16,0,640.0666667,101.8566667,0,0
8/30/2024 13:00,26.9,81,East,11,16,0,809.7333333,101.7833333,0,0
8/30/2024 14:00,26.8,80,East,10,15,0,780.0166667,101.6966667,0,0
8/30/2024 15:00,26.8,82,East,13,19,0,384.6333333,101.635,0,0
8/30/2024 16:00,26.5,81,East,12,18,0,218.25,101.64,0,0
8/30/2024 17:00,26.5,82,East,14,20,0,92.75,101.665,0,0
8/30/2024 18:00,26.5,82,East,12,19,0,20.5,101.7116667,0,0
8/30/2024 19:00,24.3,92,South-East,24,37,3,0,101.775,0,0
8/30/2024 20:00,25.7,86,East,23,31,3.2,0,101.84,0,0
8/30/2024 21:00,25.8,86,East South-East,25,32,0,0,101.86,0,0
8/30/2024 22:00,25.5,86,East South-East,29,37,0,0,101.8683333,0,0
8/30/2024 23:00,25.7,86,East South-East,28,37,0,0,101.855,0,0
8/31/2024 0:00,25.6,85,East South-East,31,39,0,0,101.8283333,0,0
8/31/2024 1:00,25.6,84,East South-East,32,42,0,0,101.775,0,0
8/31/2024 2:00,25.5,87,East South-East,32,42,0,0,101.7,0,0
8/31/2024 3:00,25,89,South-East,33,45,0,0,101.6433333,0,0
8/31/2024 4:00,24.6,93,East South-East,39,51,0,0,101.6283333,0,0
8/31/2024 5:00,24,92,South-East,45,61,0.4,0,101.615,0,0
8/31/2024 6:00,24,93,NA,44,58,1,0.05,101.6816667,0,0
8/31/2024 7:00,24.4,91,NA,37,60,0,18.4,101.7583333,0,0
8/31/2024 8:00,25.6,83,East South-East,46,67,0,139.9666667,101.795,0,0
8/31/2024 9:00,25.6,80,East South-East,49,64,0,363.5833333,101.805,0,0
8/31/2024 10:00,25.6,83,East South-East,49,70,0,563.9166667,101.8283333,0,0
8/31/2024 11:00,25,84,East South-East,50,68,0,705.2,101.795,0,0
8/31/2024 12:00,24.8,83,East South-East,49,74,0,714.6833333,101.75,0,0
8/31/2024 13:00,25.2,83,East South-East,51,69,0,743.9166667,101.685,0,0
8/31/2024 14:00,25.3,81,East South-East,48,71,0,758.1,101.6133333,0,0
8/31/2024 15:00,25.6,81,East South-East,50,71,0,651.15,101.55,0,0
8/31/2024 16:00,25.6,79,East South-East,52,69,0,375.2666667,101.545,0,0
8/31/2024 17:00,25.2,82,East South-East,52,71,0,207.7,101.5783333,0,0
8/31/2024 18:00,25.2,80,East South-East,53,74,0,44.06666667,101.6116667,0,0
8/31/2024 19:00,25,79,East South-East,50,72,0,0.033333333,101.6416667,0,0
8/31/2024 20:00,25,79,East South-East,50,71,0,0,101.6916667,0,0
8/31/2024 21:00,25,80,East South-East,51,71,0,0,101.7483333,0,0
8/31/2024 22:00,24.8,77,East South-East,52,70,0,0,101.755,0,0
8/31/2024 23:00,24.8,80,East South-East,47,71,0,0,101.7633333,0,0
9/1/2024 0:00,24.8,78,East South-East,49,68,0,0,101.755,0,0
9/1/2024 1:00,24.6,77,East South-East,50,69,0,0,101.7283333,0,0
9/1/2024 2:00,24.7,79,East South-East,49,67,0,0,101.7,0,0
9/1/2024 3:00,24.7,80,East South-East,49,66,0,0,101.6533333,0,0
9/1/2024 4:00,24.6,76,East South-East,48,63,0,0,101.63,0,0
9/1/2024 5:00,24.5,76,East South-East,45,65,0,0,101.63,0,0
9/1/2024 6:00,24.4,75,East South-East,48,65,0,0.166666667,101.6866667,0,0
9/1/2024 7:00,24.6,74,East South-East,49,68,0,54.01666667,101.715,0,0
9/1/2024 8:00,24.7,74,East South-East,51,67,0,245.1,101.7483333,0,0
9/1/2024 9:00,24.9,74,East South-East,52,72,0,468.0333333,101.7616667,0,0
9/1/2024 10:00,24.8,75,East South-East,53,72,0,686.8,101.7633333,0,0
9/1/2024 11:00,24.8,74,East South-East,54,72,0,788.3166667,101.7183333,0,0
9/1/2024 12:00,24.9,77,East South-East,48,73,0,872.5333333,101.66,0,0
9/1/2024 13:00,25,74,East South-East,51,68,0,764.7666667,101.5866667,0,0
9/1/2024 14:00,24.9,72,East,51,66,0,780.3333333,101.5283333,0,0
9/1/2024 15:00,24.7,78,East South-East,49,68,0,656.1333333,101.4783333,0,0
9/1/2024 16:00,25.1,75,East South-East,46,64,0,412.3666667,101.465,0,0
9/1/2024 17:00,25,78,East,45,61,0,158.3,101.5066667,0,0
9/1/2024 18:00,24.9,76,East,45,60,0,34.41666667,101.5366667,0,0
9/1/2024 19:00,24.8,77,East,45,60,0,0.016666667,101.5916667,0,0
9/1/2024 20:00,25,76,East,45,61,0,0,101.6333333,0,0
9/1/2024 21:00,24.6,78,East,46,59,0,0,101.69,0,0
9/1/2024 22:00,25,77,East South-East,42,57,0,0,101.7233333,0,0
9/1/2024 23:00,24.5,77,East South-East,41,57,0,0,101.7483333,0,0
9/2/2024 0:00,24.5,82,East South-East,39,55,0,0,101.7483333,0,0
9/2/2024 1:00,23.3,86,East,31,52,1.4,0,101.735,0,0
9/2/2024 2:00,23.4,83,East South-East,34,52,0,0,101.6683333,0,0
9/2/2024 3:00,24.6,80,East South-East,36,53,0,0,101.6066667,0,0
9/2/2024 4:00,24.2,81,East South-East,40,55,0,0,101.5466667,0,0
9/2/2024 5:00,24.6,79,East South-East,39,51,0,0,101.555,0,0
9/2/2024 6:00,24.1,84,East South-East,41,55,0,0.15,101.58,0,0
9/2/2024 7:00,24.8,80,East South-East,41,56,0,35.91666667,101.6333333,0,0
9/2/2024 8:00,24.9,78,East South-East,40,53,0,149.3333333,101.7033333,0,0
9/2/2024 9:00,25,79,East South-East,41,54,0,256.6,101.7266667,0,0
9/2/2024 10:00,24.95182107,80.47971205,East South-East,38.68814743,52.73617237,0,426.0833333,101.725,1,0
9/2/2024 11:00,25.2,77,East,42,56,0,718.35,101.6883333,0,0
9/2/2024 12:00,25.2,78,East South-East,42,55,0,758.15,101.625,0,0
9/2/2024 13:00,25.2,78,East South-East,44,56,0,830.3333333,101.5683333,0,0
9/2/2024 14:00,25,78,East South-East,42,56,0,788.7666667,101.5033333,0,0
9/2/2024 15:00,25.5,73,East,42,55,0,602.0833333,101.4616667,0,0
9/2/2024 16:00,25.4,73,East,41,57,0,446.15,101.4516667,0,0
9/2/2024 17:00,25.4,73,East,39,54,0,239.25,101.4683333,0,0
9/2/2024 18:00,25.1,79,East,38,53,0,40.16666667,101.535,0,0
9/2/2024 19:00,24.1,83,East South-East,41,54,0.2,0,101.6216667,0,0
9/2/2024 20:00,24.7,80,East,41,58,0.2,0,101.6783333,0,0
9/2/2024 21:00,24.7,82,East,42,59,0,0,101.7,0,0
9/2/2024 22:00,24.8,82,East,43,60,0,0,101.6783333,0,0
9/2/2024 23:00,24.9,77,East,45,64,0,0,101.6566667,0,0
9/3/2024 0:00,24.8,81,East,43,60,0,0,101.635,0,0
9/3/2024 1:00,24.8,80,East,45,61,0,0,101.575,0,0
9/3/2024 2:00,24.6,79,East,45,61,0,0,101.53,0,0
9/3/2024 3:00,24.7,80,East South-East,41,59,0,0,101.4633333,0,0
9/3/2024 4:00,24.6,79,East South-East,43,63,0,0,101.42,0,0
9/3/2024 5:00,24.7,75,East,44,60,0,0,101.4333333,0,0
9/3/2024 6:00,24.3,82,East,44,58,0,0.05,101.51,0,0
9/3/2024 7:00,24.7,71,East,44,57,0,28.36666667,101.6016667,0,0
9/3/2024 8:00,25,73,East,41,57,0,153.3,101.655,0,0
9/3/2024 9:00,25.3,75,East,42,57,0,424.8666667,101.6683333,0,0
9/3/2024 10:00,25.5,74,East,40,58,0,579.4166667,101.6916667,0,0
9/3/2024 11:00,25.30882041,76.57014577,East,37.23528017,49.94445203,0,641.9,101.655,1,0
9/3/2024 12:00,25.39726619,75.64591307,East,36.90900066,51.37803815,0,747.6166667,101.5816667,1,0
9/3/2024 13:00,25.6,73,East,40,53,0,719.0833333,101.525,0,0
9/3/2024 14:00,25.6,72,East,41,54,0,788.9,101.4266667,0,0
9/3/2024 15:00,25.6,74,East,38,51,0,613.1666667,101.35,0,0
9/3/2024 16:00,25.6,74,East,41,51,0,437.55,101.34,0,0
9/3/2024 17:00,25.5,77,East,38,53,0,227.0166667,101.3833333,0,0
9/3/2024 18:00,25.4,77,East,38,50,0,40.18333333,101.4633333,0,0
9/3/2024 19:00,25.5,78,East,35,48,0,0.016666667,101.5716667,0,0
9/3/2024 20:00,25.2,81,East,38,49,0,0,101.6533333,0,0
9/3/2024 21:00,25.5,78,East,36,49,0,0,101.715,0,0
9/3/2024 22:00,25.4,77,East,32,48,0,0,101.71,0,0
9/3/2024 23:00,25.5,76,East,34,45,0,0,101.745,0,0
9/4/2024 0:00,25.4,75,East,32,42,0,0,101.7216667,0,0
9/4/2024 1:00,25.1,77,East,30,42,0,0,101.6366667,0,0
9/4/2024 2:00,25.2,79,East,27,41,0,0,101.5716667,0,0
9/4/2024 3:00,24.5,81,East South-East,32,44,0,0,101.5483333,0,0
9/4/2024 4:00,24.6,80,East,32,48,0,0,101.4783333,0,0
9/4/2024 5:00,24,86,East,27,44,0,0,101.4833333,0,0
9/4/2024 6:00,24.9,80,East,32,43,0,0.05,101.5133333,0,0
9/4/2024 7:00,25,78,East,35,45,0,32.63333333,101.5783333,0,0
9/4/2024 8:00,25.4,75,East,33,46,0,220.85,101.6333333,0,0
9/4/2024 9:00,25.7,74,East,35,50,0,394.95,101.68,0,0
9/4/2024 10:00,25.8,72,East,36,46,0,700.1666667,101.6966667,0,0
9/4/2024 11:00,25.9,75,East,30,45,0,831.1,101.67,0,0
9/4/2024 12:00,25.8,72,East,30,42,0,795.7,101.6333333,0,0
9/4/2024 13:00,25.8,71,East,30,41,0,834.5166667,101.5466667,0,0
9/4/2024 14:00,25.9,75,East,27,37,0,817.2,101.4866667,0,0
9/4/2024 15:00,25.9,73,East,28,35,0,650.5166667,101.435,0,0
9/4/2024 16:00,25.8,74,East,27,36,0,418.85,101.43,0,0
9/4/2024 17:00,25.7,73,East,28,37,0,215.6833333,101.4533333,0,0
9/4/2024 18:00,25.6,72,East,28,36,0,28.23333333,101.5183333,0,0
9/4/2024 19:00,24.9,84,East,28,42,0,0,101.5916667,0,0
9/4/2024 20:00,24.6,79,East,23,49,0,0,101.6616667,0,0
9/4/2024 21:00,25.3,80,East,30,39,0,0,101.7,0,0
9/4/2024 22:00,25.4,77,East,31,39,0,0,101.68,0,0
9/4/2024 23:00,25.4,79,East,32,42,0,0,101.6683333,0,0
9/5/2024 0:00,25.3,79,East,28,44,0,0,101.6566667,0,0
9/5/2024 1:00,25.2,79,East,29,44,0,0,101.6016667,0,0
9/5/2024 2:00,25.2,77,East,28,48,0,0,101.5616667,0,0
9/5/2024 3:00,25.3,80,East,32,40,0,0,101.51,0,0
9/5/2024 4:00,25.2,78,East,28,40,0,0,101.4983333,0,0
9/5/2024 5:00,25.2,79,East,25,39,0,0,101.5116667,0,0
9/5/2024 6:00,25.1,77,East,26,35,0,0.25,101.57,0,0
9/5/2024 7:00,25.4,76,East,26,35,0,66.2,101.6566667,0,0
9/5/2024 8:00,25.6,76,East,28,36,0,256.5166667,101.685,0,0
9/5/2024 9:00,25.6,76,East,30,38,0,476.95,101.705,0,0
9/5/2024 10:00,25.2,82,East South-East,31,41,0,548.45,101.725,0,0
9/5/2024 11:00,25.3,81,East South-East,37,46,0,752.1333333,101.685,0,0
9/5/2024 12:00,25.1,81,East South-East,37,49,0,811.8166667,101.6016667,0,0
9/5/2024 13:00,24.9,81,East,35,49,0,794.7666667,101.5266667,0,0
9/5/2024 14:00,24.6,85,East South-East,30,46,0,580.55,101.4816667,0,0
9/5/2024 15:00,25.5,78,East South-East,35,45,0,582.8833333,101.4333333,0,0
9/5/2024 16:00,25.2,81,East,37,51,0,327.3666667,101.4416667,0,0
9/5/2024 17:00,25.1,79,East,36,55,0,220.5333333,101.465,0,0
9/5/2024 18:00,25.2,80,East South-East,33,51,0,31.63333333,101.5316667,0,0
9/5/2024 19:00,25.7,74,East South-East,36,47,0,0.05,101.59,0,0
9/5/2024 20:00,25.3,79,East,35,47,0,0,101.65,0,0
9/5/2024 21:00,25.3,75,East South-East,38,49,0,0,101.695,0,0
9/5/2024 22:00,25.3,76,East South-East,37,52,0,0,101.7016667,0,0
9/5/2024 23:00,25.2,78,East South-East,36,50,0,0,101.7066667,0,0
9/6/2024 0:00,25.3,78,East,36,53,0,0,101.72,0,0
9/6/2024 1:00,25.1,78,East,32,45,0,0,101.705,0,0
9/6/2024 2:00,25.1,77,East South-East,35,46,0,0,101.6383333,0,0
9/6/2024 3:00,25,75,East,34,50,0,0,101.58,0,0
9/6/2024 4:00,25,78,East,34,47,0,0,101.57,0,0
9/6/2024 5:00,25,75,East,35,45,0,0,101.585,0,0
9/6/2024 6:00,25.1,77,East,33,45,0,0.416666667,101.6133333,0,0
9/6/2024 7:00,25.1,76,East,35,49,0,74.63333333,101.6533333,0,0
9/6/2024 8:00,25.3,74,East South-East,36,48,0,289.8,101.675,0,0
9/6/2024 9:00,25.4,74,East South-East,35,49,0,488.6166667,101.7033333,0,0
9/6/2024 10:00,25.5,74,East,36,46,0,685.6833333,101.6983333,0,0
9/6/2024 11:00,25.8,72,East South-East,35,50,0,847.8666667,101.6766667,0,0
9/6/2024 12:00,25.6,76,East South-East,39,51,0,739.8166667,101.6433333,0,0
9/6/2024 13:00,25.5,78,East South-East,35,48,0,843.9833333,101.5783333,0,0
9/6/2024 14:00,25.7,81,East South-East,34,50,0,775.5333333,101.5416667,0,0
9/6/2024 15:00,25.6,80,East South-East,36,49,0,637.7,101.505,0,0
9/6/2024 16:00,25.5,79,East South-East,35,47,0,463.1,101.5,0,0
9/6/2024 17:00,25,84,East South-East,36,54,0,235.2166667,101.52,0,0
9/6/2024 18:00,24.8,84,East South-East,34,53,1,45.96666667,101.5666667,0,0
9/6/2024 19:00,24.4,87,East South-East,32,55,0,0.066666667,101.5616667,0,0
9/6/2024 20:00,24.7,84,East South-East,38,55,0,0,101.5783333,0,0
9/6/2024 21:00,25.1,83,East South-East,41,53,0,0,101.585,0,0
9/6/2024 22:00,25.1,81,East South-East,40,53,0,0,101.5666667,0,0
9/6/2024 23:00,25.1,80,East South-East,37,56,0,0,101.5433333,0,0
9/7/2024 0:00,25.2,79,East South-East,39,53,0,0,101.5183333,0,0
9/7/2024 1:00,25.2,78,East,36,55,0,0,101.4966667,0,0
9/7/2024 2:00,25.2,79,East,36,50,0,0,101.4766667,0,0
9/7/2024 3:00,25.1,80,East,36,49,0,0,101.4433333,0,0
9/7/2024 4:00,25.1,81,East South-East,37,52,0,0,101.4083333,0,0
9/7/2024 5:00,25.2,80,East South-East,37,48,0,0,101.4316667,0,0
9/7/2024 6:00,24.9,82,East South-East,37,52,0,0.316666667,101.4783333,0,0
9/7/2024 7:00,25,77,East South-East,36,50,0,78.43333333,101.5416667,0,0
9/7/2024 8:00,25.4,79,East,35,48,0,276.8333333,101.5666667,0,0
9/7/2024 9:00,25.41977966,80.78064991,East,34.69276248,46.66229434,0,529.0666667,101.5983333,1,0
9/7/2024 10:00,25.48892818,81.20950004,East,34.12023429,48.96357732,0,706.4333333,101.5916667,1,0
9/7/2024 11:00,25.6,81,East,33,48,0,784.05,101.5566667,0,0
9/7/2024 12:00,25.6,78,East,36,47,0,778.1666667,101.4833333,0,0
9/7/2024 13:00,25.8,80,East,36,47,0,592.9,101.4316667,0,0
9/7/2024 14:00,25.9,80,East,32,47,0,651.85,101.39,0,0
9/7/2024 15:00,25.6,80,East,31,43,0,482.1333333,101.335,0,0
9/7/2024 16:00,25.7,80,East South-East,31,43,0,326.9833333,101.3366667,0,0
9/7/2024 17:00,25.4,80,East South-East,31,43,0,150.75,101.38,0,0
9/7/2024 18:00,25.4,82,East South-East,31,44,0,54.26666667,101.4116667,0,0
9/7/2024 19:00,25.3,81,East South-East,35,44,0,0,101.4683333,0,0
9/7/2024 20:00,25.4,80,East South-East,35,48,0,0,101.505,0,0
9/7/2024 21:00,25.3,81,East,33,45,0,0,101.5483333,0,0
9/7/2024 22:00,25.3,80,East,33,45,0,0,101.5533333,0,0
9/7/2024 23:00,25.3,78,East,30,42,0,0,101.585,0,0
9/8/2024 0:00,25.2,78,East,27,39,0,0,101.585,0,0
9/8/2024 1:00,25.1,80,East,28,39,0,0,101.5,0,0
9/8/2024 2:00,25.1,81,East,26,38,0,0,101.4516667,0,0
9/8/2024 3:00,25.1,81,East,27,38,0,0,101.4,0,0
9/8/2024 4:00,24.7,82,East,30,40,0,0,101.3616667,0,0
9/8/2024 5:00,24.8,81,East South-East,30,42,0,0,101.3516667,0,0
9/8/2024 6:00,25.1,78,East,31,40,0,0.2,101.4,0,0
9/8/2024 7:00,25,78,East,32,42,0,24.68333333,101.4666667,0,0
9/8/2024 8:00,25.3,78,East,29,40,0,265.3666667,101.5083333,0,0
9/8/2024 9:00,25.4,75,East South-East,30,39,0,426.8166667,101.57,0,0
9/8/2024 10:00,25.4,72,East South-East,31,41,0,717.85,101.57,0,0
9/8/2024 11:00,25.5,70,East South-East,31,43,0,862.1666667,101.55,0,0
9/8/2024 12:00,25.5,70,East South-East,31,43,0,849.2166667,101.495,0,0
9/8/2024 13:00,25.5,68,East,32,44,0,837.15,101.4483333,0,0
9/8/2024 14:00,25.5,69,East,34,44,0,830.1,101.3833333,0,0
9/8/2024 15:00,25.5,71,East,32,45,0,689.0666667,101.32,0,0
9/8/2024 16:00,25.4,68,East,35,45,0,461.8666667,101.27,0,0
9/8/2024 17:00,25.2,66,East South-East,32,47,0,247.9,101.2866667,0,0
9/8/2024 18:00,25,69,East South-East,35,46,0,48.05,101.3316667,0,0
9/8/2024 19:00,24.9,69,East South-East,33,45,0,0.083333333,101.3816667,0,0
9/8/2024 20:00,24.8,68,East South-East,32,45,0,0,101.4333333,0,0
9/8/2024 21:00,24.7,71,East South-East,34,46,0,0,101.48,0,0
9/8/2024 22:00,24.6,72,East South-East,31,44,0,0,101.4866667,0,0
9/8/2024 23:00,24.5,70,East South-East,33,45,0,0,101.4883333,0,0
9/9/2024 0:00,24.7,75,East South-East,33,44,0,0,101.465,0,0
9/9/2024 1:00,24.2,78,East South-East,35,49,0,0,101.3733333,0,0
9/9/2024 2:00,23.2,81,East,36,59,0.2,0,101.32,0,0
9/9/2024 3:00,24.3,78,East South-East,36,50,0,0,101.2683333,0,0
9/9/2024 4:00,24.6,76,East South-East,37,51,0,0,101.215,0,0
9/9/2024 5:00,24.6,72,East South-East,36,48,0,0,101.2533333,0,0
9/9/2024 6:00,24.5,76,East,36,48,0.2,0.566666667,101.325,0,0
9/9/2024 7:00,24.4,78,East South-East,35,49,0,60.05,101.3766667,0,0
9/9/2024 8:00,24.7,73,East South-East,36,49,0,261.15,101.425,0,0
9/9/2024 9:00,25,77,East South-East,34,46,0,436.95,101.4583333,0,0
9/9/2024 10:00,23.6,87,East,40,54,0.4,479.2166667,101.51,0,0
9/9/2024 11:00,24.54497049,82.01571665,East South-East,31.63312255,50.9630527,0,781.1,101.4416667,1,0
9/9/2024 12:00,25.5,74,East South-East,36,49,0,851.3833333,101.3633333,0,0
9/9/2024 13:00,25.5,76,East South-East,35,49,0,703.7,101.3016667,0,0
9/9/2024 14:00,25.2,80,East South-East,32,51,0,778.55,101.23,0,0
9/9/2024 15:00,25.6,78,East South-East,32,43,0,673.6,101.2033333,0,0
9/9/2024 16:00,24.5,80,East South-East,30,53,0.6,308.9666667,101.225,0,0
9/9/2024 17:00,24.5,86,East South-East,30,42,0,191.3166667,101.2333333,0,0
9/9/2024 18:00,24.7,86,East South-East,28,40,0,48.81666667,101.2833333,0,0
9/9/2024 19:00,25.1,79,East South-East,32,43,0,0.016666667,101.3183333,0,0
9/9/2024 20:00,25.1,82,East South-East,29,39,0,0,101.355,0,0
9/9/2024 21:00,24.7,81,East South-East,34,42,0,0,101.4016667,0,0
9/9/2024 22:00,25,81,East South-East,33,43,0,0,101.4016667,0,0
9/9/2024 23:00,25.2,78,East,29,39,0,0,101.39,0,0
9/10/2024 0:00,25,80,East South-East,30,40,0,0,101.38,0,0
9/10/2024 1:00,25,74,East,33,49,0,0,101.3333333,0,0
9/10/2024 2:00,25.2,81,East,28,39,0,0,101.3016667,0,0
9/10/2024 3:00,25.3,77,East,26,38,0,0,101.2733333,0,0
9/10/2024 4:00,25.2,79,East South-East,25,37,0,0,101.2733333,0,0
9/10/2024 5:00,25.3,80,East South-East,23,32,0,0,101.29,0,0
9/10/2024 6:00,25,82,East South-East,28,37,0,0.4,101.335,0,0
9/10/2024 7:00,25.3,81,East South-East,29,37,0,45.56666667,101.3883333,0,0
9/10/2024 8:00,25.3,84,East South-East,32,43,0,182.4166667,101.4083333,0,0
9/10/2024 9:00,25.4,83,East South-East,33,44,0,255.8,101.4416667,0,0
9/10/2024 10:00,24.7,90,East South-East,35,52,0.4,298.8333333,101.445,0,0
9/10/2024 11:00,25,86,East,37,52,0,658.1166667,101.38,0,0
9/10/2024 12:00,25.5,85,East,31,48,0,779.0166667,101.275,0,0
9/10/2024 13:00,25.5,86,East South-East,26,43,0,818.4333333,101.2116667,0,0
9/10/2024 14:00,25.5,89,East South-East,30,40,0,758.6,101.1566667,0,0
9/10/2024 15:00,25.6,88,East,30,50,0.2,473.3166667,101.1283333,0,0
9/10/2024 16:00,25.6,87,East South-East,24,41,0,441.5,101.1116667,0,0
9/10/2024 17:00,25.7,90,East South-East,22,35,0.2,189.35,101.1516667,0,0
9/10/2024 18:00,25.9,87,East South-East,33,43,0,50.01666667,101.205,0,0
9/10/2024 19:00,25.4,88,East South-East,36,48,0,0.033333333,101.2516667,0,0
9/10/2024 20:00,25.7,89,East South-East,30,47,0,0,101.3016667,0,0
9/10/2024 21:00,26.1,89,East,31,42,0,0,101.3483333,0,0
9/10/2024 22:00,25.6,91,East,31,42,0,0,101.365,0,0
9/10/2024 23:00,25.7,89,East,30,42,0,0,101.37,0,0
9/11/2024 0:00,25.9,88,East,28,42,0,0,101.345,0,0
9/11/2024 1:00,25.9,88,East,26,39,0,0,101.2933333,0,0
9/11/2024 2:00,25.94080571,85.49779758,East,25.75393516,38.77757068,0,0,101.2366667,1,0
9/11/2024 3:00,25.8,87,East North-East,26,35,0,0,101.2116667,0,0
9/11/2024 4:00,25.9,87,East North-East,28,36,0,0,101.1933333,0,0
9/11/2024 5:00,25.8,87,East North-East,24,36,0,0,101.195,0,0
9/11/2024 6:00,25.8,85,East North-East,22,31,0,0.7,101.2383333,0,0
9/11/2024 7:00,26.2,84,East North-East,20,30,0,73.15,101.3066667,0,0
9/11/2024 8:00,26.3,85,East North-East,21,28,0,235.45,101.335,0,0
9/11/2024 9:00,26.5,85,East North-East,19,27,0,534.7333333,101.35,0,0
9/11/2024 10:00,26.5,85,East,21,27,0,681.3666667,101.365,0,0
9/11/2024 11:00,26.6,86,East,18,26,0,900.3333333,101.3383333,0,0
9/11/2024 12:00,26.7,85,East,17,23,0,891.0833333,101.3,0,0
9/11/2024 13:00,26.8,84,East,17,23,0,883.8333333,101.23,0,0
9/11/2024 14:00,26.9,82,East,15,23,0,710.6333333,101.1733333,0,0
9/11/2024 15:00,26.59691259,86.13071389,East North-East,15.43611519,22.02724864,0,477.7666667,101.14,1,0
9/11/2024 16:00,26.35891304,87.1110913,East North-East,16.97516948,24.63033923,0,428.7666667,101.1133333,1,0
9/11/2024 17:00,26.37177788,85.42313641,North-East,17.10445004,35.60859083,0.411324233,121.3833333,101.1566667,1,0
9/11/2024 18:00,26.17880527,85.83059292,North-East,16.79048296,24.89442088,0.097934341,19.61666667,101.215,1,0
9/11/2024 19:00,26.73520963,83.82536957,East North-East,18.82819085,26.4034589,0,0.05,101.2633333,1,0
9/11/2024 20:00,26.88797961,83.49246983,East North-East,20.77971169,28.93109759,0,0,101.32,1,0
9/11/2024 21:00,26.83330404,83.15848052,East North-East,20.1394651,28.36520833,0,0,101.405,1,0
9/11/2024 22:00,26.81400677,82.74764818,East North-East,19.51768717,28.85564569,0,0,101.4116667,1,0
9/11/2024 23:00,26.66927732,83.4368931,East North-East,14.64196317,22.06497459,0,0,101.3966667,1,0
9/12/2024 0:00,26.14503506,85.56056455,East,16.53192184,32.77914454,0,0,101.365,1,0
9/12/2024 1:00,25.4615904,86.15533393,East South-East,19.70237368,32.17552933,0,0,101.3016667,1,0
9/12/2024 2:00,25.75748173,86.90059878,East North-East,22.0755954,31.79826983,1.214385829,0,101.2683333,1,0
9/12/2024 3:00,26.22544031,84.17362375,East North-East,23.2945264,34.66544207,0,0,101.2266667,1,0
9/12/2024 4:00,25.99708939,83.89207666,East North-East,27.90861117,42.73879548,0,0,101.2,1,0
9/12/2024 5:00,25.89899498,84.71198198,East North-East,27.1329278,39.15483018,0,0,101.2366667,1,0
9/12/2024 6:00,25.54521185,86.11407791,East,26.76971099,40.5129644,0.705127255,0.133333333,101.3033333,1,0
9/12/2024 7:00,25.6529549,84.91821051,East,26.51114987,37.0799029,0,24,101.3633333,1,0
9/12/2024 8:00,25.36992841,85.95423246,East,28.10561012,44.47418921,0,107.6333333,101.4266667,1,0
9/12/2024 9:00,26.4,84,East,30,39,0,257.7833333,101.4616667,0,0
9/12/2024 10:00,26.5,81,East,31,40,0,705.2833333,101.4683333,0,0
9/12/2024 11:00,26.7,82,East,31,40,0,839.0833333,101.4333333,0,0
9/12/2024 12:00,26.6,82,East,31,40,0,820.0166667,101.3583333,0,0
9/12/2024 13:00,26.8,82,East,30,39,0,819.7666667,101.29,0,0
9/12/2024 14:00,26.6,80,East,29,39,0,743.9,101.2316667,0,0
9/12/2024 15:00,26.7,82,East,32,39,0,456.5166667,101.1933333,0,0
9/12/2024 16:00,26.55349375,82.86369581,East,29.86013201,40.06025299,0,410.3,101.145,1,0
9/12/2024 17:00,26.6,83,East,30,39,0,133.85,101.1716667,0,0
9/12/2024 18:00,26.5,81,East,31,40,0,29.53333333,101.2383333,0,0
9/12/2024 19:00,26.4,82,East,32,41,0,0.016666667,101.2983333,0,0
9/12/2024 20:00,26.3,83,East,30,40,0,0,101.3433333,0,0
9/12/2024 21:00,26.4,85,East,30,41,0,0,101.3833333,0,0
9/12/2024 22:00,26.1,84,East,28,39,0,0,101.395,0,0
9/12/2024 23:00,26,84,East,29,40,0,0,101.3716667,0,0
9/13/2024 0:00,26,86,East,31,42,0,0,101.3416667,0,0
9/13/2024 1:00,25.9,85,East,32,44,0,0,101.29,0,0
9/13/2024 2:00,25.4,90,East,37,50,0,0,101.1883333,0,0
9/13/2024 3:00,25,89,East,35,48,0,0,101.1483333,0,0
9/13/2024 4:00,25.2,89,East,32,49,0,0,101.1133333,0,0
9/13/2024 5:00,25.7,82,East,33,49,0,0,101.1183333,0,0
9/13/2024 6:00,25.8,80,East,35,45,0,0.55,101.1916667,0,0
9/13/2024 7:00,25.9,76,East,34,46,0,43.3,101.28,0,0
9/13/2024 8:00,26.2,77,East,32,44,0,305.2666667,101.3283333,0,0
9/13/2024 9:00,26.3,77,East,33,45,0,487.8833333,101.3483333,0,0
9/13/2024 10:00,26.3,77,East North-East,33,45,0,692.45,101.34,0,0
9/13/2024 11:00,26.6,77,East North-East,31,44,0,851.8666667,101.3116667,0,0
9/13/2024 12:00,26.4,77,East North-East,31,40,0,912.0833333,101.225,0,0
9/13/2024 13:00,26.6,76,East North-East,27,40,0,858.2,101.1383333,0,0
9/13/2024 14:00,26.4,77,East North-East,27,35,0,833.0666667,101.0616667,0,0
9/13/2024 15:00,26.4,76,East,24,33,0,672.15,100.99,0,0
9/13/2024 16:00,26.5,78,East,28,35,0,457.4,100.9766667,0,0
9/13/2024 17:00,26.5,79,East,26,35,0,241.6666667,100.985,0,0
9/13/2024 18:00,26,79,East,25,34,0,45.98333333,101.0466667,0,0
9/13/2024 19:00,26,80,East,23,32,0,0.066666667,101.12,0,0
9/13/2024 20:00,26,80,East,22,28,0,0,101.1966667,0,0
9/13/2024 21:00,26,81,East North-East,22,29,0,0,101.24,0,0
9/13/2024 22:00,25.8,83,East,22,32,0,0,101.2216667,0,0
9/13/2024 23:00,26,84,East,24,31,0,0,101.195,0,0
9/14/2024 0:00,25.9,85,East,24,31,0,0,101.1633333,0,0
9/14/2024 1:00,25.9,86,East,23,32,0,0,101.1166667,0,0
9/14/2024 2:00,25.9,87,East North-East,24,31,0,0,101.06,0,0
9/14/2024 3:00,25.9,87,East North-East,23,31,0,0,101.0166667,0,0
9/14/2024 4:00,25.9,87,East North-East,24,34,0,0,100.9733333,0,0
9/14/2024 5:00,26,87,East North-East,25,32,0,0,100.9833333,0,0
9/14/2024 6:00,25.9,86,East North-East,24,33,0,0.883333333,101.0316667,0,0
9/14/2024 7:00,26.3,86,North-East,23,31,0,50.33333333,101.0866667,0,0
9/14/2024 8:00,26.5,85,North-East,23,32,0,203.6,101.1366667,0,0
9/14/2024 9:00,26.9,82,North North-East,25,33,0,442.3833333,101.1333333,0,0
9/14/2024 10:00,26.73199341,85.62148357,North North-East,18.43419295,27.95022288,0,578.5,101.135,1,0
9/14/2024 11:00,27.4,80,North North-East,18,31,0,456.0166667,101.1033333,0,0
9/14/2024 12:00,27.5,80,North,17,32,0,558.75,101.0033333,0,0
9/14/2024 13:00,28.5,76,North,18,34,0,666.9,100.9416667,0,0
9/14/2024 14:00,27.6,78,North,18,31,0,514.3833333,100.8616667,0,0
9/14/2024 15:00,26.3,86,North North-West,13,29,1.4,145.6,100.8483333,0,0
9/14/2024 16:00,23.5,95,North,32,52,28.2,30.33333333,100.8883333,0,0
9/14/2024 17:00,22.7,96,NA,5,37,19.3,34.51666667,100.9966667,0,0
9/14/2024 18:00,22.6,96,NA,4,13,11.6,0.9,101.115,0,0
9/14/2024 19:00,23.3,95,NA,22,29,10.9,0,101.125,0,0
9/14/2024 20:00,23.6,94,NA,24,32,1.2,0,101.1616667,0,0
9/14/2024 21:00,23.9,92,NA,28,33,0.2,0,101.2266667,0,0
9/14/2024 22:00,23.9,90,NA,25,36,0,0,101.2266667,0,0
9/14/2024 23:00,24.3,91,East North-East,27,33,0,0,101.1983333,0,0
9/15/2024 0:00,24.1,90,North-East,20,33,0.2,0,101.1516667,0,0
9/15/2024 1:00,23.9,89,North,12,30,0,0,101.1016667,0,0
9/15/2024 2:00,24.2,87,North,10,21,0,0,101.0516667,0,0
9/15/2024 3:00,24,88,North North-West,7,20,0,0,101.0216667,0,0
9/15/2024 4:00,24.2,88,North,5,12,0,0,100.9933333,0,0
9/15/2024 5:00,24.3,88,North,6,12,0,0,100.995,0,0
9/15/2024 6:00,24.3,89,North,6,12,0,0.9,101.025,0,0
9/15/2024 7:00,25.4,84,North,6,14,0,79.68333333,101.0666667,0,0
9/15/2024 8:00,26.6,77,North-West,4,12,0,288.1333333,101.1283333,0,0
9/15/2024 9:00,27.4,74,West,6,12,0,522.2166667,101.1983333,0,0
9/15/2024 10:00,27.9,73,West,6,14,0,689.3666667,101.2216667,0,0
9/15/2024 11:00,27.8,72,South South-East,3,13,0,619.2333333,101.19,0,0
9/15/2024 12:00,26.8,75,East,8,12,0,452.9666667,101.1283333,0,0
9/15/2024 13:00,26.8,77,East North-East,6,16,0,491.4333333,101.05,0,0
9/15/2024 14:00,26.7,79,East,7,13,0,351.0833333,101,0,0
9/15/2024 15:00,26.3,83,East South-East,5,13,0,102.6666667,100.9716667,0,0
9/15/2024 16:00,24.9,93,South,10,22,3.2,43.3,100.945,0,0
9/15/2024 17:00,24.3,93,South South-West,6,18,4.6,28.36666667,100.9833333,0,0
9/15/2024 18:00,24.1,92,East,4,30,9.4,4.616666667,101.0666667,0,0
9/15/2024 19:00,24.4,92,North North-East,10,20,0,0,101.1316667,0,0
9/15/2024 20:00,25.5,90,East North-East,23,29,0,0,101.1716667,0,0
9/15/2024 21:00,25.1,90,North-East,15,28,0,0,101.205,0,0
9/15/2024 22:00,25.3,87,North-East,25,30,0.2,0,101.1766667,0,0
9/15/2024 23:00,25.6,89,East North-East,11,30,0,0,101.1883333,0,0
9/16/2024 0:00,25.5,88,East,15,22,0,0,101.1433333,0,0
9/16/2024 1:00,25.8,87,East,15,20,0,0,101.11,0,0
9/16/2024 2:00,25.7,87,East,7,18,0,0,101.075,0,0
9/16/2024 3:00,25.8,88,East,9,14,0,0,101.0733333,0,0
9/16/2024 4:00,25.9,89,East,15,19,0,0,101.0716667,0,0
9/16/2024 5:00,25.8,88,East,15,21,0,0,101.0633333,0,0
9/16/2024 6:00,26,88,East,16,23,0,0.383333333,101.0983333,0,0
9/16/2024 7:00,26.1,86,East South-East,18,23,0,33.43333333,101.1833333,0,0
9/16/2024 8:00,26.5,86,East,23,29,0,216.8833333,101.2216667,0,0
9/16/2024 9:00,26.5,86,East,21,30,0,519.9166667,101.2866667,0,0
9/16/2024 10:00,26.5,85,East,22,28,0,401.3833333,101.32,0,0
9/16/2024 11:00,26.6,86,East North-East,15,29,0,439.05,101.3033333,0,0
9/16/2024 12:00,26.5,86,East North-East,14,23,0,145.9666667,101.2966667,0,0
9/16/2024 13:00,26,85,East North-East,12,18,0,173.4833333,101.22,0,0
9/16/2024 14:00,26.1,89,East North-East,12,16,0,166.9666667,101.1583333,0,0
9/16/2024 15:00,26,89,North,2,17,0,100.9333333,101.1633333,0,0
9/16/2024 16:00,25.7,89,East North-East,5,11,0,49.36666667,101.1783333,0,0
9/16/2024 17:00,26,91,East,25,32,0,118.6166667,101.1,0,0
9/16/2024 18:00,26.1,88,East,17,37,0,21.43333333,101.05,0,0
9/16/2024 19:00,26.2,87,East,9,15,0,0,101.2116667,0,0
9/16/2024 20:00,26.1,89,East,13,19,0,0,101.325,0,0
9/16/2024 21:00,25.7,89,North-East,9,16,0,0,101.4033333,0,0
9/16/2024 22:00,25.8,88,East,13,21,0,0,101.3966667,0,0
9/16/2024 23:00,25.6,87,East,22,27,0,0,101.3633333,0,0
9/17/2024 0:00,26.1,88,East North-East,13,24,0,0,101.34,0,0
9/17/2024 1:00,26.1,88,East,14,19,0,0,101.3133333,0,0
9/17/2024 2:00,26,89,East,17,23,0,0,101.2866667,0,0
9/17/2024 3:00,26,90,East,19,24,0,0,101.2333333,0,0
9/17/2024 4:00,26.1,89,East,21,27,0,0,101.1966667,0,0
9/17/2024 5:00,26.1,88,East North-East,19,28,0,0,101.23,0,0
9/17/2024 6:00,26.1,89,North-East,15,23,0,0.7,101.315,0,0
9/17/2024 7:00,26.1,87,North-East,18,25,0,43.38333333,101.3933333,0,0
9/17/2024 8:00,26.6,84,East North-East,15,22,0,186.7,101.47,0,0
9/17/2024 9:00,26.8,84,East North-East,13,19,0,310.1666667,101.54,0,0
9/17/2024 10:00,26.5,86,North-East,13,18,0.2,179.1833333,101.58,0,0
9/17/2024 11:00,26.8,86,East North-East,15,20,0,536.0666667,101.48,0,0
9/17/2024 12:00,26.9,86,East North-East,15,21,0,530.9,101.4116667,0,0
9/17/2024 13:00,27.2,83,East North-East,14,22,0,571.6166667,101.3166667,0,0
9/17/2024 14:00,27.1,85,North-East,15,22,0,531.3166667,101.2216667,0,0
9/17/2024 15:00,27.1,83,North-East,13,22,0,358.2833333,101.205,0,0
9/17/2024 16:00,27.2,84,North-East,14,21,0,234.3166667,101.2333333,0,0
9/17/2024 17:00,27.01662802,83.97849857,North North-East,12.19178874,18.97144665,0,140.0333333,101.28,1,0
9/17/2024 18:00,26.9,84,North North-East,8,16,0,35.85,101.3133333,0,0
9/17/2024 19:00,26.8,87,East North-East,9,14,0,0,101.385,0,0
9/17/2024 20:00,26.7,86,East,10,14,0,0,101.4533333,0,0
9/17/2024 21:00,25.8,88,East,13,23,0,0,101.5083333,0,0
9/17/2024 22:00,25.8,86,East,17,24,0,0,101.5366667,0,0
9/17/2024 23:00,26,83,East,15,21,0,0,101.5116667,0,0
9/18/2024 0:00,25.9,82,East North-East,14,20,0,0,101.4666667,0,0
9/18/2024 1:00,26.2,88,East North-East,12,19,0,0,101.425,0,0
9/18/2024 2:00,26.1,89,East North-East,15,21,0,0,101.39,0,0
9/18/2024 3:00,26,89,East North-East,15,19,0,0,101.3583333,0,0
9/18/2024 4:00,26,87,East North-East,13,19,0,0,101.32,0,0
9/18/2024 5:00,26.1,87,East North-East,13,18,0,0,101.3283333,0,0
9/18/2024 6:00,26,87,East North-East,14,19,0,1.35,101.3916667,0,0
9/18/2024 7:00,26.3,84,East North-East,14,21,0,83.33333333,101.46,0,0
9/18/2024 8:00,26.8,83,East North-East,14,20,0,303.5666667,101.4833333,0,0
9/18/2024 9:00,27,82,North-East,14,20,0,524.75,101.5283333,0,0
9/18/2024 10:00,27.2,82,East North-East,14,25,0,636.3166667,101.5566667,0,0
9/18/2024 11:00,27.2,80,East North-East,17,24,0,906.45,101.5333333,0,0
9/18/2024 12:00,27.5,81,North-East,17,24,0,972.1333333,101.475,0,0
9/18/2024 13:00,27.2,82,North-East,19,26,0,611.1666667,101.4083333,0,0
9/18/2024 14:00,27.3,81,North-East,17,25,0,580.6,101.3266667,0,0
9/18/2024 15:00,27.3,79,North-East,16,24,0,588.2,101.27,0,0
9/18/2024 16:00,27.4,78,North-East,15,23,0,480.3,101.2483333,0,0
9/18/2024 17:00,27.1,79,North-East,14,21,0,238.6166667,101.2583333,0,0
9/18/2024 18:00,26.8,81,North-East,13,23,0,40.45,101.2983333,0,0
9/18/2024 19:00,26.7,84,North-East,15,22,0,0.083333333,101.3783333,0,0
9/18/2024 20:00,26.7,84,North-East,13,19,0,0,101.4416667,0,0
9/18/2024 21:00,26.5,84,North-East,13,19,0,0,101.4666667,0,0
9/18/2024 22:00,26.5,86,North-East,14,19,0,0,101.485,0,0
9/18/2024 23:00,26.3,85,East North-East,12,19,0,0,101.4833333,0,0
9/19/2024 0:00,26.3,86,East North-East,12,17,0,0,101.4716667,0,0
9/19/2024 1:00,26.4,84,North-East,14,19,0,0,101.44,0,0
9/19/2024 2:00,26.2,84,North-East,15,19,0,0,101.3916667,0,0
9/19/2024 3:00,26,84,East North-East,11,19,0,0,101.3466667,0,0
9/19/2024 4:00,26.1,85,East North-East,11,16,0,0,101.315,0,0
9/19/2024 5:00,25.9,85,East North-East,12,16,0,0,101.3066667,0,0
9/19/2024 6:00,25.9,85,North-East,12,17,0,1.983333333,101.3533333,0,0
9/19/2024 7:00,26.5,84,North-East,13,19,0,72.36666667,101.42,0,0
9/19/2024 8:00,26.4,84,East North-East,11,19,0,189.8666667,101.465,0,0
9/19/2024 9:00,27.2,80,East North-East,12,21,0,490.6833333,101.4883333,0,0
9/19/2024 10:00,27.3,81,East North-East,14,19,0,621.45,101.4933333,0,0
9/19/2024 11:00,27.5,73,North-East,14,21,0,782.65,101.45,0,0
9/19/2024 12:00,27.00858749,81.57035096,North-East,12.99825319,21.23500368,0,959.15,101.3916667,1,0
9/19/2024 13:00,27.8,74,North-East,10,21,0,890.0833333,101.3333333,0,0
9/19/2024 14:00,27.8,74,North-East,10,18,0,860.2666667,101.2666667,0,0
9/19/2024 15:00,27.9,72,North-East,10,17,0,696.55,101.2216667,0,0
9/19/2024 16:00,27.7,72,North-East,6,18,0,465.9333333,101.1983333,0,0
9/19/2024 17:00,27.4,75,East North-East,9,15,0,253.1166667,101.215,0,0
9/19/2024 18:00,27,80,North-East,13,18,0,49.03333333,101.2433333,0,0
9/19/2024 19:00,26.7,80,North North-East,9,20,0,0.033333333,101.2783333,0,0
9/19/2024 20:00,26.6,79,North North-East,6,15,0,0,101.355,0,0
9/19/2024 21:00,26.7,80,North-East,8,12,0,0,101.39,0,0
9/19/2024 22:00,26.3,81,North North-East,4,16,0,0,101.3966667,0,0
9/19/2024 23:00,26,84,North North-West,8,12,0,0,101.3783333,0,0
9/20/2024 0:00,26.1,85,North North-West,5,12,0,0,101.375,0,0
9/20/2024 1:00,26.3,82,East,5,10,0,0,101.3666667,0,0
9/20/2024 2:00,26.2,82,East South-East,5,9,0,0,101.3216667,0,0
9/20/2024 3:00,26.1,83,East South-East,7,10,0,0,101.2683333,0,0
9/20/2024 4:00,26.1,83,East South-East,8,11,0,0,101.265,0,0
9/20/2024 5:00,26.1,84,East South-East,7,10,0,0,101.285,0,0
9/20/2024 6:00,26.2,83,East South-East,8,10,0,1.383333333,101.3516667,0,0
9/20/2024 7:00,27,78,East,7,13,0,154.5833333,101.405,0,0
9/20/2024 8:00,27.4,79,East North-East,9,14,0,341.8333333,101.4433333,0,0
9/20/2024 9:00,27.3,77,East,10,14,0,517.4333333,101.5116667,0,0
9/20/2024 10:00,28,83.32568439,East North-East,10,15,0,762.7333333,101.5333333,1,0
9/20/2024 11:00,27.7,77,East North-East,12.91206615,19.38643211,0,896.9,101.5066667,1,0
9/20/2024 12:00,27.5,77,East,10,17,0,848.7666667,101.4433333,0,0
9/20/2024 13:00,27.7,73,East,8,14,0,892.7,101.375,0,0
9/20/2024 14:00,27.2,71,East,10,14,0,444.5166667,101.32,0,0
9/20/2024 15:00,27.8,69,East,9,15,0,565.25,101.2416667,0,0
9/20/2024 16:00,27.6,75,East,8,14,0,358.7833333,101.2316667,0,0
9/20/2024 17:00,27.4,75,East South-East,10,15,0,257.35,101.2683333,0,0
9/20/2024 18:00,26.9,79,East South-East,10,18,0,60.38333333,101.3266667,0,0
9/20/2024 19:00,26.9,77,East South-East,11,16,0,0.05,101.38,0,0
9/20/2024 20:00,26.9,78,East South-East,13,18,0,0,101.4333333,0,0
9/20/2024 21:00,26.7,85,East South-East,19,26,0,0,101.4716667,0,0
9/20/2024 22:00,26.2,87,East South-East,23,33,0,0,101.4716667,0,0
9/20/2024 23:00,25.9,89,East South-East,24,32,0,0,101.4583333,0,0
9/21/2024 0:00,25.9,86,East South-East,21,32,0,0,101.4183333,0,0
9/21/2024 1:00,26.1,87,East South-East,18,26,0,0,101.37,0,0
9/21/2024 2:00,26,84,East South-East,18,24,0,0,101.3183333,0,0
9/21/2024 3:00,26.1,82,East South-East,16,23,0,0,101.285,0,0
9/21/2024 4:00,25.9,84,East South-East,16,22,0,0,101.2816667,0,0
9/21/2024 5:00,25.9,83,East,17,22,0,0,101.29,0,0
9/21/2024 6:00,26.1,83,East,17,22,0,1.666666667,101.3366667,0,0
9/21/2024 7:00,26,84,East,16,22,0,70.63333333,101.3966667,0,0
9/21/2024 8:00,25.8,87,East South-East,19,28,0,247,101.46,0,0
9/21/2024 9:00,25.8,86,East South-East,18,33,0.6,489.8,101.5016667,0,0
9/21/2024 10:00,25.5,87,East South-East,20,28,0,509.9333333,101.54,0,0
9/21/2024 11:00,25.9,87,East South-East,12,25,0,478.1,101.5133333,0,0
9/21/2024 12:00,26.7,81,East,14,20,0,447.9333333,101.4333333,0,0
9/21/2024 13:00,26.8,82,East,17,23,0,456.5833333,101.3433333,0,0
9/21/2024 14:00,26.9,80,East North-East,15,22,0,430.1333333,101.28,0,0
9/21/2024 15:00,26.8,77,East North-East,14,21,0,454.75,101.1916667,0,0
9/21/2024 16:00,26.6,80,North-East,10,18,0,297.4333333,101.2016667,0,0
9/21/2024 17:00,26.8,80,North North-East,6,14,0,152.0166667,101.2433333,0,0
9/21/2024 18:00,26.5,85,East South-East,11,22,0,19.71666667,101.3283333,0,0
9/21/2024 19:00,25.4,89,South-East,24,29,0.2,0,101.3866667,0,0
9/21/2024 20:00,25.3,90,East,27,33,0,0,101.4516667,0,0
9/21/2024 21:00,24.7,90,North North-East,20,37,0.4,0,101.4533333,0,0
9/21/2024 22:00,25,86,North North-East,11,26,0.2,0,101.4616667,0,0
9/21/2024 23:00,25.4,82,East North-East,10,18,0,0,101.4416667,0,0
9/22/2024 0:00,25.8,80,East,7,13,0,0,101.395,0,0
9/22/2024 1:00,25.7,82,East,7,11,0,0,101.3416667,0,0
9/22/2024 2:00,25.1,84,East South-East,4,8,0.2,0,101.2933333,0,0
9/22/2024 3:00,25,86,South,7,11,0,0,101.255,0,0
9/22/2024 4:00,25.4,84,South South-East,10,14,0,0,101.235,0,0
9/22/2024 5:00,25.5,84,South-East,10,18,0,0,101.25,0,0
9/22/2024 6:00,25.7,84,South-East,10,15,0,2.383333333,101.285,0,0
9/22/2024 7:00,25.8,85,East North-East,13,19,0,56.78333333,101.3233333,0,0
9/22/2024 8:00,26.2,82,East North-East,11,15,0,149.5,101.3983333,0,0
9/22/2024 9:00,27,77,North-East,9,17,0,438.6833333,101.4233333,0,0
9/22/2024 10:00,27.3,75,East North-East,12,17,0,489.8833333,101.43,0,0
9/22/2024 11:00,26.9,79,East North-East,11,21,0,755.5666667,101.3783333,0,0
9/22/2024 12:00,26.9,77,East,11,15,0,982.85,101.3133333,0,0
9/22/2024 13:00,27.9,74,East North-East,10,19,0,893.8,101.2416667,0,0
9/22/2024 14:00,27.5,76,East,10,17,0,651.5,101.1833333,0,0
9/22/2024 15:00,27.5,77,North-East,10,24,0,440.9,101.1366667,0,0
9/22/2024 16:00,26.7,78,North-East,8,28,2.2,175.7166667,101.135,0,0
9/22/2024 17:00,27.3,78,East North-East,8,15,0,151.3166667,101.16,0,0
9/22/2024 18:00,26.2,86,East,14,19,0,44.21666667,101.21,0,0
9/22/2024 19:00,25.6,81,East South-East,13,19,0.4,0.016666667,101.2716667,0,0
9/22/2024 20:00,25.8,85,East North-East,17,24,6.6,0,101.3533333,0,0
9/22/2024 21:00,25.9,81,East,8,24,0,0,101.385,0,0
9/22/2024 22:00,25.5,85,East,14,18,0,0,101.4016667,0,0
9/22/2024 23:00,25.2,86,East,5,24,0,0,101.375,0,0
9/23/2024 0:00,25.5,87,East South-East,6,10,0,0,101.3483333,0,0
9/23/2024 1:00,24.4,91,South-East,4,10,0,0,101.3016667,0,0
9/23/2024 2:00,25.5,87,East South-East,12,17,0,0,101.255,0,0
9/23/2024 3:00,25.6,86,East,5,11,0,0,101.2033333,0,0
9/23/2024 4:00,26.1,80,North-East,9,13,0,0,101.18,0,0
9/23/2024 5:00,26.2,83,North-East,14,18,0,0,101.1933333,0,0
9/23/2024 6:00,26,80,North-East,15,22,0,4.233333333,101.2383333,0,0
9/23/2024 7:00,26.5,79,North-East,13,19,0,99.4,101.2916667,0,0
9/23/2024 8:00,27.2,77,North-East,13,19,0,317.7333333,101.3566667,0,0
9/23/2024 9:00,27.5,76,North-East,12,19,0,601.0833333,101.425,0,0
9/23/2024 10:00,27.1,77,North-East,17,27,0,549.3166667,101.4433333,0,0
9/23/2024 11:00,25.9,87,East North-East,26,37,0,830.85,101.43,0,0
9/23/2024 12:00,25.7,82,East North-East,6,32,0,460.8333333,101.39,0,0
9/23/2024 13:00,27.4,78,North,17,27,0,675.35,101.31,0,0
9/23/2024 14:00,26.2,86,East North-East,17,31,0,526.5333333,101.2466667,0,0
9/23/2024 15:00,27.3,78,North North-East,21,34,0.2,463.2833333,101.2133333,0,0
9/23/2024 16:00,26.3,82,North,22,35,0,494.9666667,101.185,0,0
9/23/2024 17:00,25.9,84,North,18,32,0,221.0833333,101.2483333,0,0
9/23/2024 18:00,25.4,86,North,15,28,0,46.66666667,101.3083333,0,0
9/23/2024 19:00,25.1,85,North North-West,9,23,0,0.066666667,101.3883333,0,0
9/23/2024 20:00,25.6,86,North,9,15,0,0,101.45,0,0
9/23/2024 21:00,25.6,84,North North-East,6,13,0,0,101.455,0,0
9/23/2024 22:00,25.4,84,East North-East,3,10,0,0,101.44,0,0
9/23/2024 23:00,24.9,88,West South-West,5,8,0,0,101.4116667,0,0
9/24/2024 0:00,25.6,84,East South-East,6,11,0,0,101.3883333,0,0
9/24/2024 1:00,25.8,83,East North-East,11,15,0,0,101.3266667,0,0
9/24/2024 2:00,26,81,East North-East,10,14,0,0,101.2583333,0,0
9/24/2024 3:00,26.2,80,East,9,12,0,0,101.21,0,0
9/24/2024 4:00,26.1,80,East North-East,10,15,0,0,101.1916667,0,0
9/24/2024 5:00,26.1,83,East North-East,13,19,0,0,101.2183333,0,0
9/24/2024 6:00,26.3,84,East North-East,12,16,0,2.716666667,101.28,0,0
9/24/2024 7:00,26.8,82,East North-East,13,18,0,115.0333333,101.3383333,0,0
9/24/2024 8:00,27.1,81,East,13,19,0,318.6833333,101.375,0,0
9/24/2024 9:00,27.1,80,East North-East,12,21,0,519.2166667,101.4116667,0,0
9/24/2024 10:00,27.3,77,East North-East,18,22,0,687.2166667,101.42,0,0
9/24/2024 11:00,27.5,76,East North-East,19,26,0,831.9666667,101.39,0,0
9/24/2024 12:00,27.4,73,East North-East,15,25,0,951.2833333,101.325,0,0
9/24/2024 13:00,27.6,75,East North-East,12,21,0,883.5166667,101.2583333,0,0
9/24/2024 14:00,27.4,73,East,12,18,0,765.25,101.2083333,0,0
9/24/2024 15:00,27.6,74,East,15,21,0,700.8666667,101.16,0,0
9/24/2024 16:00,27.5,73,East North-East,13,20,0,485.55,101.1616667,0,0
9/24/2024 17:00,27.4,75,East North-East,11,22,0,259.4166667,101.2033333,0,0
9/24/2024 18:00,26.9,78,East North-East,10,17,0,47.35,101.2716667,0,0
9/24/2024 19:00,27,79,East,10,18,0,0.116666667,101.3466667,0,0
9/24/2024 20:00,26.9,79,East,10,16,0,0,101.4066667,0,0
9/24/2024 21:00,26.9,80,East,14,19,0,0,101.4566667,0,0
9/24/2024 22:00,26.9,82,East South-East,14,19,0,0,101.4433333,0,0
9/24/2024 23:00,26.7,83,East South-East,14,19,0,0,101.4283333,0,0
9/25/2024 0:00,26.7,83,East South-East,15,21,0,0,101.4033333,0,0
9/25/2024 1:00,26.6,84,East,18,24,0,0,101.3433333,0,0
9/25/2024 2:00,26.7,85,East,21,27,0,0,101.2966667,0,0
9/25/2024 3:00,26.6,84,East,15,23,0,0,101.2783333,0,0
9/25/2024 4:00,26.5,85,East,16,23,0,0,101.285,0,0
9/25/2024 5:00,26.6,84,East,15,21,0,0,101.3366667,0,0
9/25/2024 6:00,26.7,84,East South-East,14,20,0,2.55,101.405,0,0
9/25/2024 7:00,26.5,87,East South-East,17,22,0,44.71666667,101.4683333,0,0
9/25/2024 8:00,27,84,East South-East,18,24,1,333.1666667,101.5016667,0,0
9/25/2024 9:00,27.1,86,East,18,24,0,552.1666667,101.54,0,0
9/25/2024 10:00,25.4,91,East South-East,24,37,6.6,278.5166667,101.56,0,0
9/25/2024 11:00,24.9,93,NA,18,26,20.1,82.33333333,101.575,0,0
9/25/2024 12:00,23.6,91,NA,22,37,14.5,147.0333333,101.5133333,0,0
9/25/2024 13:00,24.9,92,NA,14,24,11.5,218.35,101.4566667,0,0
9/25/2024 14:00,25.4,94,NA,14,23,0,226.15,101.4116667,0,0
9/25/2024 15:00,25.3,90,NA,9,19,0.2,68.5,101.4,0,0
9/25/2024 16:00,25.4,90,NA,10,14,1.6,60.73333333,101.3983333,0,0
9/25/2024 17:00,25.7,90,NA,11,18,1.4,42.05,101.4233333,0,0
9/25/2024 18:00,26.1,89,NA,15,19,0,14.45,101.46,0,0
9/25/2024 19:00,26.4,88,East South-East,12,22,0,0,101.5366667,0,0
9/25/2024 20:00,26.28815641,86.97547379,East South-East,13,19,0,0,101.6,1,0
9/25/2024 21:00,26.52776407,85.82620325,East South-East,14,17,0,0,101.6433333,1,0
9/25/2024 22:00,26.6,89,East South-East,13,22.78176765,0,0,101.6616667,1,0
9/25/2024 23:00,26.6,87,East South-East,14,19,0,0,101.6616667,0,0
9/26/2024 0:00,26.8,85,East North-East,13,19,0,0,101.64,0,0
9/26/2024 1:00,26.8,86,East North-East,13,18,0,0,101.5916667,0,0
9/26/2024 2:00,26.7,86,East,12,16,0,0,101.55,0,0
9/26/2024 3:00,26.5,86,East,13,27,2,0,101.5166667,0,0
9/26/2024 4:00,26.5,86,East North-East,15,19,0,0,101.4933333,0,0
9/26/2024 5:00,26.5,87,East,15,19,0,0,101.5216667,0,0
9/26/2024 6:00,26.5,87,East North-East,14,21,0,2.633333333,101.5683333,0,0
9/26/2024 7:00,26.9,85,East North-East,17,21,0,122.3666667,101.6066667,0,0
9/26/2024 8:00,27.3,83,East North-East,15,19,0,333.5,101.6483333,0,0
9/26/2024 9:00,27.2,84,East North-East,18,23,0,589.9,101.6583333,0,0
9/26/2024 10:00,27.4,83,East North-East,18,23,0,780.1166667,101.6516667,0,0
9/26/2024 11:00,27.5,82,East North-East,16,23,0,914.4666667,101.6383333,0,0
9/26/2024 12:00,27.8,85,East North-East,17,22,0,976.5833333,101.57,0,0
9/26/2024 13:00,27.9,81,East North-East,19,24,0,918.5333333,101.4833333,0,0
9/26/2024 14:00,27.8,81,East North-East,17,25,0,867.7,101.42,0,0
9/26/2024 15:00,28.1,80,East,14,23,0,676.8333333,101.395,0,0
9/26/2024 16:00,28.3,80,East North-East,17,21,0,493.3666667,101.3916667,0,0
9/26/2024 17:00,27.9,79,East North-East,15,22,0,257.1166667,101.42,0,0
9/26/2024 18:00,27.6,80,East North-East,14,21,0,55.03333333,101.5133333,0,0
9/26/2024 19:00,27.4,81,East North-East,16,22,0,0.05,101.585,0,0
9/26/2024 20:00,27.3,84,East,15,26,0,0,101.64,0,0
9/26/2024 21:00,27.2,80,East,14,20,0,0,101.6866667,0,0
9/26/2024 22:00,27.2,81,East,16,21,0,0,101.7066667,0,0
9/26/2024 23:00,27.1,82,East,18,22,0,0,101.7166667,0,0
9/27/2024 0:00,27,83,East,15,21,0,0,101.6866667,0,0
9/27/2024 1:00,26.9,83,East,17,23,0,0,101.61,0,0
9/27/2024 2:00,26.7,83,East,16,23,0,0,101.525,0,0
9/27/2024 3:00,26.7,81,East,17,25,0,0,101.4966667,0,0
9/27/2024 4:00,26.6,83,East,15,21,0,0,101.5016667,0,0
9/27/2024 5:00,26.6,83,East South-East,14,21,0,0,101.5383333,0,0
9/27/2024 6:00,26.7,86,East South-East,13,21,0,2.8,101.6033333,0,0
9/27/2024 7:00,26.1,86,East,27,36,0,26.05,101.6833333,0,0
9/27/2024 8:00,26.6,82,East,19,31,0,147.9833333,101.7516667,0,0
9/27/2024 9:00,27,85,East,17,26,0,419.15,101.785,0,0
9/27/2024 10:00,27.4,79,East,19,31,0,441.35,101.81,0,0
9/27/2024 11:00,27.4,79,East,22,28,0,818.5833333,101.765,0,0
9/27/2024 12:00,27.7,79,East,22,30,0,879.1833333,101.7016667,0,0
9/27/2024 13:00,27.6,80,East,23,28,0,758.0666667,101.6133333,0,0
9/27/2024 14:00,27.7,80,East,21,28,0,874.3333333,101.53,0,0
9/27/2024 15:00,27.7,77,East,22,29,0,695.6333333,101.4683333,0,0
9/27/2024 16:00,27.9,79,East,21,29,0,505.2166667,101.4333333,0,0
9/27/2024 17:00,27.5,80,East,23,30,0,247.4333333,101.43,0,0
9/27/2024 18:00,27.4,80,East,23,31,0,30.2,101.495,0,0
9/27/2024 19:00,27.3,81,East,23,31,0,0.066666667,101.57,0,0
9/27/2024 20:00,27.3,85,East,24,33,0,0,101.6233333,0,0
9/27/2024 21:00,27.4,80,East,28,36,0,0,101.6716667,0,0
9/27/2024 22:00,27.3,82,East,28,36,0,0,101.6883333,0,0
9/27/2024 23:00,27,83,East,26,38,0,0,101.6583333,0,0
9/28/2024 0:00,27.1,83,East,29,37,0,0,101.6,0,0
9/28/2024 1:00,26.8,84,East,28,41,0,0,101.5216667,0,0
9/28/2024 2:00,26.7,85,East,28,37,0,0,101.4566667,0,0
9/28/2024 3:00,26.6,81,East,28,35,0,0,101.41,0,0
9/28/2024 4:00,26.6,84,East,24,35,0,0,101.4,0,0
9/28/2024 5:00,26.6,83,East,29,35,0,0,101.3983333,0,0
9/28/2024 6:00,26.6,82,East North-East,28,36,0,3.016666667,101.42,0,0
9/28/2024 7:00,27,79,East North-East,26,38,0,120.9333333,101.4633333,0,0
9/28/2024 8:00,27.2,77,East North-East,28,36,0,354.9,101.535,0,0
9/28/2024 9:00,27.4,76,East North-East,23,33,0,572.85,101.595,0,0
9/28/2024 10:00,27.5,77,East North-East,23,31,0,800.9333333,101.615,0,0
9/28/2024 11:00,27.7,78,East North-East,22,30,0,909.5833333,101.5816667,0,0
9/28/2024 12:00,27.7,75,East North-East,26,34,0,940.4166667,101.515,0,0
9/28/2024 13:00,27.5,78,East North-East,21,30,0,887.15,101.4483333,0,0
9/28/2024 14:00,27.6,78,East,21,27,0,860.9,101.3716667,0,0
9/28/2024 15:00,27.6,77,East,18,27,0,652.4666667,101.3116667,0,0
9/28/2024 16:00,27.6,77,East,16,24,0,467.6666667,101.3016667,0,0
9/28/2024 17:00,26.3,79,East,21,39,0,218.8166667,101.3466667,0,0
9/28/2024 18:00,27.1,79,East,19,25,0,29.26666667,101.4166667,0,0
9/28/2024 19:00,27.1,80,East,20,26,0,0.033333333,101.4933333,0,0
9/28/2024 20:00,27,78,East,19,26,0,0,101.5616667,0,0
9/28/2024 21:00,26.9,82,East,18,25,0,0,101.5983333,0,0
9/28/2024 22:00,26.8,80,East,21,29,0,0,101.61,0,0
9/28/2024 23:00,26.8,81,East,20,27,0,0,101.61,0,0
9/29/2024 0:00,26.4,85,East North-East,13,36,0,0,101.5833333,0,0
9/29/2024 1:00,26.6,82,East,21,26,0,0,101.5233333,0,0
9/29/2024 2:00,26.6,82,East,20,28,0,0,101.4433333,0,0
9/29/2024 3:00,26.6,80,East,20,26,0,0,101.39,0,0
9/29/2024 4:00,26.5,82,East,19,25,0,0,101.37,0,0
9/29/2024 5:00,26.6,82,East,20,27,0,0,101.395,0,0
9/29/2024 6:00,26.6,79,East,21,28,0,5.966666667,101.435,0,0
9/29/2024 7:00,26.9,77,East,19,28,0,140.1,101.465,0,0
9/29/2024 8:00,27.1,81,East North-East,24,30,0.4,198.3666667,101.5433333,0,0
9/29/2024 9:00,27.3,79,East North-East,22,30,0,578.8333333,101.5566667,0,0
9/29/2024 10:00,27.5,76,East North-East,21,30,0,801.6166667,101.5483333,0,0
9/29/2024 11:00,27.6,77,East North-East,19,28,0,757.9166667,101.5316667,0,0
9/29/2024 12:00,27.6,77,East North-East,19,27,0,989.4833333,101.4666667,0,0
9/29/2024 13:00,27.7,75,East North-East,22,31,0,928.3166667,101.39,0,0
9/29/2024 14:00,28,78,East North-East,22,30,0,880.3833333,101.3116667,0,0
9/29/2024 15:00,27.6,75,North-East,19,29,0,686.4,101.27,0,0
9/29/2024 16:00,28,78,East North-East,17,26,0,499.1333333,101.2833333,0,0
9/29/2024 17:00,27.5,74,East North-East,17,23,0,233.2666667,101.315,0,0
9/29/2024 18:00,27.4,79,North-East,15,23,0,58.1,101.3733333,0,0
9/29/2024 19:00,27.3,78,East North-East,15,23,0,0.083333333,101.4566667,0,0
9/29/2024 20:00,27.1,79,East North-East,17,22,0,0,101.5083333,0,0
9/29/2024 21:00,27.1,81,East North-East,19,24,0,0,101.545,0,0
9/29/2024 22:00,27,80,East North-East,18,24,0,0,101.555,0,0
9/29/2024 23:00,26.7,80,East North-East,18,24,0,0,101.535,0,0
9/30/2024 0:00,26.7,83,East North-East,19,26,0,0,101.4783333,0,0
9/30/2024 1:00,26.6,82,East North-East,21,31,0,0,101.385,0,0
9/30/2024 2:00,26.5,82,East North-East,21,31,0,0,101.3033333,0,0
9/30/2024 3:00,26.6,82,East North-East,22,28,0,0,101.2733333,0,0
9/30/2024 4:00,26.5,81,East North-East,21,28,0,0,101.2566667,0,0
9/30/2024 5:00,26.4,80,East North-East,19,27,0,0,101.2716667,0,0
9/30/2024 6:00,26.2,81,East North-East,17,26,0,4.766666667,101.3266667,0,0
9/30/2024 7:00,27,79,East North-East,18,24,0,134.2333333,101.3833333,0,0
9/30/2024 8:00,27.3,78,East North-East,19,26,0,347.3,101.425,0,0
9/30/2024 9:00,27.5,77,East North-East,18,26,0,589.2166667,101.4683333,0,0
9/30/2024 10:00,27.4,77,East North-East,21,27,0,721.2,101.4616667,0,0
9/30/2024 11:00,27.20477631,81.98943502,East North-East,17.6277285,26.44118485,0,823.3666667,101.4283333,1,0
9/30/2024 12:00,27.8,75,East North-East,18,25,0,855.7666667,101.3666667,0,0
9/30/2024 13:00,27.8,75,North-East,18,26,0,940.1166667,101.3133333,0,0
9/30/2024 14:00,28.1,76,North-East,17,28,0,799.3333333,101.2516667,0,0
9/30/2024 15:00,28,72,North-East,15,26,0,615.9166667,101.205,0,0
9/30/2024 16:00,27.8,70,North-East,14,21,0,431.1166667,101.195,0,0
9/30/2024 17:00,27.8,75,North-East,12,20,0,240.3333333,101.215,0,0
9/30/2024 18:00,27.4,77,North-East,12,19,0,59.08333333,101.2766667,0,0
9/30/2024 19:00,27.4,76,North-East,11,18,0,0.05,101.355,0,0
9/30/2024 20:00,27.1,79,East North-East,13,18,0,0,101.4033333,0,0
9/30/2024 21:00,27.1,80,East North-East,10,18,0,0,101.4366667,0,0
9/30/2024 22:00,27.2,79,East North-East,12,17,0,0,101.475,0,0
9/30/2024 23:00,27,79,East North-East,11,18,0,0,101.45,0,0
10/1/2024 0:00,26.8,79,East North-East,12,16,0,0,101.4316667,0,0
10/1/2024 1:00,26.6,80,East North-East,9,17,0,0,101.365,0,0
10/1/2024 2:00,26.2,80,North-East,5,18,0,0,101.3083333,0,0
10/1/2024 3:00,26.2,80,North-East,8,13,0,0,101.2716667,0,0
10/1/2024 4:00,26.2,80,North North-East,7,11,0,0,101.2666667,0,0
10/1/2024 5:00,26,82,North-East,6,11,0,0,101.3016667,0,0
10/1/2024 6:00,26.4,81,East North-East,10,14,0,11.05,101.3216667,0,0
10/1/2024 7:00,27,79,East North-East,8,14,0,121.4833333,101.3816667,0,0
10/1/2024 8:00,27.5,78,East North-East,8,13,0,355.8166667,101.4283333,0,0
10/1/2024 9:00,27.7,75,North-East,10,20,0,487.35,101.4566667,0,0
10/1/2024 10:00,28.1,75,North-East,12,22,0,766.4833333,101.4483333,0,0
10/1/2024 11:00,28,74,North North-East,11,21,0,916.2,101.4233333,0,0
10/1/2024 12:00,28.4,75,North-East,13,24,0,787.9,101.3633333,0,0
10/1/2024 13:00,28.2,71,North North-East,12,23,0,666.0333333,101.295,0,0
10/1/2024 14:00,28.1,75,North North-East,11,22,0,444.6833333,101.23,0,0
10/1/2024 15:00,29,72,North North-East,10,20,0,593.9166667,101.1816667,0,0
10/1/2024 16:00,27.9,76,North North-East,10,22,0,398.2,101.18,0,0
10/1/2024 17:00,27.9,74,North North-West,9,18,0,159.8833333,101.2016667,0,0
10/1/2024 18:00,27.3,78,North North-West,5,17,0,68.16666667,101.2566667,0,0
10/1/2024 19:00,27,80,North,6,13,0,0.033333333,101.3366667,0,0
10/1/2024 20:00,26.9,81,North,5,16,0,0,101.395,0,0
10/1/2024 21:00,26.9,82,North North-West,6,17,0,0,101.4433333,0,0
10/1/2024 22:00,26.5,85,North North-West,7,14,0,0,101.46,0,0
10/1/2024 23:00,26.2,85,North North-West,6,13,0,0,101.4633333,0,0
10/2/2024 0:00,26.2,82,North North-West,5,11,0,0,101.4366667,0,0
10/2/2024 1:00,26.1,85,North North-West,4,11,0,0,101.3816667,0,0
10/2/2024 2:00,25,89,North-West,4,7,0,0,101.3216667,0,0
10/2/2024 3:00,25.4,88,North-West,3,8,0,0,101.2816667,0,0
10/2/2024 4:00,24.5,92,West,0,6,0,0,101.265,0,0
10/2/2024 5:00,24.8,92,West,0,3,0,0,101.2933333,0,0
10/2/2024 6:00,24.7,92,West South-West,0,3,0,4.8,101.3416667,0,0
10/2/2024 7:00,27.1,81,North,7,11,0,138.1833333,101.395,0,0
10/2/2024 8:00,27.8,76,North North-East,5,12,0,262,101.46,0,0
10/2/2024 9:00,28.1,78,North-East,10,18,0,545.4333333,101.4883333,0,0
10/2/2024 10:00,28.9,75,North North-East,8,23,0,771.05,101.4816667,0,0
10/2/2024 11:00,28.9,73,North North-West,14,24,0,753.9166667,101.445,0,0
10/2/2024 12:00,27.9,76,North North-West,23,40,0,772.8166667,101.385,0,0
10/2/2024 13:00,28.7,69,North North-West,16,35,0,939.75,101.3183333,0,0
10/2/2024 14:00,29,70,North-West,17,26,0,877.8833333,101.2416667,0,0
10/2/2024 15:00,28.8,71,North-West,15,27,0,715.2166667,101.2033333,0,0
10/2/2024 16:00,28.6,72,North North-West,15,27,0,468.2,101.1933333,0,0
10/2/2024 17:00,28.1,72,North North-West,15,26,0,235.1833333,101.215,0,0
10/2/2024 18:00,27.3,81,North-West,15,32,0,18.81666667,101.2983333,0,0
10/2/2024 19:00,27,79,North North-West,15,27,0,0.016666667,101.3583333,0,0
10/2/2024 20:00,27.2,81,North-West,15,25,0,0,101.4083333,0,0
10/2/2024 21:00,27.3,78,North-West,12,22,0,0,101.4516667,0,0
10/2/2024 22:00,26.8,81,North North-West,5,18,0,0,101.4516667,0,0
10/2/2024 23:00,26.7,83,North,5,10,0,0,101.405,0,0
10/3/2024 0:00,26.3,87,North,5,13,0,0,101.3466667,0,0
10/3/2024 1:00,25.9,88,South South-West,3,13,0,0,101.345,0,0
10/3/2024 2:00,25.6,88,South,16,26,0,0,101.285,0,0
10/3/2024 3:00,24.6,92,South South-West,6,25,1,0,101.2416667,0,0
10/3/2024 4:00,24.9,89,South South-West,9,18,0,0,101.2166667,0,0
10/3/2024 5:00,25.7,86,South South-East,9,17,0,0,101.2466667,0,0
10/3/2024 6:00,25.4,89,South-East,3,14,0.2,2.566666667,101.29,0,0
10/3/2024 7:00,24,92,South South-West,9,21,5.4,28.96666667,101.3633333,0,0
10/3/2024 8:00,24.1,93,South South-West,5,19,1.2,92.98333333,101.43,0,0
10/3/2024 9:00,24,94,West South-West,12,20,1.6,104.3333333,101.4816667,0,0
10/3/2024 10:00,24.9,89,South South-West,5,14,1.4,378.5333333,101.4016667,0,0
10/3/2024 11:00,25.210726,90.12690783,South South-West,5.290669299,13.16165027,0,326.3166667,101.3966667,1,0
10/3/2024 12:00,25.78964384,89.39484646,West South-West,7.48228261,21.53681129,0,538.7833333,101.355,1,0
10/3/2024 13:00,25.99708939,87.54613232,North-West,10.95438909,26.51663676,0,662.5166667,101.2866667,1,0
10/3/2024 14:00,25.7494412,83.19520697,North-West,7.623875605,16.89651937,0,309.8666667,101.2366667,1,0
10/3/2024 15:00,26.05337307,83.6779423,West South-West,7.9809362,20.44275872,0,324.35,101.2083333,1,0
10/3/2024 16:00,24.77975383,86.7434867,North North-West,7.888592943,16.44380796,0.215455551,160.8666667,101.2283333,1,0
10/3/2024 17:00,24.81834836,86.3992808,North-East,6.977472802,16.55698582,0,58.95,101.265,1,0
10/3/2024 18:00,24.65914595,87.81342031,South South-East,5.826260192,15.4252073,0.195868682,10.51666667,101.3533333,1,0
10/3/2024 19:00,23.67337752,90.08253873,South-West,5.733916935,13.76526548,18.30882506,0,101.4583333,1,0
10/3/2024 20:00,23.44181039,90.43182583,East,6.46035056,13.84071738,7.266728105,0,101.495,1,0
10/3/2024 21:00,23.56563449,90.23604128,North-West,5.038264395,11.72806415,8.099170004,0,101.555,1,0
10/3/2024 22:00,23.73448552,89.83959936,South-East,9.082899073,20.17867707,2.311250448,0,101.5783333,1,0
10/3/2024 23:00,23.84544478,89.4016203,East South-East,18.2002567,34.66544207,1.175212093,0,101.5816667,1,0
10/4/2024 0:00,24.61572711,88.81740358,East,23.63619645,36.32538389,0.195868682,0,101.5116667,1,0
10/4/2024 1:00,25.61596849,83.98888262,East South-East,27.83473656,40.09797894,0.019586869,0,101.4416667,1,0
10/4/2024 2:00,25.57254965,83.38417856,South-East,23.8331954,39.53208969,0,0,101.3966667,1,0
10/4/2024 3:00,25.65456301,82.38017262,South-East,33.93554777,46.24730888,0,0,101.3116667,1,0
10/4/2024 4:00,25.57898206,82.43632379,South-East,35.40072746,51.5666679,0,0,101.2916667,1,0
10/4/2024 5:00,25.54842807,81.96818656,South-East,37.3891856,49.52946658,0,0,101.32,1,0
10/4/2024 6:00,25.38279324,81.66022055,East South-East,40.81204235,57.48964214,0,3.033333333,101.385,1,0
10/4/2024 7:00,25.34259061,80.53412445,South-East,44.60427212,58.7345985,0,54.3,101.4416667,1,0
10/4/2024 8:00,25.53717133,80.38283796,South-East,42.72046967,56.88602693,0,285.6666667,101.5116667,1,0
10/4/2024 9:00,25.64330627,80.910997,South-East,41.89553657,56.39558957,0,566.65,101.52,1,0
10/4/2024 10:00,25.66581974,81.35850576,East South-East,41.96941117,56.92375288,0,711.85,101.5333333,1,0
10/4/2024 11:00,25.53073891,83.25521566,East South-East,41.81550575,58.92322826,0,722.1666667,101.4983333,1,0
10/4/2024 12:00,25.8,81,East South-East,45,59,0,733.4,101.45,0,0
10/4/2024 13:00,25.6,81,East South-East,47,61,0,702.1833333,101.3866667,0,0
10/4/2024 14:00,25.4,80,East South-East,45,60,0,597.1333333,101.3583333,0,0
10/4/2024 15:00,25.5,82,East South-East,47,62,0,413.1166667,101.34,0,0
10/4/2024 16:00,25.6,80,South-East,46,60,0,380.85,101.345,0,0
10/4/2024 17:00,25.4,79,East South-East,48,63,0,66.53333333,101.3866667,0,0
10/4/2024 18:00,25.2,81,East South-East,47,67,0,28.03333333,101.4516667,0,0
10/4/2024 19:00,25.4,79,East South-East,47,64,0,0.083333333,101.545,0,0
10/4/2024 20:00,25.1,77,East South-East,44,64,0,0,101.5983333,0,0
10/4/2024 21:00,25.4,78,East South-East,45,59,0,0,101.6433333,0,0
10/4/2024 22:00,25.3,77,East South-East,44,58,0,0,101.6633333,0,0
10/4/2024 23:00,25.4,75,East South-East,43,59,0,0,101.6733333,0,0
10/5/2024 0:00,25.4,75,East South-East,45,59,0,0,101.635,0,0
10/5/2024 1:00,25.4,78,East South-East,42,57,0,0,101.595,0,0
10/5/2024 2:00,25.1,79,East South-East,42,59,0,0,101.555,0,0
10/5/2024 3:00,25.1,75,East South-East,42,60,0,0,101.535,0,0
10/5/2024 4:00,24.6,81,East South-East,43,54,0,0,101.5616667,0,0
10/5/2024 5:00,25.1,79,East South-East,41,55,0,0,101.6083333,0,0
10/5/2024 6:00,24.6,81,East South-East,43,55,0,6.483333333,101.685,0,0
10/5/2024 7:00,24.7,79,East South-East,43,57,0,87.01666667,101.7583333,0,0
10/5/2024 8:00,25,78,East South-East,40,57,0,216.4,101.8416667,0,0
10/5/2024 9:00,25.1,80,East South-East,40,54,0,382.0666667,101.865,0,0
10/5/2024 10:00,25.2,77,East South-East,40,55,0,442.9166667,101.8616667,0,0
10/5/2024 11:00,25.2,76,East South-East,40,56,0,595.8,101.8066667,0,0
10/5/2024 12:00,25.5,75,East South-East,42,54,0,791.1166667,101.7583333,0,0
10/5/2024 13:00,25.6,75,East South-East,40,54,0,748.85,101.7016667,0,0
10/5/2024 14:00,25.7,75,East South-East,42,53,0,519.15,101.6533333,0,0
10/5/2024 15:00,25.5,79,East South-East,43,57,0,519.3666667,101.6016667,0,0
10/5/2024 16:00,25.7,76,East South-East,39,59,0,330.7833333,101.605,0,0
10/5/2024 17:00,25.6,74,East South-East,36,52,0,161.4333333,101.6433333,0,0
10/5/2024 18:00,25.4,74,East South-East,38,53,0,59.73333333,101.6883333,0,0
10/5/2024 19:00,25.5,74,East South-East,36,53,0,0.066666667,101.74,0,0
10/5/2024 20:00,25.4,73,East South-East,39,51,0,0,101.7916667,0,0
10/5/2024 21:00,25.4,73,East South-East,39,54,0,0,101.8233333,0,0
10/5/2024 22:00,25.3,77,East South-East,43,62,0,0,101.8583333,0,0
10/5/2024 23:00,24.7,79,East South-East,40,57,0,0,101.8566667,0,0
10/6/2024 0:00,25.3,73,East South-East,38,53,0,0,101.83,0,0
10/6/2024 1:00,25.1,72,East South-East,41,55,0,0,101.7466667,0,0
10/6/2024 2:00,24.5,79,East South-East,44,60,0,0,101.675,0,0
10/6/2024 3:00,24.4,81,East South-East,44,61,0,0,101.635,0,0
10/6/2024 4:00,24.6,76,East South-East,41,55,0,0,101.65,0,0
10/6/2024 5:00,24.8,75,East South-East,41,57,0,0,101.6716667,0,0
10/6/2024 6:00,24.8,75,East South-East,43,55,0,5.416666667,101.725,0,0
10/6/2024 7:00,25,76,East South-East,41,59,0,120.3,101.765,0,0
10/6/2024 8:00,25,74,East South-East,44,58,0,404.95,101.8083333,0,0
10/6/2024 9:00,25.3,72,East South-East,42,57,0,581.7666667,101.8266667,0,0
10/6/2024 10:00,25.3,74,East South-East,45,58,0,802.7333333,101.8,0,0
10/6/2024 11:00,25.4,75,East South-East,43,57,0,881.0666667,101.775,0,0
10/6/2024 12:00,25.5,73,East South-East,41,54,0,934.5833333,101.7416667,0,0
10/6/2024 13:00,25.5,73,East South-East,40,54,0,875.25,101.685,0,0
10/6/2024 14:00,25.5,73,East South-East,39,51,0,774.7166667,101.65,0,0
10/6/2024 15:00,25.5,72,East South-East,41,52,0,721.65,101.5833333,0,0
10/6/2024 16:00,25.5,73,East South-East,40,56,0,500.15,101.54,0,0
10/6/2024 17:00,25.5,73,East South-East,36,53,0,279.3833333,101.5733333,0,0
10/6/2024 18:00,25.1,72,East South-East,37,50,0,62.58333333,101.6433333,0,0
10/6/2024 19:00,25.2,72,East South-East,37,50,0,0.166666667,101.7033333,0,0
10/6/2024 20:00,25.3,74,East South-East,36,51,0,0,101.7316667,0,0
10/6/2024 21:00,25.2,72,East South-East,33,46,0,0,101.8,0,0
10/6/2024 22:00,25.2,74,East South-East,35,48,0,0,101.8416667,0,0
10/6/2024 23:00,25.2,73,East South-East,33,48,0,0,101.86,0,0
10/7/2024 0:00,25,73,East South-East,29,42,0,0,101.8283333,0,0
10/7/2024 1:00,25,73,East,28,39,0,0,101.7733333,0,0
10/7/2024 2:00,25.1,74,East,29,39,0,0,101.7066667,0,0
10/7/2024 3:00,25,71,East,27,37,0,0,101.6383333,0,0
10/7/2024 4:00,25,73,East South-East,30,40,0,0,101.605,0,0
10/7/2024 5:00,24.9,72,East South-East,30,41,0,0,101.62,0,0
10/7/2024 6:00,25,73,East South-East,30,42,0,10.55,101.68,0,0
10/7/2024 7:00,25.3,70,East South-East,30,40,0,161.0666667,101.725,0,0
10/7/2024 8:00,25.4,70,East South-East,32,42,0,407.3333333,101.765,0,0
10/7/2024 9:00,25.6,70,East South-East,31,44,0,587.55,101.805,0,0
10/7/2024 10:00,25.6,76,East South-East,33,45,0,813.7333333,101.785,0,0
10/7/2024 11:00,25.8,78,East South-East,36,53,0,937.4,101.7383333,0,0
10/7/2024 12:00,26,74,East South-East,36,48,0,972.1833333,101.6483333,0,0
10/7/2024 13:00,25.9,75,East South-East,39,49,0,676.4166667,101.585,0,0
10/7/2024 14:00,25.6,77,East South-East,39,51,0,564.0166667,101.5033333,0,0
10/7/2024 15:00,26,76,East South-East,39,53,0,660.1,101.4383333,0,0
10/7/2024 16:00,26,79,East South-East,39,52,0,473.8,101.42,0,0
10/7/2024 17:00,25.6,79,East South-East,41,53,0,157.6666667,101.44,0,0
10/7/2024 18:00,25.4,79,East South-East,40,52,0,41.28333333,101.5233333,0,0
10/7/2024 19:00,25.4,80,East South-East,39,52,0,0.166666667,101.6016667,0,0
10/7/2024 20:00,25.4,78,East South-East,36,51,0,0,101.6866667,0,0
10/7/2024 21:00,25.6,80,East South-East,36,50,0,0,101.735,0,0
10/7/2024 22:00,25.3,82,East South-East,37,51,0,0,101.7433333,0,0
10/7/2024 23:00,25.4,82,East South-East,35,51,0,0,101.7333333,0,0
10/8/2024 0:00,25.4,78,East South-East,35,47,0,0,101.6883333,0,0
10/8/2024 1:00,25.3,79,East South-East,36,48,0,0,101.5783333,0,0
10/8/2024 2:00,25.4,80,East South-East,36,50,0,0,101.4933333,0,0
10/8/2024 3:00,25.4,82,East South-East,35,49,0,0,101.445,0,0
10/8/2024 4:00,25,83,East South-East,37,52,0,0,101.3983333,0,0
10/8/2024 5:00,25.1,83,East South-East,37,50,0,0,101.3833333,0,0
10/8/2024 6:00,25.4,82,East South-East,36,52,0,6.716666667,101.45,0,0
10/8/2024 7:00,25.6,81,East South-East,37,50,0,87.08333333,101.525,0,0
10/8/2024 8:00,25.8,79,East South-East,37,49,0.2,166.8666667,101.615,0,0
10/8/2024 9:00,25.8,81,East South-East,37,50,0,288.8,101.625,0,0
10/8/2024 10:00,25.4,86,East South-East,39,53,0,382.25,101.61,0,0
10/8/2024 11:00,25.2,85,East South-East,43,56,0,408.4,101.5483333,0,0
10/8/2024 12:00,26.1,82,East South-East,40,55,0,765.7333333,101.4616667,0,0
10/8/2024 13:00,26,82,East South-East,42,54,0,765.9833333,101.39,0,0
10/8/2024 14:00,26.1,79,East South-East,40,55,0,651.2,101.345,0,0
10/8/2024 15:00,26.3,80,East South-East,40,55,0,472.5166667,101.3016667,0,0
10/8/2024 16:00,26,80,East South-East,36,52,0,177.15,101.3033333,0,0
10/8/2024 17:00,26,80,East South-East,39,54,0,65.58333333,101.3033333,0,0
10/8/2024 18:00,25.8,79,East South-East,41,56,0,11.9,101.36,0,0
10/8/2024 19:00,25.9,81,East South-East,39,56,0,0,101.455,0,0
10/8/2024 20:00,25.8,81,East South-East,39,57,0,0,101.5,0,0
10/8/2024 21:00,25.7,82,East South-East,41,55,0,0,101.5666667,0,0
10/8/2024 22:00,25.1,84,East South-East,41,57,0,0,101.6016667,0,0
10/8/2024 23:00,25.4,83,East South-East,41,53,0,0,101.5566667,0,0
10/9/2024 0:00,25.3,83,East South-East,39,54,0,0,101.4733333,0,0
10/9/2024 1:00,25.6,85,East South-East,36,54,0,0,101.4066667,0,0
10/9/2024 2:00,25.1,87,East South-East,38,57,0,0,101.375,0,0
10/9/2024 3:00,25.1,85,East South-East,41,58,0,0,101.3016667,0,0
10/9/2024 4:00,25,87,East South-East,39,55,0,0,101.325,0,0
10/9/2024 5:00,25.2,88,East South-East,38,51,0,0,101.3566667,0,0
10/9/2024 6:00,25.2,87,East South-East,39,53,0,1.433333333,101.375,0,0
10/9/2024 7:00,24.9,88,East South-East,36,62,0,75.5,101.3883333,0,0
10/9/2024 8:00,24.9,90,East South-East,36,52,1,136.4666667,101.5516667,0,0
10/9/2024 9:00,25.5,87,East South-East,39,54,0.2,125.4666667,101.535,0,0
10/9/2024 10:00,25.5,85,East South-East,43,55,0,122.5833333,101.515,0,0
10/9/2024 11:00,25.1,87,East South-East,39,55,0,90.78333333,101.4916667,0,0
10/9/2024 12:00,25.2,88,East South-East,36,53,0,53.75,101.4366667,0,0
10/9/2024 13:00,25,88,East South-East,38,50,0,64.1,101.41,0,0
10/9/2024 14:00,24.6,92,East South-East,36,51,0,54.13333333,101.3766667,0,0
10/9/2024 15:00,24.7,90,East South-East,35,49,0.4,47.15,101.3633333,0,0
10/9/2024 16:00,24.6,92,East South-East,24,44,0,57.46666667,101.38,0,0
10/9/2024 17:00,24,87,East,28,41,0,36.78333333,101.4216667,0,0
10/9/2024 18:00,22.7,91,North-East,11,33,14.3,1.7,101.545,0,0
10/9/2024 19:00,24.5,87,NA,28,36,0,0,101.515,0,0
10/9/2024 20:00,25.1,88,NA,31,40,0,0,101.5533333,0,0
10/9/2024 21:00,24.3,85,East,44,57,0,0,101.6266667,0,0
10/9/2024 22:00,24.7,84,East North-East,38,57,0,0,101.6166667,0,0
10/9/2024 23:00,24.8,75,East North-East,32,51,0,0,101.5616667,0,0
10/10/2024 0:00,25.7,75,East,24,37,0,0,101.4933333,0,0
10/10/2024 1:00,25.5,83,East,24,34,0,0,101.4383333,0,0
10/10/2024 2:00,25.4,84,East,29,37,0,0,101.4033333,0,0
10/10/2024 3:00,25.4,82,East South-East,28,38,0,0,101.3616667,0,0
10/10/2024 4:00,25.1,83,East South-East,36,48,0,0,101.3666667,0,0
10/10/2024 5:00,25.3,80,East South-East,30,45,0,0,101.4016667,0,0
10/10/2024 6:00,25.3,82,East South-East,35,45,0,3.833333333,101.445,0,0
10/10/2024 7:00,25.2,84,East South-East,35,46,0,73.8,101.4916667,0,0
10/10/2024 8:00,25.7,86,East South-East,39,52,0,242.6833333,101.5266667,0,0
10/10/2024 9:00,25.6,84,East South-East,36,49,0,522.1,101.55,0,0
10/10/2024 10:00,25.8,81,East South-East,40,52,0,764.8166667,101.545,0,0
10/10/2024 11:00,25.8,83,East South-East,37,50,0,608.85,101.5116667,0,0
10/10/2024 12:00,25.7,82,East South-East,36,50,0,698.6166667,101.4816667,0,0
10/10/2024 13:00,25.7,82,East South-East,38,52,0,626.5666667,101.4016667,0,0
10/10/2024 14:00,25.6,83,East South-East,34,52,0,390.35,101.3383333,0,0
10/10/2024 15:00,23.4,93,East North-East,32,53,6,45.15,101.4216667,0,0
10/10/2024 16:00,23.2,87,NA,26,37,0.6,77.63333333,101.475,0,0
10/10/2024 17:00,24,85,East South-East,26,37,0,69.91666667,101.4883333,0,0
10/10/2024 18:00,24.8,84,East South-East,24,36,0,14.28333333,101.54,0,0
10/10/2024 19:00,24.9,85,South-East,28,34,0,0,101.605,0,0
10/10/2024 20:00,25,83,East South-East,26,36,0,0,101.645,0,0
10/10/2024 21:00,25.1,84,East,32,43,0,0,101.5933333,0,0
10/10/2024 22:00,25.1,82,East,32,41,0,0,101.6366667,0,0
10/10/2024 23:00,25.2,84,East,29,42,0,0,101.545,0,0
10/11/2024 0:00,24.9,86,East,30,44,0,0,101.5283333,0,0
10/11/2024 1:00,25,83,East,30,41,0,0,101.4533333,0,0
10/11/2024 2:00,24.8,85,East,27,38,0,0,101.3916667,0,0
10/11/2024 3:00,25.1,84,East,30,44,0.4,0,101.3416667,0,0
10/11/2024 4:00,25,84,East South-East,23,38,0,0,101.3683333,0,0
10/11/2024 5:00,24.9,85,East South-East,27,46,3,0,101.4016667,0,0
10/11/2024 6:00,25.2,83,East South-East,26,35,0,3.5,101.4366667,0,0
10/11/2024 7:00,25.3,82,East South-East,24,32,0,69.33333333,101.4966667,0,0
10/11/2024 8:00,25.5,81,East,21,33,0,360.9166667,101.5383333,0,0
10/11/2024 9:00,25.6,77,East South-East,22,32,0,612.4,101.5433333,0,0
10/11/2024 10:00,25.9,76,East South-East,22,33,0,862.7833333,101.52,0,0
10/11/2024 11:00,25.9,79,East South-East,21,32,0,937.5833333,101.4566667,0,0
10/11/2024 12:00,25.8,78,East South-East,22,32,0,985.3833333,101.4183333,0,0
10/11/2024 13:00,26.1,81,East South-East,21,31,0,974.0666667,101.36,0,0
10/11/2024 14:00,26.1,77,East,17,27,0,888.35,101.29,0,0
10/11/2024 15:00,26.4,77,East South-East,19,28,0,722.1833333,101.2216667,0,0
10/11/2024 16:00,26.2,76,East South-East,19,26,0,497.75,101.2283333,0,0
10/11/2024 17:00,26.1,80,East South-East,17,24,0,271.45,101.2466667,0,0
10/11/2024 18:00,25.8,83,East,15,23,0,58.01666667,101.3,0,0
10/11/2024 19:00,25.7,80,East,13,21,0,0.233333333,101.3816667,0,0
10/11/2024 20:00,25.6,80,East South-East,12,18,0,0,101.4566667,0,0
10/11/2024 21:00,25.5,80,South-East,9,17,0,0,101.515,0,0
10/11/2024 22:00,25.6,82,East South-East,11,17,0,0,101.545,0,0
10/11/2024 23:00,25.4,80,South-East,10,20,0,0,101.5216667,0,0
10/12/2024 0:00,25.4,80,South-East,9,14,0,0,101.48,0,0
10/12/2024 1:00,24,89,South-East,7,22,1.6,0,101.445,0,0
10/12/2024 2:00,24,88,South South-West,9,15,0,0,101.4016667,0,0
10/12/2024 3:00,23.1,93,West South-West,5,13,0,0,101.3633333,0,0
10/12/2024 4:00,23.3,91,South-West,8,16,0,0,101.3683333,0,0
10/12/2024 5:00,24.1,86,South,12,25,0,0,101.38,0,0
10/12/2024 6:00,24.6,84,South South-West,11,25,0,22.76666667,101.4133333,0,0
10/12/2024 7:00,25.8,81,South South-East,17,30,0,209.1333333,101.3983333,0,0
10/12/2024 8:00,25.8,79,East South-East,19,28,0,425.4333333,101.435,0,0
10/12/2024 9:00,25.6,82,South-East,24,35,0,580.8,101.465,0,0
10/12/2024 10:00,26,80,South-East,25,35,0,733.5333333,101.4483333,0,0
10/12/2024 11:00,26.2,79,East South-East,26,35,0,934.95,101.4133333,0,0
10/12/2024 12:00,26.1,79,East South-East,24,36,0,942.3333333,101.3683333,0,0
10/12/2024 13:00,25.7,78,East South-East,27,39,0,611.7166667,101.3033333,0,0
10/12/2024 14:00,25.9,77,East South-East,26,37,0,413.6666667,101.2566667,0,0
10/12/2024 15:00,25.6,82,East South-East,28,37,0,290.7,101.2333333,0,0
10/12/2024 16:00,25.7,79,East South-East,26,36,0,205.2833333,101.225,0,0
10/12/2024 17:00,25.7,79,East South-East,22,37,0,180.0333333,101.24,0,0
10/12/2024 18:00,25.8,80,East South-East,21,33,0,24.95,101.33,0,0
10/12/2024 19:00,24.7,82,South-East,6,32,0.6,0.016666667,101.415,0,0
10/12/2024 20:00,25.6,79,North-East,25,36,0,0,101.4616667,0,0
10/12/2024 21:00,25.5,78,East,22,36,0,0,101.51,0,0
10/12/2024 22:00,25.6,73,East South-East,17,27,0,0,101.535,0,0
10/12/2024 23:00,25.6,74,East South-East,18,24,0,0,101.5116667,0,0
10/13/2024 0:00,25.1,76,East South-East,16,24,0,0,101.4783333,0,0
10/13/2024 1:00,25.3,76,East South-East,15,25,0,0,101.3966667,0,0
10/13/2024 2:00,25.1,76,East,17,23,0,0,101.3433333,0,0
10/13/2024 3:00,25.3,75,East South-East,11,21,0,0,101.28,0,0
10/13/2024 4:00,24.2,80,South-East,12,31,0.8,0,101.2983333,0,0
10/13/2024 5:00,23.1,81,South South-West,5,22,0,0,101.3433333,0,0
10/13/2024 6:00,24.5,77,South South-West,17,27,0,15.4,101.37,0,0
10/13/2024 7:00,25.3,79,South-East,27,37,0,188.8166667,101.3983333,0,0
10/13/2024 8:00,25.8,75,East North-East,19,36,0,433.8833333,101.445,0,0
10/13/2024 9:00,26.3,74,East North-East,22,35,0,655.2333333,101.45,0,0
10/13/2024 10:00,26.6,71,South South-East,20,39,0,864.9,101.4516667,0,0
10/13/2024 11:00,27,73,South-East,18,37,0,994.5,101.4083333,0,0
10/13/2024 12:00,26.9,71,East South-East,22,37,0,1023.316667,101.3466667,0,0
10/13/2024 13:00,26.9,69,South South-East,21,40,0,1000.866667,101.275,0,0
10/13/2024 14:00,26.8,69,East North-East,20,37,0,915.6333333,101.1783333,0,0
10/13/2024 15:00,26.8,73,South South-West,21,35,0,748.8166667,101.125,0,0
10/13/2024 16:00,26.4,70,South,19,40,0,539.3166667,101.1266667,0,0
10/13/2024 17:00,25.9,73,South South-West,18,37,0,277.0833333,101.155,0,0
10/13/2024 18:00,24.9,74,South South-West,11,37,0,60.93333333,101.2083333,0,0
10/13/2024 19:00,24.8,78,South South-West,22,43,0,0.233333333,101.2533333,0,0
10/13/2024 20:00,24.6,79,South South-West,22,42,0,0,101.265,0,0
10/13/2024 21:00,25,81,East,28,38,0,0,101.3066667,0,0
10/13/2024 22:00,24.9,81,North-East,22,36,0,0,101.33,0,0
10/13/2024 23:00,24.6,79,East,15,30,0,0,101.3383333,0,0
10/14/2024 0:00,24.3,81,South South-West,12,28,0,0,101.3016667,0,0
10/14/2024 1:00,23.8,82,South-West,6,26,0,0,101.2566667,0,0
10/14/2024 2:00,24.1,81,South South-West,10,26,0,0,101.1766667,0,0
10/14/2024 3:00,24,79,South South-West,12,28,0,0,101.1133333,0,0
10/14/2024 4:00,23.7,82,South-West,6,27,0,0,101.0966667,0,0
10/14/2024 5:00,23.7,80,South-West,4,18,0,0,101.1566667,0,0
10/14/2024 6:00,24,79,South-West,4,14,0,13.7,101.2266667,0,0
10/14/2024 7:00,25.7,77,South South-West,13,27,0,216.9666667,101.25,0,0
10/14/2024 8:00,26.5,71,South South-West,12,25,0,472.3833333,101.285,0,0
10/14/2024 9:00,26.5,73,East,13,24,0,652.2666667,101.3416667,0,0
10/14/2024 10:00,26.7,75,East South-East,12,21,0,824.7166667,101.345,0,0
10/14/2024 11:00,26.9,74,South-East,8,19,0,978.2333333,101.3216667,0,0
10/14/2024 12:00,28,65,South South-West,7,22,0,1008.616667,101.2566667,0,0
10/14/2024 13:00,28.4,66,South-West,9,23,0,999.05,101.1683333,0,0
10/14/2024 14:00,28.1,68,South-West,9,26,0,892.4833333,101.0916667,0,0
10/14/2024 15:00,28.1,64,South-West,10,30,0,741.4,101.0366667,0,0
10/14/2024 16:00,27.7,66,South-West,9,25,0,518.7833333,101.0316667,0,0
10/14/2024 17:00,27,66,South-West,6,25,0,274.5666667,101.045,0,0
10/14/2024 18:00,25.3,72,South South-West,5,20,0,67.78333333,101.1283333,0,0
10/14/2024 19:00,24.7,73,South-West,4,18,0,0.266666667,101.2083333,0,0
10/14/2024 20:00,24.6,77,South-West,4,15,0,0,101.2716667,0,0
10/14/2024 21:00,24.7,72,West South-West,4,12,0,0,101.3283333,0,0
10/14/2024 22:00,24,79,South-West,4,11,0,0,101.3416667,0,0
10/14/2024 23:00,23.8,85,West South-West,2,24,0,0,101.335,0,0
10/15/2024 0:00,23.9,80,West South-West,4,10,0,0,101.2916667,0,0
10/15/2024 1:00,23.3,82,West South-West,3,8,0,0,101.23,0,0
10/15/2024 2:00,24,80,West South-West,8,18,0,0,101.19,0,0
10/15/2024 3:00,23.7,81,South-West,4,17,0,0,101.14,0,0
10/15/2024 4:00,23.5,81,West South-West,4,12,0,0,101.145,0,0
10/15/2024 5:00,23,82,West South-West,4,9,0,0,101.14,0,0
10/15/2024 6:00,22.7,84,West,3,10,0,20.38333333,101.18,0,0
10/15/2024 7:00,25.6,73,West South-West,6,12,0,191.6,101.2316667,0,0
10/15/2024 8:00,26.5,68,West South-West,9,17,0,443.4166667,101.3,0,0
10/15/2024 9:00,26.8,68,West,8,16,0,619.0166667,101.345,0,0
10/15/2024 10:00,26.9,67,West North-West,7,20,0,883.4666667,101.3116667,0,0
10/15/2024 11:00,27.1,66,West North-West,8,18,0,1008.466667,101.2833333,0,0
10/15/2024 12:00,27.4,65,West North-West,7,18,0,1011.783333,101.2333333,0,0
10/15/2024 13:00,27.7,62,West North-West,7,19,0,990.5333333,101.1566667,0,0
10/15/2024 14:00,27.5,62,West North-West,7,18,0,917.6833333,101.0783333,0,0
10/15/2024 15:00,27.9,61,West North-West,8,24,0,725.15,101.015,0,0
10/15/2024 16:00,27.7,60,West,10,20,0,542.7166667,101.0133333,0,0
10/15/2024 17:00,26.6,63,West,5,19,0,265.6333333,101.0383333,0,0
10/15/2024 18:00,25.7,65,West,5,11,0,76.26666667,101.1116667,0,0
10/15/2024 19:00,24.5,72,West South-West,3,9,0,0.316666667,101.21,0,0
10/15/2024 20:00,23.7,75,West,3,6,0,0,101.2516667,0,0
10/15/2024 21:00,23.6,77,West North-West,0,6,0,0,101.3316667,0,0
10/15/2024 22:00,23.1,79,West,3,5,0,0,101.4,0,0
10/15/2024 23:00,22.7,81,West,0,4,0,0,101.3883333,0,0
10/16/2024 0:00,22.8,79,West South-West,0,4,0,0,101.3566667,0,0
10/16/2024 1:00,22.4,82,West South-West,3,6,0,0,101.2866667,0,0
10/16/2024 2:00,23,77,West South-West,3,10,0,0,101.2416667,0,0
10/16/2024 3:00,22.6,80,West South-West,2,6,0,0,101.2266667,0,0
10/16/2024 4:00,22.3,81,West South-West,3,8,0,0,101.2216667,0,0
10/16/2024 5:00,22.4,80,West,2,8,0,0,101.2333333,0,0
10/16/2024 6:00,22.8,80,West,2,8,0,20.81666667,101.28,0,0
10/16/2024 7:00,26.1,68,South South-East,3,7,0,193.7,101.2816667,0,0
10/16/2024 8:00,27.3,63,South-East,4,8,0,442.5,101.3333333,0,0
10/16/2024 9:00,27.7,60,South-East,3,9,0,674.9833333,101.3866667,0,0
10/16/2024 10:00,27.8,62,South-East,4,10,0,845.5333333,101.3966667,0,0
10/16/2024 11:00,28.1,62,South-East,2,9,0,772.4,101.3633333,0,0
10/16/2024 12:00,28.1,61,South-East,4,9,0,866.2833333,101.2916667,0,0
10/16/2024 13:00,28.3,61,South-East,5,10,0,960.4166667,101.2,0,0
10/16/2024 14:00,28.8,60,South-East,3,9,0,720.4333333,101.14,0,0
10/16/2024 15:00,29.1,61,South-East,4,8,0,708.95,101.075,0,0
10/16/2024 16:00,28.6,61,South-East,3,11,0,529.25,101.0616667,0,0
10/16/2024 17:00,28.2,62,South-East,4,10,0,295.9166667,101.06,0,0
10/16/2024 18:00,26.6,71,West,0,8,0,72.01666667,101.1383333,0,0
10/16/2024 19:00,26.5,70,South South-West,5,10,0,0.15,101.2116667,0,0
10/16/2024 20:00,26.7,71,East South-East,6,10,0,0,101.2183333,0,0
10/16/2024 21:00,25.9,83,North-East,9,24,0,0,101.23,0,0
10/16/2024 22:00,25.8,82,North-East,12,20,0,0,101.2716667,0,0
10/16/2024 23:00,25.8,83,East North-East,8,19,0,0,101.2766667,0,0
10/17/2024 0:00,25.9,82,North-East,6,15,0,0,101.2566667,0,0
10/17/2024 1:00,25.9,81,East,9,17,0,0,101.1933333,0,0
10/17/2024 2:00,26,82,East South-East,9,14,0,0,101.14,0,0
10/17/2024 3:00,25.8,84,East South-East,12,16,0,0,101.095,0,0
10/17/2024 4:00,25.7,83,East South-East,13,16,0,0,101.1116667,0,0
10/17/2024 5:00,25.8,82,East South-East,12,19,0,0,101.13,0,0
10/17/2024 6:00,25.7,84,East South-East,12,17,0,19.23333333,101.2216667,0,0
10/17/2024 7:00,26.2,85,East South-East,17,21,0,153.4666667,101.2816667,0,0
10/17/2024 8:00,26.5,82,East,16,23,0,451.8166667,101.3533333,0,0
10/17/2024 9:00,26.8,81,East,13,21,0,689.3666667,101.405,0,0
10/17/2024 10:00,26.6,84,East,19,24,0,881.1,101.4133333,0,0
10/17/2024 11:00,26.9,84,East,17,25,0,944.7666667,101.3933333,0,0
10/17/2024 12:00,27,82,East,15,24,0,972.8,101.345,0,0
10/17/2024 13:00,27,84,East,15,22,0,800.1166667,101.2633333,0,0
10/17/2024 14:00,27.8,78,North-East,19,28,0,369.25,101.1933333,0,0
10/17/2024 15:00,27.9,77,North,16,30,0,701.5666667,101.13,0,0
10/17/2024 16:00,27.8,75,North North-East,14,25,0,543.8833333,101.125,0,0
10/17/2024 17:00,27.7,75,North North-East,10,21,0,281.0833333,101.145,0,0
10/17/2024 18:00,26.9,79,North North-East,9,19,0,68.6,101.1966667,0,0
10/17/2024 19:00,27,80,North-East,9,17,0,0.316666667,101.2766667,0,0
10/17/2024 20:00,26.9,82,East North-East,10,17,0,0,101.3466667,0,0
10/17/2024 21:00,26.9,80,East,10,17,0,0,101.4066667,0,0
10/17/2024 22:00,26.6,81,East South-East,12,16,0,0,101.4633333,0,0
10/17/2024 23:00,26.6,84,East South-East,13,19,0,0,101.485,0,0
10/18/2024 0:00,26.4,82,East South-East,13,18,0,0,101.455,0,0
10/18/2024 1:00,26.3,84,East South-East,12,17,0,0,101.3933333,0,0
10/18/2024 2:00,26.3,86,East,14,19,0,0,101.3633333,0,0
10/18/2024 3:00,26.2,85,East,13,20,0,0,101.355,0,0
10/18/2024 4:00,26,85,East South-East,12,18,0,0,101.3633333,0,0
10/18/2024 5:00,26,85,East South-East,13,17,0,0,101.3983333,0,0
10/18/2024 6:00,26.2,84,East South-East,14,19,0,19.36666667,101.455,0,0
10/18/2024 7:00,26.5,82,East South-East,17,22,0,187.6,101.5033333,0,0
10/18/2024 8:00,26.9,81,East South-East,17,23,0,435.4666667,101.5733333,0,0
10/18/2024 9:00,27.1,81,East,18,23,0,673.8833333,101.6083333,0,0
10/18/2024 10:00,27.1,81,East,17,24,0,813,101.625,0,0
10/18/2024 11:00,27.4,79,East,15,22,0,987.8666667,101.615,0,0
10/18/2024 12:00,27.3,78,East,15,23,0,1017.283333,101.5716667,0,0
10/18/2024 13:00,27.4,77,East,15,23,0,885.1666667,101.4933333,0,0
10/18/2024 14:00,27.5,81,East,14,21,0,878.8833333,101.4283333,0,0
10/18/2024 15:00,27.4,79,East South-East,17,22,0,639.45,101.3683333,0,0
10/18/2024 16:00,27.5,79,East South-East,17,24,0,524.9,101.3533333,0,0
10/18/2024 17:00,27.2,79,South-East,19,26,0,276.5333333,101.365,0,0
10/18/2024 18:00,27.1,82,East South-East,22,27,0,67.13333333,101.4416667,0,0
10/18/2024 19:00,26.9,83,East South-East,23,30,0,0.216666667,101.4933333,0,0
10/18/2024 20:00,26.5,87,East South-East,27,34,0,0,101.52,0,0
10/18/2024 21:00,26.3,85,East South-East,25,36,0,0,101.5933333,0,0
10/18/2024 22:00,26.4,88,East South-East,24,35,0,0,101.65,0,0
10/18/2024 23:00,26.2,89,East South-East,22,33,0.2,0,101.6566667,0,0
10/19/2024 0:00,26.3,87,East South-East,24,31,0,0,101.6133333,0,0
10/19/2024 1:00,26,87,South-East,27,35,0,0,101.5616667,0,0
10/19/2024 2:00,25.7,88,South-East,26,36,0,0,101.5166667,0,0
10/19/2024 3:00,25.4,87,South-East,29,35,0,0,101.4633333,0,0
10/19/2024 4:00,25.5,88,South-East,24,34,0,0,101.4466667,0,0
10/19/2024 5:00,25.4,87,South-East,33,45,0,0,101.4816667,0,0
10/19/2024 6:00,25.5,88,South-East,35,43,0,12.28333333,101.53,0,0
10/19/2024 7:00,26,84,East South-East,34,46,0,198.4833333,101.5366667,0,0
10/19/2024 8:00,26,82,East South-East,36,45,0,409.7333333,101.575,0,0
10/19/2024 9:00,26,85,East South-East,35,45,0,634.85,101.5883333,0,0
10/19/2024 10:00,26,87,East South-East,34,45,0,844.6166667,101.56,0,0
10/19/2024 11:00,26,87,East South-East,32,48,0,943.7,101.535,0,0
10/19/2024 12:00,26.6,81,East South-East,37,48,0,963.15,101.5066667,0,0
10/19/2024 13:00,26.6,84,East South-East,34,49,0,935.6,101.4316667,0,0
10/19/2024 14:00,26.6,84,East South-East,36,49,0,840.4833333,101.385,0,0
10/19/2024 15:00,26.7,81,East South-East,34,46,0,678.5166667,101.3483333,0,0
10/19/2024 16:00,26.7,81,East South-East,36,49,0,466.8333333,101.3183333,0,0
10/19/2024 17:00,26.6,82,East South-East,36,46,0,223.1166667,101.335,0,0
10/19/2024 18:00,26.4,83,East South-East,37,50,0,53.2,101.405,0,0
10/19/2024 19:00,26.3,86,East South-East,36,48,0,0.266666667,101.4516667,0,0
10/19/2024 20:00,26,84,East South-East,35,49,0,0,101.5166667,0,0
10/19/2024 21:00,25.6,85,East South-East,35,48,0,0,101.5783333,0,0
10/19/2024 22:00,25.7,88,East South-East,30,44,0,0,101.5966667,0,0
10/19/2024 23:00,26,85,East South-East,32,46,0,0,101.5883333,0,0
10/20/2024 0:00,24.6,88,East South-East,29,46,0.2,0,101.5466667,0,0
10/20/2024 1:00,26,86,East South-East,31,41,0,0,101.4983333,0,0
10/20/2024 2:00,25.2,86,East,28,43,0,0,101.4433333,0,0
10/20/2024 3:00,26.1,85,East South-East,32,40,0,0,101.3883333,0,0
10/20/2024 4:00,25.9,84,East,31,41,0,0,101.3716667,0,0
10/20/2024 5:00,25.9,85,East,33,43,0,0,101.3916667,0,0
10/20/2024 6:00,25.9,82,East,32,41,0,23.11666667,101.42,0,0
10/20/2024 7:00,26.2,83,East,30,41,0,149.6166667,101.4483333,0,0
10/20/2024 8:00,26.5,83,East,29,40,0,426.5166667,101.4983333,0,0
10/20/2024 9:00,26.5,83,East,31,42,1.6,390.85,101.57,0,0
10/20/2024 10:00,26.6,85,East South-East,28,38,0,723.1666667,101.5633333,0,0
10/20/2024 11:00,27,84,East,30,38,0,962.5333333,101.5366667,0,0
10/20/2024 12:00,25.5,90,East,31,40,0.2,743.8,101.5166667,0,0
10/20/2024 13:00,27,83,East,29,39,0.2,670.4166667,101.45,0,0
10/20/2024 14:00,26.9,81,East South-East,30,40,0,858.4166667,101.4083333,0,0
10/20/2024 15:00,26.9,82,East South-East,32,40,0,690.6,101.38,0,0
10/20/2024 16:00,26.8,82,East South-East,29,39,0,490.7833333,101.355,0,0
10/20/2024 17:00,26.7,84,East South-East,31,40,0,223.7666667,101.3716667,0,0
10/20/2024 18:00,26.5,86,East South-East,30,42,0,73.48333333,101.4366667,0,0
10/20/2024 19:00,26.3,86,East South-East,30,42,0,0.366666667,101.5,0,0
10/20/2024 20:00,26.3,86,East South-East,29,41,0,0,101.52,0,0
10/20/2024 21:00,26,85,East South-East,30,39,0,0,101.5366667,0,0
10/20/2024 22:00,26,85,East South-East,30,41,0,0,101.5366667,0,0
10/20/2024 23:00,25.7,86,East,34,43,0,0,101.4566667,0,0
10/21/2024 0:00,25.7,86,East,29,42,0,0,101.3666667,0,0
10/21/2024 1:00,25.7,87,East South-East,27,39,0,0,101.3416667,0,0
10/21/2024 2:00,25.6,86,East South-East,27,36,0,0,101.32,0,0
10/21/2024 3:00,25.7,87,East South-East,22,34,0,0,101.285,0,0
10/21/2024 4:00,25.7,87,East South-East,23,30,0,0,101.2783333,0,0
10/21/2024 5:00,25.8,87,East,22,30,0,0,101.2933333,0,0
10/21/2024 6:00,26,87,East,22,28,0,15.3,101.35,0,0
10/21/2024 7:00,26.5,86,East,23,31,0,171.4333333,101.39,0,0
10/21/2024 8:00,26.6,85,East,24,31,0,408.2,101.4283333,0,0
10/21/2024 9:00,27,84,East,23,32,0,672.7,101.45,0,0
10/21/2024 10:00,26.9,84,East,24,30,0,818,101.46,0,0
10/21/2024 11:00,27,83,East South-East,23,32,0,814.25,101.4283333,0,0
10/21/2024 12:00,26.7,83,East,26,35,0,780.6666667,101.3766667,0,0
10/21/2024 13:00,27,82,East,21,31,0,1022.633333,101.3,0,0
10/21/2024 14:00,26.8,87,East,27,34,0,830.3666667,101.2066667,0,0
10/21/2024 15:00,26.8,82,East South-East,23,36,0,731.0166667,101.1466667,0,0
10/21/2024 16:00,26.7,87,East South-East,25,42,0,474.4333333,101.1233333,0,0
10/21/2024 17:00,26.8,84,East South-East,24,32,0,190.05,101.165,0,0
10/21/2024 18:00,26.5,84,East South-East,20,32,0,40.15,101.2483333,0,0
10/21/2024 19:00,26.5,87,East South-East,23,30,0,0.183333333,101.2916667,0,0
10/21/2024 20:00,26.5,88,East South-East,27,34,0,0,101.33,0,0
10/21/2024 21:00,25.6,88,East,26,46,0.4,0,101.3633333,0,0
10/21/2024 22:00,26.6,88,East,27,40,0,0,101.3883333,0,0
10/21/2024 23:00,26.4,88,East South-East,25,38,0,0,101.3733333,0,0
10/22/2024 0:00,26.3,87,East South-East,24,36,0,0,101.3166667,0,0
10/22/2024 1:00,26.6,87,East South-East,24,36,0.2,0,101.2633333,0,0
10/22/2024 2:00,26.3,88,East South-East,25,33,0,0,101.2116667,0,0
10/22/2024 3:00,26.5,86,East,24,36,0,0,101.1766667,0,0
10/22/2024 4:00,26.4,86,East,24,34,0,0,101.1816667,0,0
10/22/2024 5:00,26.4,83,East,23,33,0,0,101.235,0,0
10/22/2024 6:00,26.3,87,East South-East,21,31,0,10,101.2933333,0,0
10/22/2024 7:00,26.1,83,East,26,35,0,107.1833333,101.3533333,0,0
10/22/2024 8:00,26.4,85,East,21,28,0,367.9666667,101.3683333,0,0
10/22/2024 9:00,26.6,88,East South-East,22,28,0,563.55,101.395,0,0
10/22/2024 10:00,26.51329113,89.37578944,East,21.58001992,30.17605396,0,854.8666667,101.365,1,0
10/22/2024 11:00,27.6,83,East North-East,23,30,0,974.5166667,101.3333333,0,0
10/22/2024 12:00,27.5,82,East,23,30,0,839.2333333,101.2783333,0,0
10/22/2024 13:00,27.8,82,East North-East,24,30,0,839.9,101.24,0,0
10/22/2024 14:00,27.9,82,East North-East,23,31,0,776.2166667,101.1966667,0,0
10/22/2024 15:00,27.8,80,East North-East,23,30,0,576.3666667,101.1616667,0,0
10/22/2024 16:00,27.7,81,East North-East,24,35,0,493.6,101.145,0,0
10/22/2024 17:00,27.7,81,East North-East,20,30,0,259.6166667,101.19,0,0
10/22/2024 18:00,27.3,84,East,19,24,0,41.88333333,101.31,0,0
10/22/2024 19:00,27.2,84,East South-East,21,27,0,0.233333333,101.4016667,0,0
10/22/2024 20:00,27.2,84,East South-East,21,27,0,0,101.4733333,0,0
10/22/2024 21:00,27,86,East South-East,21,27,0,0,101.525,0,0
10/22/2024 22:00,26.9,86,East South-East,22,28,0,0,101.585,0,0
10/22/2024 23:00,26.7,87,East South-East,21,29,0,0,101.5633333,0,0
10/23/2024 0:00,26.5,89,East South-East,19,27,0,0,101.5183333,0,0
10/23/2024 1:00,26.4,89,East South-East,22,27,0,0,101.4616667,0,0
10/23/2024 2:00,26.5,89,East,22,32,0,0,101.36,0,0
10/23/2024 3:00,26.6,87,East,23,30,0,0,101.3333333,0,0
10/23/2024 4:00,26.7,87,East,22,30,0,0,101.3433333,0,0
10/23/2024 5:00,26.6,87,East,22,30,0,0,101.3766667,0,0
10/23/2024 6:00,26.7,86,East,26,33,0,14.53333333,101.4033333,0,0
10/23/2024 7:00,26.9,87,East,25,33,0,113.3,101.4583333,0,0
10/23/2024 8:00,27.2,84,East,21,29,0,319.6833333,101.5266667,0,0
10/23/2024 9:00,27.4,83,East,20,26,0,572.8,101.5766667,0,0
10/23/2024 10:00,27.6,82,East,18,27,0,852.9833333,101.58,0,0
10/23/2024 11:00,27.8,82,East,19,26,0,955.2833333,101.5466667,0,0
10/23/2024 12:00,27.8,83,East,21,26,0,1020.85,101.5016667,0,0
10/23/2024 13:00,27.9,83,East,19,30,0,967.6166667,101.435,0,0
10/23/2024 14:00,28,84,East,23,30,0,770.25,101.3933333,0,0
10/23/2024 15:00,27.5,82,East,22,31,0,471.1666667,101.3533333,0,0
10/23/2024 16:00,27.5,86,East South-East,24,32,0,359.9166667,101.3633333,0,0
10/23/2024 17:00,27.4,87,East South-East,25,35,0,187.85,101.37,0,0
10/23/2024 18:00,27.2,86,East South-East,26,35,0,76.01666667,101.4233333,0,0
10/23/2024 19:00,27.1,85,East South-East,25,33,0,0.216666667,101.5066667,0,0
10/23/2024 20:00,27,86,East South-East,27,35,0,0,101.5433333,0,0
10/23/2024 21:00,27.1,87,East South-East,29,37,0,0,101.56,0,0
10/23/2024 22:00,26.9,86,East South-East,28,37,0,0,101.5916667,0,0
10/23/2024 23:00,26.8,86,East South-East,30,39,0,0,101.5766667,0,0
10/24/2024 0:00,26.6,85,East South-East,27,39,0,0,101.5283333,0,0
10/24/2024 1:00,26.3,89,East South-East,32,43,0,0,101.4633333,0,0
10/24/2024 2:00,26.2,87,East South-East,33,44,0,0,101.385,0,0
10/24/2024 3:00,26.3,88,East South-East,32,43,0,0,101.33,0,0
10/24/2024 4:00,26.3,88,East South-East,32,43,0,0,101.33,0,0
10/24/2024 5:00,26.1,87,East South-East,33,46,0,0,101.345,0,0
10/24/2024 6:00,26.1,85,East South-East,35,46,0,14.75,101.425,0,0
10/24/2024 7:00,26.4,85,East South-East,34,47,0,163.4333333,101.4566667,0,0
10/24/2024 8:00,26.4,84,East South-East,33,46,0,309.05,101.5116667,0,0
10/24/2024 9:00,26.5,82,East South-East,37,48,0,348.8,101.54,0,0
10/24/2024 10:00,26.7,82,East South-East,35,47,0,738.75,101.5033333,0,0
10/24/2024 11:00,26.7,81,East South-East,34,48,0,799.9,101.48,0,0
10/24/2024 12:00,26.9,82,East South-East,36,48,0,892.2,101.4433333,0,0
10/24/2024 13:00,26.8,81,East South-East,38,48,0,749.5666667,101.39,0,0
10/24/2024 14:00,26.9,80,East South-East,36,51,0,858.4333333,101.2933333,0,0
10/24/2024 15:00,26.9,81,East South-East,39,50,0,425.95,101.2766667,0,0
10/24/2024 16:00,26.7,83,East South-East,40,53,0,246.65,101.2183333,0,0
10/24/2024 17:00,26,89,East South-East,38,58,0,98.23333333,101.2333333,0,0
10/24/2024 18:00,26.1,82,East South-East,49,64,0,35.8,101.2933333,0,0
10/24/2024 19:00,25.9,79,East South-East,45,63,0,0.1,101.375,0,0
10/24/2024 20:00,25.9,79,East South-East,46,63,0,0,101.4216667,0,0
10/24/2024 21:00,25.9,78,East South-East,43,59,0,0,101.4616667,0,0
10/24/2024 22:00,25.8,77,East South-East,42,58,0,0,101.4716667,0,0
10/24/2024 23:00,25.7,79,East South-East,40,57,0,0,101.4333333,0,0
10/25/2024 0:00,25.7,77,East South-East,44,57,0,0,101.3866667,0,0
10/25/2024 1:00,25.8,76,East South-East,40,56,0,0,101.335,0,0
10/25/2024 2:00,25.7,80,East South-East,36,56,0,0,101.28,0,0
10/25/2024 3:00,25.7,81,East South-East,35,52,0,0,101.24,0,0
10/25/2024 4:00,25.4,85,East South-East,39,52,0,0,101.2266667,0,0
10/25/2024 5:00,25.4,81,East South-East,41,54,0,0,101.2616667,0,0
10/25/2024 6:00,25.1,84,East South-East,42,55,0,23.68333333,101.305,0,0
10/25/2024 7:00,24.9,82,South-East,44,59,0,154.15,101.33,0,0
10/25/2024 8:00,25.3,82,East South-East,42,61,0,314.6,101.3783333,0,0
10/25/2024 9:00,25.6,81,East South-East,43,58,0,395.9666667,101.4166667,0,0
10/25/2024 10:00,25.5,80,East South-East,46,63,0,598.8,101.385,0,0
10/25/2024 11:00,25.6,79,East South-East,46,59,0,929.3166667,101.3316667,0,0
10/25/2024 12:00,25.9,78,East South-East,42,59,0,1037.766667,101.2716667,0,0
10/25/2024 13:00,25.4,82,East South-East,39,60,0,897.7,101.2066667,0,0
10/25/2024 14:00,25.7,78,East South-East,45,60,0,806.2166667,101.1366667,0,0
10/25/2024 15:00,25.8,78,East South-East,44,62,0,651.95,101.0883333,0,0
10/25/2024 16:00,25.5,78,East South-East,48,65,0,429.7666667,101.04,0,0
10/25/2024 17:00,25.4,79,East South-East,46,62,0,260.6166667,101.0616667,0,0
10/25/2024 18:00,25.1,77,East South-East,47,61,0,34.53333333,101.1466667,0,0
10/25/2024 19:00,25,75,East South-East,43,59,0,0.133333333,101.2333333,0,0
10/25/2024 20:00,25,77,East South-East,42,61,0,0,101.2733333,0,0
10/25/2024 21:00,24.9,74,East South-East,42,58,0,0,101.2916667,0,0
10/25/2024 22:00,25,75,East South-East,41,56,0,0,101.3266667,0,0
10/25/2024 23:00,25.1,74,East South-East,39,51,0,0,101.3366667,0,0
10/26/2024 0:00,25,74,East South-East,36,50,0,0,101.315,0,0
10/26/2024 1:00,25,75,East South-East,34,48,0,0,101.2566667,0,0
10/26/2024 2:00,24.9,74,East South-East,39,48,0,0,101.2133333,0,0
10/26/2024 3:00,24.8,72,East South-East,36,49,0,0,101.155,0,0
10/26/2024 4:00,24.8,69,East South-East,36,46,0,0,101.1533333,0,0
10/26/2024 5:00,24.7,70,East South-East,33,44,0,0,101.2116667,0,0
10/26/2024 6:00,24.9,69,East South-East,39,48,0,28.05,101.2533333,0,0
10/26/2024 7:00,25.3,65,East South-East,35,49,0,193.35,101.2916667,0,0
10/26/2024 8:00,25.3,68,East South-East,33,45,0,457.7,101.3716667,0,0
10/26/2024 9:00,25.5,67,East South-East,35,44,0,701.6666667,101.3933333,0,0
10/26/2024 10:00,25.7,66,East South-East,35,45,0,885.55,101.3683333,0,0
10/26/2024 11:00,25.8,66,East South-East,32,43,0,1011.6,101.3566667,0,0
10/26/2024 12:00,25.9,62,East South-East,31,46,0,1040.55,101.3183333,0,0
10/26/2024 13:00,26,66,East South-East,32,46,0,1039.916667,101.24,0,0
10/26/2024 14:00,26,68,East South-East,35,48,0,925.8333333,101.155,0,0
10/26/2024 15:00,26,69,East South-East,36,52,0,746.3333333,101.1033333,0,0
10/26/2024 16:00,26.1,72,East South-East,34,50,0,528.15,101.0733333,0,0
10/26/2024 17:00,25.9,72,East South-East,34,50,0,294.3833333,101.1366667,0,0
10/26/2024 18:00,25.6,72,East South-East,36,47,0,58.8,101.2216667,0,0
10/26/2024 19:00,25.5,74,East South-East,37,49,0,0.233333333,101.31,0,0
10/26/2024 20:00,25.3,73,East South-East,35,51,0,0,101.3383333,0,0
10/26/2024 21:00,25.3,73,East South-East,34,49,0,0,101.3383333,0,0
10/26/2024 22:00,25.3,74,East South-East,33,45,0,0,101.4066667,0,0
10/26/2024 23:00,25.1,71,East South-East,32,46,0,0,101.41,0,0
10/27/2024 0:00,25.1,72,East South-East,29,44,0,0,101.3716667,0,0
10/27/2024 1:00,25.1,71,East South-East,30,40,0,0,101.3116667,0,0
10/27/2024 2:00,25,70,East South-East,28,39,0,0,101.27,0,0
10/27/2024 3:00,25,72,East South-East,29,37,0,0,101.2416667,0,0
10/27/2024 4:00,24.8,74,East South-East,30,39,0,0,101.2033333,0,0
10/27/2024 5:00,24.8,72,East South-East,31,44,0,0,101.145,0,0
10/27/2024 6:00,24.9,71,East South-East,30,44,0,8.6,101.16,0,0
10/27/2024 7:00,25,72,East South-East,30,43,0,81.25,101.2466667,0,0
10/27/2024 8:00,25.3,71,East South-East,32,42,0,260.1666667,101.3233333,0,0
10/27/2024 9:00,25.7,72,East South-East,29,41,0,607,101.3466667,0,0
10/27/2024 10:00,25.7,73,East South-East,28,38,0,645.8,101.3233333,0,0
10/27/2024 11:00,26,73,East South-East,30,39,0,841.4333333,101.2833333,0,0
10/27/2024 12:00,26.1,72,East,28,40,0,913.2166667,101.2566667,0,0
10/27/2024 13:00,26.2,72,East,28,38,0,923.7666667,101.215,0,0
10/27/2024 14:00,26.2,71,East,28,39,0,798.8166667,101.13,0,0
10/27/2024 15:00,26.3,72,East South-East,27,38,0,569.1833333,101.115,0,0
10/27/2024 16:00,26.1,72,East South-East,30,38,0,381.5333333,101.0916667,0,0
10/27/2024 17:00,26.3,70,East South-East,30,40,0,290.4333333,101.1216667,0,0
10/27/2024 18:00,26.1,70,East South-East,29,39,0,59.68333333,101.1916667,0,0
10/27/2024 19:00,26.2,74,East South-East,28,37,0,0.65,101.2883333,0,0
10/27/2024 20:00,26,76,East South-East,26,36,0,0,101.3433333,0,0
10/27/2024 21:00,25.9,76,East South-East,27,35,0,0,101.3516667,0,0
10/27/2024 22:00,25.3,85,East South-East,32,39,0,0,101.385,0,0
10/27/2024 23:00,25.2,87,East South-East,30,38,0,0,101.3583333,0,0
10/28/2024 0:00,25.2,86,East South-East,30,42,0,0,101.3366667,0,0
10/28/2024 1:00,25,83,East South-East,33,44,0,0,101.265,0,0
10/28/2024 2:00,25.3,85,East South-East,30,41,0,0,101.2383333,0,0
10/28/2024 3:00,25.2,81,East South-East,27,40,0,0,101.1983333,0,0
10/28/2024 4:00,25,83,East South-East,29,42,0,0,101.1883333,0,0
10/28/2024 5:00,25,81,East South-East,31,42,0,0,101.2566667,0,0
10/28/2024 6:00,25.1,83,East South-East,30,40,0,16.21666667,101.295,0,0
10/28/2024 7:00,25.5,79,East South-East,29,42,0,157.6833333,101.3116667,0,0
10/28/2024 8:00,24.9,87,East South-East,33,47,0,359.8666667,101.365,0,0
10/28/2024 9:00,25.9,77,East South-East,30,41,0,557.8666667,101.4,0,0
10/28/2024 10:00,25.7,80,East South-East,32,41,0,697.6166667,101.38,0,0
10/28/2024 11:00,25.9,78,East South-East,33,44,0,833.8,101.3583333,0,0
10/28/2024 12:00,26.2,79,East South-East,32,42,0,1018.233333,101.3083333,0,0
10/28/2024 13:00,25.8,77,East South-East,33,45,0,992.9833333,101.22,0,0
10/28/2024 14:00,26.1,80,East South-East,35,49,0,888.7833333,101.135,0,0
10/28/2024 15:00,26,75,East South-East,35,46,0,722.2666667,101.08,0,0
10/28/2024 16:00,26.1,76,East South-East,35,47,0,512.75,101.045,0,0
10/28/2024 17:00,25.7,78,East South-East,35,47,0,288.6833333,101.0666667,0,0
10/28/2024 18:00,25.6,77,East South-East,37,46,0,60.75,101.1183333,0,0
10/28/2024 19:00,25.7,77,East South-East,36,47,0,0.466666667,101.1766667,0,0
10/28/2024 20:00,25.6,76,East South-East,33,44,0,0,101.2566667,0,0
10/28/2024 21:00,25.5,76,East South-East,32,44,0,0,101.29,0,0
10/28/2024 22:00,25.4,74,East South-East,33,43,0,0,101.3183333,0,0
10/28/2024 23:00,25.4,74,East South-East,30,41,0,0,101.325,0,0
10/29/2024 0:00,25.3,74,East South-East,29,38,0,0,101.275,0,0
10/29/2024 1:00,25.2,73,East South-East,30,39,0,0,101.2033333,0,0
10/29/2024 2:00,25.1,72,East South-East,28,39,0,0,101.1516667,0,0
10/29/2024 3:00,24.8,74,East South-East,33,43,0,0,101.115,0,0
10/29/2024 4:00,24.9,74,East South-East,34,46,0,0,101.1183333,0,0
10/29/2024 5:00,24.8,74,East South-East,36,46,0,0,101.1533333,0,0
10/29/2024 6:00,24.8,71,East South-East,35,49,0,30.11666667,101.175,0,0
10/29/2024 7:00,25.1,68,East South-East,33,45,0,199.3666667,101.2066667,0,0
10/29/2024 8:00,25.2,71,East South-East,31,45,0,449.45,101.2483333,0,0
10/29/2024 9:00,25.4,68,East South-East,29,42,0,705.4666667,101.2816667,0,0
10/29/2024 10:00,25.5,69,East South-East,30,40,0,894.3166667,101.2933333,0,0
10/29/2024 11:00,25.6,71,East South-East,31,42,0,1013.75,101.2816667,0,0
10/29/2024 12:00,25.7,71,East South-East,31,43,0,1036,101.2616667,0,0
10/29/2024 13:00,25.9,72,East South-East,31,44,0,1027.433333,101.19,0,0
10/29/2024 14:00,25.9,71,East South-East,32,42,0,923.5166667,101.1266667,0,0
10/29/2024 15:00,25.8,70,East South-East,33,42,0,753.9666667,101.0883333,0,0
10/29/2024 16:00,25.9,70,East South-East,33,44,0,535.3666667,101.0766667,0,0
10/29/2024 17:00,25.9,67,East South-East,34,45,0,291.7333333,101.135,0,0
10/29/2024 18:00,25.7,71,East South-East,37,47,0,52.28333333,101.22,0,0
10/29/2024 19:00,25.7,74,East South-East,33,47,0,0.683333333,101.3266667,0,0
10/29/2024 20:00,25.4,75,East South-East,35,46,0,0,101.38,0,0
10/29/2024 21:00,25.4,76,East South-East,34,46,0,0,101.4283333,0,0
10/29/2024 22:00,25.2,73,East South-East,29,46,0,0,101.4416667,0,0
10/29/2024 23:00,25.2,74,East South-East,29,43,0,0,101.4483333,0,0
10/30/2024 0:00,25.2,72,East South-East,28,39,0,0,101.4683333,0,0
10/30/2024 1:00,25.2,75,East South-East,26,36,0,0,101.4066667,0,0
10/30/2024 2:00,25,75,East South-East,26,40,0,0,101.345,0,0
10/30/2024 3:00,25.1,76,East South-East,25,34,0,0,101.3016667,0,0
10/30/2024 4:00,25,75,East South-East,27,36,0,0,101.2933333,0,0
10/30/2024 5:00,24.9,77,East South-East,30,38,0,0,101.3433333,0,0
10/30/2024 6:00,24.9,77,East South-East,27,41,0,19.48333333,101.3783333,0,0
10/30/2024 7:00,25.3,74,East South-East,30,41,0,184.65,101.405,0,0
10/30/2024 8:00,25.7,75,East South-East,27,38,0,410.2333333,101.4283333,0,0
10/30/2024 9:00,25.6,72,East South-East,30,39,0,708.6666667,101.4283333,0,0
10/30/2024 10:00,25.8,70,East South-East,31,42,0,885.8666667,101.4283333,0,0
10/30/2024 11:00,25.9,71,East South-East,29,42,0,1025.916667,101.425,0,0
10/30/2024 12:00,26,69,East South-East,30,43,0,1056.3,101.3983333,0,0
10/30/2024 13:00,26,71,East South-East,30,43,0,1012.95,101.345,0,0
10/30/2024 14:00,26.1,70,East South-East,27,38,0,931.25,101.2783333,0,0
10/30/2024 15:00,26.3,75,East South-East,31,43,0,762.4833333,101.2383333,0,0
10/30/2024 16:00,26,68,East South-East,29,42,0,531,101.2516667,0,0
10/30/2024 17:00,25.8,68,East South-East,27,40,0,251.8,101.2983333,0,0
10/30/2024 18:00,25.7,72,East South-East,30,41,0,44.95,101.3733333,0,0
10/30/2024 19:00,25.6,68,East South-East,28,40,0,0.616666667,101.4416667,0,0
10/30/2024 20:00,25.5,67,East South-East,31,40,0,0,101.495,0,0
10/30/2024 21:00,25.4,69,East South-East,27,40,0,0,101.525,0,0
10/30/2024 22:00,25.3,67,East,28,37,0,0,101.565,0,0
10/30/2024 23:00,25.1,68,East South-East,27,42,0,0,101.5483333,0,0
10/31/2024 0:00,25,67,East South-East,23,37,0,0,101.5383333,0,0
10/31/2024 1:00,24.9,69,East South-East,22,34,0,0,101.5016667,0,0
10/31/2024 2:00,24.8,69,East South-East,25,33,0,0,101.4516667,0,0
10/31/2024 3:00,24.8,66,East South-East,23,32,0,0,101.39,0,0
10/31/2024 4:00,24.6,64,East South-East,22,29,0,0,101.3716667,0,0
10/31/2024 5:00,24.6,69,East South-East,24,30,0,0,101.3816667,0,0
10/31/2024 6:00,24.8,70,South-East,21,30,0,36.26666667,101.4166667,0,0
10/31/2024 7:00,25.1,70,South-East,19,26,0,212.4666667,101.465,0,0
10/31/2024 8:00,25.4,67,South-East,18,26,0,445.4166667,101.5316667,0,0
10/31/2024 9:00,25.7,71,South-East,16,27,0,712.7,101.5766667,0,0
10/31/2024 10:00,25.7,68,South-East,20,27,0,899.2833333,101.56,0,0
10/31/2024 11:00,26.2,67,South-East,15,24,0,1019.766667,101.545,0,0
10/31/2024 12:00,26.1,69,South-East,18,26,0,1081.35,101.5166667,0,0
10/31/2024 13:00,26.2,68,South-East,17,28,0,1050.9,101.435,0,0
10/31/2024 14:00,25.9,69,East South-East,16,33,0,885.15,101.3233333,0,0
10/31/2024 15:00,26.2,73,East South-East,23,34,0,750.8166667,101.265,0,0
10/31/2024 16:00,26.1,77,East South-East,24,37,0,535.45,101.205,0,0
10/31/2024 17:00,26.3,77,East South-East,26,35,0,297.85,101.2216667,0,0
10/31/2024 18:00,25.9,75,East South-East,28,38,0,54.78333333,101.2666667,0,0
10/31/2024 19:00,25.8,76,East South-East,28,38,0,0.7,101.34,0,0
10/31/2024 20:00,25.7,75,East South-East,30,40,0,0,101.3766667,0,0
10/31/2024 21:00,25.6,76,East South-East,29,39,0,0,101.3983333,0,0
10/31/2024 22:00,25.4,75,East South-East,28,39,0,0,101.4716667,0,0
10/31/2024 23:00,25.3,74,East South-East,26,36,0,0,101.47,0,0
11/1/2024 0:00,25.1,74,East South-East,26,36,0,0,101.4033333,0,0
11/1/2024 1:00,25.1,75,East South-East,24,34,0,0,101.3566667,0,0
11/1/2024 2:00,25,75,East South-East,22,32,0,0,101.2866667,0,0
11/1/2024 3:00,24.9,79,East South-East,22,29,0,0,101.2083333,0,0
11/1/2024 4:00,24.8,77,East South-East,21,29,0,0,101.21,0,0
11/1/2024 5:00,24.8,77,East South-East,21,28,0,0,101.2216667,0,0
11/1/2024 6:00,24.9,77,East South-East,21,27,0,14.7,101.2616667,0,0
11/1/2024 7:00,25.3,73,East South-East,21,29,0,180.4333333,101.2766667,0,0
11/1/2024 8:00,25.6,74,East South-East,20,28,0,437.4666667,101.2833333,0,0
11/1/2024 9:00,25.8,71,East,20,27,0,710.3166667,101.2833333,0,0
11/1/2024 10:00,26.1,71,East,19,27,0,899.9666667,101.265,0,0
11/1/2024 11:00,26.1,69,East,20,28,0,1022.866667,101.24,0,0
11/1/2024 12:00,26.2,72,East,19,29,0,1064.833333,101.21,0,0
11/1/2024 13:00,26.4,69,East,17,25,0,1042.766667,101.1616667,0,0
11/1/2024 14:00,26.4,69,East,13,22,0,931.75,101.125,0,0
11/1/2024 15:00,26.5,70,East,13,22,0,775.4833333,101.0833333,0,0
11/1/2024 16:00,26.5,69,East,13,20,0,540.1166667,101.04,0,0
11/1/2024 17:00,26.4,71,East North-East,13,19,0,300.1166667,101.0466667,0,0
11/1/2024 18:00,26.1,72,East,11,18,0,49.98333333,101.1216667,0,0
11/1/2024 19:00,26,73,East South-East,13,19,0,0.866666667,101.19,0,0
11/1/2024 20:00,26.1,73,East South-East,14,19,0,0,101.2433333,0,0
11/1/2024 21:00,26,72,East,12,19,0,0,101.3033333,0,0
11/1/2024 22:00,26.1,73,East,11,18,0,0,101.35,0,0
11/1/2024 23:00,26,70,East,9,16,0,0,101.3616667,0,0
11/2/2024 0:00,25.9,73,East,12,17,0,0,101.3166667,0,0
11/2/2024 1:00,25.7,71,East,11,17,0,0,101.2666667,0,0
11/2/2024 2:00,25.7,72,East South-East,13,20,0,0,101.21,0,0
11/2/2024 3:00,25.6,71,East,14,19,0,0,101.1383333,0,0
11/2/2024 4:00,25.6,71,East North-East,14,21,0,0,101.1033333,0,0
11/2/2024 5:00,25.5,70,East,10,19,0,0,101.1316667,0,0
11/2/2024 6:00,25.9,67,East,9,14,0,40.5,101.18,0,0
11/2/2024 7:00,27.2,61,East South-East,3,11,0,220.7166667,101.225,0,0
11/2/2024 8:00,27.3,63,East,5,8,0,433.3833333,101.2816667,0,0
11/2/2024 9:00,27,62,East,6,14,0,711.25,101.3083333,0,0
11/2/2024 10:00,27,63,East,9,14,0,900.6166667,101.3033333,0,0
11/2/2024 11:00,27.2,61,East,6,15,0,1022.2,101.2866667,0,0
11/2/2024 12:00,27.6,60,East,5,12,0,1039.55,101.275,0,0
11/2/2024 13:00,28.1,59,West South-West,6,16,0,892.05,101.2216667,0,0
11/2/2024 14:00,29.1,55,South South-East,3,19,0,943.6166667,101.1283333,0,0
11/2/2024 15:00,28.6,58,North North-West,5,18,0,787.05,101.0833333,0,0
11/2/2024 16:00,28.5,55,North-West,5,15,0,566.6833333,101.0666667,0,0
11/2/2024 17:00,27.5,62,South,6,12,0,228.2166667,101.09,0,0
11/2/2024 18:00,26.7,60,North North-East,2,13,0,67.58333333,101.1433333,0,0
11/2/2024 19:00,24.8,69,West,3,6,0,0.8,101.2066667,0,0
11/2/2024 20:00,24.2,72,West,0,6,0,0,101.2666667,0,0
11/2/2024 21:00,24.3,71,West,2,6,0,0,101.29,0,0
11/2/2024 22:00,23.8,73,West South-West,0,5,0,0,101.3266667,0,0
11/2/2024 23:00,23.5,74,West South-West,0,3,0,0,101.3233333,0,0
11/3/2024 0:00,23.4,75,West,2,5,0,0,101.2766667,0,0
11/3/2024 1:00,23.2,76,West,0,3,0,0,101.21,0,0
11/3/2024 2:00,23,78,West,0,4,0,0,101.1466667,0,0
11/3/2024 3:00,22.5,80,West,2,4,0,0,101.12,0,0
11/3/2024 4:00,22.3,81,West,0,4,0,0,101.125,0,0
11/3/2024 5:00,22.4,82,West,2,3,0,0,101.1583333,0,0
11/3/2024 6:00,23.3,84,West South-West,2,8,0,41.16666667,101.1783333,0,0
11/3/2024 7:00,26.9,67,East,5,9,0,218.9333333,101.1816667,0,0
11/3/2024 8:00,27.1,63,East,6,10,0,422.1333333,101.23,0,0
11/3/2024 9:00,27.6,66,East South-East,8,11,0,693.5,101.2783333,0,0
11/3/2024 10:00,27.4,69,South-East,10,14,0,883.7,101.3,0,0
11/3/2024 11:00,27.3,68,East South-East,9,17,0,1002.433333,101.2866667,0,0
11/3/2024 12:00,27.9,70,East,8,15,0,1043.983333,101.2566667,0,0
11/3/2024 13:00,27.3,69,East,10,16,0,1013.066667,101.1983333,0,0
11/3/2024 14:00,27.8,71,East,10,18,0,891.5666667,101.1433333,0,0
11/3/2024 15:00,28,71,East,9,16,0,741.8,101.1433333,0,0
11/3/2024 16:00,28.1,73,South-East,8,14,0,516.95,101.1183333,0,0
11/3/2024 17:00,27.8,71,South-East,8,17,0,294,101.1433333,0,0
11/3/2024 18:00,27.7,74,South-East,9,15,0,45.71666667,101.2216667,0,0
11/3/2024 19:00,27.3,74,East South-East,8,19,0,0.583333333,101.2966667,0,0
11/3/2024 20:00,27.5,76,East South-East,13,18,0,0,101.3533333,0,0
11/3/2024 21:00,27.4,76,South-East,13,21,0,0,101.395,0,0
11/3/2024 22:00,27.1,80,East South-East,18,25,0,0,101.4216667,0,0
11/3/2024 23:00,26.9,79,East South-East,19,25,0,0,101.395,0,0
11/4/2024 0:00,26.9,81,East South-East,19,25,0,0,101.3233333,0,0
11/4/2024 1:00,26.7,80,East South-East,19,27,0,0,101.275,0,0
11/4/2024 2:00,26.5,82,East South-East,21,27,0,0,101.2216667,0,0
11/4/2024 3:00,26.5,83,East South-East,21,28,0,0,101.14,0,0
11/4/2024 4:00,26.3,82,East South-East,21,27,0,0,101.1633333,0,0
11/4/2024 5:00,26.2,82,East South-East,22,30,0,0,101.15,0,0
11/4/2024 6:00,26.3,86,East South-East,19,31,0,29.56666667,101.21,0,0
11/4/2024 7:00,26.4,85,East South-East,22,31,0,190.0666667,101.25,0,0
11/4/2024 8:00,26.6,83,East,20,28,0,408.95,101.2783333,0,0
11/4/2024 9:00,26.9,83,East,20,27,0,530.55,101.31,0,0
11/4/2024 10:00,27.2,83,East,18,27,0,791.4333333,101.3,0,0
11/4/2024 11:00,27.5,79,East,18,24,0,847.6666667,101.2833333,0,0
11/4/2024 12:00,27.6,81,East North-East,19,25,0,967.8666667,101.2733333,0,0
11/4/2024 13:00,27.6,83,East,17,24,0,906.7,101.225,0,0
11/4/2024 14:00,27.8,81,East,18,25,0,825.2,101.1816667,0,0
11/4/2024 15:00,28.1,84,East,19,25,0,747.3833333,101.1283333,0,0
11/4/2024 16:00,28,83,East,19,25,0,498.2333333,101.12,0,0
11/4/2024 17:00,27.9,81,East North-East,18,26,0,280.1333333,101.1366667,0,0
11/4/2024 18:00,27.6,84,East North-East,20,25,0,44.81666667,101.2016667,0,0
11/4/2024 19:00,27.5,85,East,18,25,0,0.383333333,101.2733333,0,0
11/4/2024 20:00,27.5,86,East,18,26,0,0,101.3133333,0,0
11/4/2024 21:00,27.5,86,East,20,25,0,0,101.3716667,0,0
11/4/2024 22:00,27.3,85,East,15,26,0,0,101.4216667,0,0
11/4/2024 23:00,27.2,86,East,15,20,0,0,101.4283333,0,0
11/5/2024 0:00,27.1,85,East,14,21,0,0,101.3683333,0,0
11/5/2024 1:00,27.1,85,East,16,21,0,0,101.2966667,0,0
11/5/2024 2:00,27.1,87,East,17,22,0,0,101.2083333,0,0
11/5/2024 3:00,26.9,86,East North-East,16,23,0,0,101.1633333,0,0
11/5/2024 4:00,26.9,86,East North-East,15,24,0,0,101.1583333,0,0
11/5/2024 5:00,27,86,East North-East,14,19,0,0,101.2183333,0,0
11/5/2024 6:00,27.2,86,East North-East,13,19,0,17.98333333,101.2816667,0,0
11/5/2024 7:00,27.6,85,East North-East,11,18,0,175.4333333,101.3233333,0,0
11/5/2024 8:00,27.38327598,88.07317642,East,13.94631063,19.46188401,0,402.4666667,101.3583333,1,0
11/5/2024 9:00,27.8,83,East,10,14,0,462.3166667,101.37,0,0
11/5/2024 10:00,27.9,84,East,10,19,0,732.7,101.3183333,0,0
11/5/2024 11:00,27.7,86,East,12,15,0,384.0333333,101.2916667,0,0
11/5/2024 12:00,27.7,87,East,13,18,0,498.6666667,101.2133333,0,0
11/5/2024 13:00,28.1,84,East,15,20,0,808.2,101.1183333,0,0
11/5/2024 14:00,28.5,82,North-East,13,23,0,546.7333333,101.085,0,0
11/5/2024 15:00,28.5,80,North-East,9,20,0,399.1166667,101.0816667,0,0
11/5/2024 16:00,29.1,76,North North-West,10,18,0,573.6833333,101.04,0,0
11/5/2024 17:00,28,82,North North-West,9,17,0,198.1166667,101.1,0,0
11/5/2024 18:00,27.4,88,North-East,12,18,0,67.46666667,101.1816667,0,0
11/5/2024 19:00,26.8,89,East North-East,4,19,0.6,0.1,101.2466667,0,0
11/5/2024 20:00,27.2,90,North,12,21,0,0,101.23,0,0
11/5/2024 21:00,27.1,89,North North-West,12,22,0,0,101.305,0,0
11/5/2024 22:00,26.9,89,North North-West,8,21,0,0,101.34,0,0
11/5/2024 23:00,27,88,North North-West,8,16,0,0,101.3366667,0,0
11/6/2024 0:00,27,87,North North-West,9,16,0,0,101.295,0,0
11/6/2024 1:00,26.9,89,North North-West,11,20,0,0,101.225,0,0
11/6/2024 2:00,26.3,89,North North-West,15,26,0,0,101.17,0,0
11/6/2024 3:00,26.1,91,North North-West,7,22,0.2,0,101.1233333,0,0
11/6/2024 4:00,25.5,92,North North-West,8,14,0.6,0,101.1433333,0,0
11/6/2024 5:00,25.9,92,North North-West,9,15,0,0,101.16,0,0
11/6/2024 6:00,26.1,91,North North-West,15,24,0,25.11666667,101.2083333,0,0
11/6/2024 7:00,25.8,89,North North-West,20,35,0,86.83333333,101.27,0,0
11/6/2024 8:00,25.3,91,North North-West,13,33,1.4,45.61666667,101.2883333,0,0
11/6/2024 9:00,26.3,90,North North-West,9,23,0.6,134.1,101.2916667,0,0
11/6/2024 10:00,27.4,84,North North-West,18,27,0,431.6,101.2816667,0,0
11/6/2024 11:00,28.6,81,North North-West,15,29,0,857.8333333,101.2183333,0,0
11/6/2024 12:00,28.8,82,North-West,15,27,0,965.55,101.1733333,0,0
11/6/2024 13:00,28.9,77,North-West,18,31,0,1009.833333,101.1316667,0,0
11/6/2024 14:00,28.8,78,North-West,16,30,0,812.4166667,101.07,0,0
11/6/2024 15:00,29,77,North-West,13,27,0,631.3333333,101.04,0,0
11/6/2024 16:00,29,73,North North-West,14,25,0,535.1833333,100.985,0,0
11/6/2024 17:00,28.5,75,North-West,14,28,0,299.45,101.0066667,0,0
11/6/2024 18:00,27.6,82,North-West,15,27,0,41.2,101.0833333,0,0
11/6/2024 19:00,27.5,82,North-West,14,22,0,0.566666667,101.16,0,0
11/6/2024 20:00,27.7,79,North North-West,13,21,0,0,101.215,0,0
11/6/2024 21:00,27.7,82,North North-West,10,21,0,0,101.2583333,0,0
11/6/2024 22:00,27.5,83,North North-West,9,21,0,0,101.3,0,0
11/6/2024 23:00,27,85,North North-West,16,34,0,0,101.2916667,0,0
11/7/2024 0:00,26.5,84,North North-West,10,27,0,0,101.2083333,0,0
11/7/2024 1:00,26.9,85,North North-West,8,18,0,0,101.12,0,0
11/7/2024 2:00,26.9,86,North North-West,12,20,0,0,101.045,0,0
11/7/2024 3:00,27.1,84,North North-West,10,24,0,0,101.01,0,0
11/7/2024 4:00,26.9,85,North North-West,6,18,0,0,101.0216667,0,0
11/7/2024 5:00,27,84,North North-West,7,14,0,0,101.0566667,0,0
11/7/2024 6:00,27.7,80,North North-West,12,18,0,46.45,101.1066667,0,0
11/7/2024 7:00,28.6,77,North-West,8,18,0,222.4833333,101.145,0,0
11/7/2024 8:00,29,75,North-West,8,15,0,345.5666667,101.2033333,0,0
11/7/2024 9:00,28.7,76,North-West,8,16,0,352.9166667,101.23,0,0
11/7/2024 10:00,28.3,82,North-West,5,16,0,183.6666667,101.2183333,0,0
11/7/2024 11:00,27.5,86,South-East,6,13,0,395.5166667,101.1866667,0,0
11/7/2024 12:00,28.9,77,East South-East,7,16,0,662.95,101.15,0,0
11/7/2024 13:00,29.8,72,North-West,10,22,0,815.2666667,101.1033333,0,0
11/7/2024 14:00,29.9,72,North-West,11,24,0,990.55,101.0433333,0,0
11/7/2024 15:00,28.7,78,North-West,10,23,0,368.25,101.0416667,0,0
11/7/2024 16:00,28.5,76,North-West,10,21,0,227.7166667,101.0566667,0,0
11/7/2024 17:00,29,75,North-West,12,20,0,229.8833333,101.085,0,0
11/7/2024 18:00,27.9,83,North,9,18,0,52.38333333,101.1683333,0,0
11/7/2024 19:00,27.5,82,North North-West,5,11,0,0.883333333,101.2483333,0,0
11/7/2024 20:00,27.6,82,North North-West,4,8,0,0,101.2983333,0,0
11/7/2024 21:00,27.5,82,North North-West,8,12,0,0,101.3316667,0,0
11/7/2024 22:00,27.5,84,North North-West,6,15,0,0,101.3683333,0,0
11/7/2024 23:00,27.3,84,North North-West,7,13,0,0,101.3666667,0,0
11/8/2024 0:00,27.1,85,North North-West,6,14,0,0,101.305,0,0
11/8/2024 1:00,27.3,83,North,10,17,0,0,101.2516667,0,0
11/8/2024 2:00,26.9,81,North North-West,6,13,0,0,101.2116667,0,0
11/8/2024 3:00,27,83,North North-West,5,12,0,0,101.19,0,0
11/8/2024 4:00,27,84,North North-West,8,14,0,0,101.2066667,0,0
11/8/2024 5:00,26.9,84,North North-West,9,14,0,0,101.2333333,0,0
11/8/2024 6:00,27.7,83,North,10,16,0,44.51666667,101.2983333,0,0
11/8/2024 7:00,28.3,78,North,10,23,0,200.0166667,101.3333333,0,0
11/8/2024 8:00,28.8,76,North North-East,12,21,0,442.9166667,101.3683333,0,0
11/8/2024 9:00,28.9,76,North North-East,11,19,0,714.3833333,101.4116667,0,0
11/8/2024 10:00,29.5,73,North North-East,13,21,0,900.8166667,101.4033333,0,0
11/8/2024 11:00,28.9,74,North North-East,9,23,0,707.2333333,101.4033333,0,0
11/8/2024 12:00,29.1,72,North,10,19,0,520.0166667,101.3816667,0,0
11/8/2024 13:00,29.9,67,North-West,9,19,0,931.8333333,101.305,0,0
11/8/2024 14:00,30.2,63,North North-West,8,18,0,956.15,101.2566667,0,0
11/8/2024 15:00,30.2,64,North North-West,6,15,0,759.3833333,101.2316667,0,0
11/8/2024 16:00,30,67,North-West,5,13,0,552.2333333,101.2116667,0,0
11/8/2024 17:00,29.7,69,North-West,5,10,0,293.0666667,101.255,0,0
11/8/2024 18:00,28.7,72,West North-West,0,9,0,59.95,101.3433333,0,0
11/8/2024 19:00,27.9,78,West,4,6,0,1.166666667,101.4116667,0,0
11/8/2024 20:00,27.7,80,North-West,4,6,0,0,101.4666667,0,0
11/8/2024 21:00,28.1,79,North-East,5,10,0,0,101.5016667,0,0
11/8/2024 22:00,28.1,78,East,8,13,0,0,101.57,0,0
11/8/2024 23:00,26.8,89,North,12,26,0,0,101.555,0,0
11/9/2024 0:00,26,85,North North-West,9,23,0,0,101.5,0,0
11/9/2024 1:00,25.5,85,North,4,25,0.6,0,101.44,0,0
11/9/2024 2:00,26,89,West North-West,9,19,0,0,101.4016667,0,0
11/9/2024 3:00,26.2,84,North-West,9,21,0,0,101.375,0,0
11/9/2024 4:00,25.8,88,North-West,15,24,0,0,101.4083333,0,0
11/9/2024 5:00,25.6,89,North North-West,5,18,0,0,101.455,0,0
11/9/2024 6:00,26,91,North,10,18,0,15.78333333,101.5333333,0,0
11/9/2024 7:00,26.2,89,North,5,17,0,45.61666667,101.585,0,0
11/9/2024 8:00,26.3,89,East South-East,15,26,0,184.6666667,101.6133333,0,0
11/9/2024 9:00,26.4,86,South-East,16,21,0,427.8166667,101.595,0,0
11/9/2024 10:00,26.7,85,East South-East,13,21,0,507.65,101.5633333,0,0
11/9/2024 11:00,27.8,80,East South-East,10,17,0,817,101.5116667,0,0
11/9/2024 12:00,27.8,80,East,11,15,0,669.3,101.47,0,0
11/9/2024 13:00,28.2,77,East,10,17,0,971.7833333,101.3983333,0,0
11/9/2024 14:00,28.2,76,East,11,20,0,865.0333333,101.3366667,0,0
11/9/2024 15:00,27.9,79,East,12,21,0,626.1,101.3033333,0,0
11/9/2024 16:00,28.1,78,East,14,21,0,450.8833333,101.2883333,0,0
11/9/2024 17:00,28.1,79,East,15,23,0,209.0166667,101.3116667,0,0
11/9/2024 18:00,27.8,84,East South-East,23,30,0,55.13333333,101.3833333,0,0
11/9/2024 19:00,27.5,82,East South-East,22,32,0,1.133333333,101.4266667,0,0
11/9/2024 20:00,27.7,85,East South-East,21,29,0,0,101.4766667,0,0
11/9/2024 21:00,27.5,85,East South-East,25,32,0,0,101.515,0,0
11/9/2024 22:00,27.5,85,East South-East,23,31,0,0,101.5383333,0,0
11/9/2024 23:00,27.2,87,East South-East,26,34,0,0,101.5266667,0,0
11/10/2024 0:00,26.9,87,South-East,31,39,0,0,101.4683333,0,0
11/10/2024 1:00,26.6,88,South-East,31,39,0,0,101.39,0,0
11/10/2024 2:00,26.5,88,East South-East,27,38,0,0,101.3166667,0,0
11/10/2024 3:00,26.6,88,East South-East,29,38,0,0,101.3,0,0
11/10/2024 4:00,25.6,93,East South-East,25,37,0.2,0,101.335,0,0
11/10/2024 5:00,25.1,95,East South-East,24,36,2,0,101.385,0,0
11/10/2024 6:00,25.8,92,East South-East,21,34,0,16.71666667,101.4233333,0,0
11/10/2024 7:00,26.9,86,East South-East,26,35,0,202.95,101.46,0,0
11/10/2024 8:00,27.2,83,East South-East,25,35,0,398.1333333,101.4783333,0,0
11/10/2024 9:00,26.76093931,86.71661558,East South-East,27.25605215,36.66491745,0,389.6333333,101.52,1,0
11/10/2024 10:00,25.6,92,East South-East,30,39,0.4,300.05,101.5266667,0,0
11/10/2024 11:00,26.6,88,East,23,36,1,290.0166667,101.53,0,0
11/10/2024 12:00,26.2,88,East South-East,22,38,0.6,336.0333333,101.4866667,0,0
11/10/2024 13:00,26.5,86,East South-East,24,35,0.2,445.5,101.42,0,0
11/10/2024 14:00,27.4,83,East South-East,26,34,0,653.3833333,101.3366667,0,0
11/10/2024 15:00,26.6,90,East South-East,28,39,0,380,101.3233333,0,0
11/10/2024 16:00,27,89,East South-East,26,37,0,246.4,101.325,0,0
11/10/2024 17:00,26.7,88,East South-East,24,39,0,197.6333333,101.34,0,0
11/10/2024 18:00,26.7,86,East South-East,30,39,0,47.8,101.4016667,0,0
11/10/2024 19:00,25.8,91,East South-East,34,45,0.4,0.65,101.4683333,0,0
11/10/2024 20:00,26.3,87,East South-East,32,46,0,0,101.545,0,0
11/10/2024 21:00,26.4,86,East South-East,36,46,0,0,101.5683333,0,0
11/10/2024 22:00,26.2,86,East South-East,37,49,0,0,101.5883333,0,0
11/10/2024 23:00,26.3,86,East South-East,34,50,0.2,0,101.5766667,0,0
11/11/2024 0:00,26.1,85,East South-East,35,46,0,0,101.5383333,0,0
11/11/2024 1:00,26.2,84,East South-East,33,48,0,0,101.445,0,0
11/11/2024 2:00,26.1,82,East South-East,33,44,0,0,101.375,0,0
11/11/2024 3:00,26.1,82,East South-East,34,42,0,0,101.3266667,0,0
11/11/2024 4:00,26.1,82,East South-East,34,44,0,0,101.3533333,0,0
11/11/2024 5:00,26,83,East South-East,32,44,0,0,101.3933333,0,0
11/11/2024 6:00,26.2,82,East South-East,25,40,0,28.8,101.48,0,0
11/11/2024 7:00,26.5,80,East South-East,28,36,0,209.8,101.5383333,0,0
11/11/2024 8:00,26.5,78,East South-East,29,39,0,377.7833333,101.585,0,0
11/11/2024 9:00,26.7,79,East South-East,29,37,0,605.4333333,101.615,0,0
11/11/2024 10:00,27,80,East South-East,28,39,0,680.25,101.6033333,0,0
11/11/2024 11:00,26.7,80,East South-East,31,40,0,897.6833333,101.56,0,0
11/11/2024 12:00,26.6,81,East South-East,31,43,0,925.3833333,101.4983333,0,0
11/11/2024 13:00,26.6,85,East South-East,34,44,0,946.7,101.44,0,0
11/11/2024 14:00,26.7,81,East South-East,33,45,0,736.4166667,101.38,0,0
11/11/2024 15:00,26.6,82,East South-East,35,47,0,745.65,101.3416667,0,0
11/11/2024 16:00,26.7,80,East South-East,33,45,0,484.4666667,101.3383333,0,0
11/11/2024 17:00,26.7,79,East South-East,32,44,0,289.4333333,101.365,0,0
11/11/2024 18:00,26.6,81,East South-East,36,46,0,63.76666667,101.4233333,0,0
11/11/2024 19:00,26.5,80,East South-East,34,48,0,1.216666667,101.465,0,0
11/11/2024 20:00,26.4,77,East South-East,33,45,0,0,101.5233333,0,0
11/11/2024 21:00,26.5,79,East South-East,30,43,0,0,101.5633333,0,0
11/11/2024 22:00,26.5,80,East South-East,34,45,0,0,101.5883333,0,0
11/11/2024 23:00,26.3,79,East South-East,35,46,0,0,101.5733333,0,0
11/12/2024 0:00,26.1,78,East South-East,33,44,0,0,101.535,0,0
11/12/2024 1:00,26,78,East South-East,32,44,0,0,101.4866667,0,0
11/12/2024 2:00,26.1,76,East South-East,30,39,0,0,101.435,0,0
11/12/2024 3:00,25.9,77,East South-East,30,38,0,0,101.3916667,0,0
11/12/2024 4:00,26.1,75,East South-East,25,38,0,0,101.4166667,0,0
11/12/2024 5:00,26.1,76,East South-East,28,41,0,0,101.4366667,0,0
11/12/2024 6:00,25.8,79,East South-East,27,42,0,13.4,101.4766667,0,0
11/12/2024 7:00,25.9,81,East South-East,29,40,0,93.75,101.5416667,0,0
11/12/2024 8:00,26,78,East South-East,34,42,0,247.4,101.5583333,0,0
11/12/2024 9:00,26.2,76,East South-East,30,44,0,564.5166667,101.57,0,0
11/12/2024 10:00,26.2,75,East South-East,30,42,0,619.9166667,101.5683333,0,0
11/12/2024 11:00,26.8,74,East South-East,33,44,0,644.5,101.54,0,0
11/12/2024 12:00,26.9,72,East South-East,30,42,0,1089.883333,101.4766667,0,0
11/12/2024 13:00,26.8,72,East South-East,30,42,0,1019.216667,101.4116667,0,0
11/12/2024 14:00,26.9,70,East South-East,30,41,0,887.95,101.3533333,0,0
11/12/2024 15:00,27,69,East South-East,30,45,0,743.8166667,101.3166667,0,0
11/12/2024 16:00,27,72,East South-East,30,42,0,548.7833333,101.315,0,0
11/12/2024 17:00,26.8,74,East South-East,30,42,0,206.4333333,101.3433333,0,0
11/12/2024 18:00,26.7,75,East South-East,31,41,0,48.9,101.3933333,0,0
11/12/2024 19:00,26.6,74,East South-East,32,44,0,0.833333333,101.455,0,0
11/12/2024 20:00,26.5,75,East South-East,32,42,0,0,101.5016667,0,0
11/12/2024 21:00,26.4,73,East South-East,34,44,0,0,101.5366667,0,0
11/12/2024 22:00,26.1,72,East South-East,35,46,0,0,101.5383333,0,0
11/12/2024 23:00,26,72,East South-East,32,46,0,0,101.4966667,0,0
11/13/2024 0:00,25.9,73,East South-East,34,46,0,0,101.4233333,0,0
11/13/2024 1:00,25.8,73,East South-East,35,45,0,0,101.3383333,0,0
11/13/2024 2:00,25.6,72,East South-East,33,47,0,0,101.25,0,0
11/13/2024 3:00,25.7,76,East South-East,31,43,0,0,101.2266667,0,0
11/13/2024 4:00,25.5,74,East South-East,32,42,0,0,101.2416667,0,0
11/13/2024 5:00,25.5,73,East South-East,31,44,0,0,101.2783333,0,0
11/13/2024 6:00,25.5,73,East South-East,30,43,0,15.05,101.3416667,0,0
11/13/2024 7:00,25.8,73,East South-East,28,40,0,144.8166667,101.38,0,0
11/13/2024 8:00,26,69,East South-East,30,43,0,345.7,101.395,0,0
11/13/2024 9:00,26.5,66,East South-East,29,39,0,679.15,101.41,0,0
11/13/2024 10:00,26.5,72,East South-East,29,42,0,837.6,101.3933333,0,0
11/13/2024 11:00,26.5,73,East South-East,30,44,0,842.1333333,101.3633333,0,0
11/13/2024 12:00,26.5,75,East South-East,31,46,0,837.65,101.33,0,0
11/13/2024 13:00,26.5,77,East South-East,32,41,0,861.9,101.28,0,0
11/13/2024 14:00,26.6,77,East South-East,32,43,0,795.75,101.2316667,0,0
11/13/2024 15:00,26.9,78,East South-East,32,42,0,758.45,101.1866667,0,0
11/13/2024 16:00,26.7,77,East South-East,35,45,0,527.1833333,101.1433333,0,0
11/13/2024 17:00,26.6,78,East South-East,36,46,0,292.3333333,101.145,0,0
11/13/2024 18:00,26.3,79,East South-East,37,50,0,61.53333333,101.1733333,0,0
11/13/2024 19:00,26.3,78,East South-East,37,48,0,1.583333333,101.22,0,0
11/13/2024 20:00,26.2,78,East South-East,33,48,0,0,101.2866667,0,0
11/13/2024 21:00,26.2,78,East South-East,33,45,0,0,101.3366667,0,0
11/13/2024 22:00,26.1,78,East South-East,31,44,0,0,101.3583333,0,0
11/13/2024 23:00,26.1,77,East South-East,32,42,0,0,101.3383333,0,0
11/14/2024 0:00,26,82,East South-East,29,39,0,0,101.2633333,0,0
11/14/2024 1:00,26,81,East South-East,29,40,0,0,101.1866667,0,0
11/14/2024 2:00,26,79,East South-East,29,37,0,0,101.1333333,0,0
11/14/2024 3:00,26,79,East South-East,29,37,0,0,101.085,0,0
11/14/2024 4:00,26.1,80,East South-East,25,35,0,0,101.12,0,0
11/14/2024 5:00,26,80,East South-East,22,31,0,0,101.1916667,0,0
11/14/2024 6:00,26.1,78,East South-East,21,29,0,19.6,101.2583333,0,0
11/14/2024 7:00,26.2,77,East South-East,22,29,0,93.55,101.31,0,0
11/14/2024 8:00,26.5,80,East South-East,23,31,0,199.2166667,101.3366667,0,0
11/14/2024 9:00,26.8,76,East South-East,21,30,0,373.35,101.3583333,0,0
11/14/2024 10:00,26.7,82,South-East,23,30,0,498.0833333,101.3716667,0,0
11/14/2024 11:00,26.7,81,South-East,25,30,0,578.15,101.33,0,0
11/14/2024 12:00,26.8,80,South-East,24,32,0,821.9166667,101.255,0,0
11/14/2024 13:00,27.4,79,South-East,26,32,0,878.9333333,101.2,0,0
11/14/2024 14:00,27.4,78,South-East,23,31,0,782.5166667,101.1333333,0,0
11/14/2024 15:00,27.7,77,South-East,21,28,0,575.7,101.105,0,0
11/14/2024 16:00,27.2,81,South-East,21,26,0,343.0166667,101.0866667,0,0
11/14/2024 17:00,27.1,82,East South-East,25,32,0,130.2833333,101.1166667,0,0
11/14/2024 18:00,26.9,82,East South-East,26,32,0,31.36666667,101.1733333,0,0
11/14/2024 19:00,27.1,85,East South-East,23,33,0,0.75,101.2483333,0,0
11/14/2024 20:00,26.9,85,East South-East,27,36,0,0,101.2916667,0,0
11/14/2024 21:00,27,84,East South-East,25,34,0,0,101.3283333,0,0
11/14/2024 22:00,26.9,85,East South-East,22,34,0,0,101.3616667,0,0
11/14/2024 23:00,26.8,85,East South-East,23,31,0,0,101.3633333,0,0
11/15/2024 0:00,26.7,86,East South-East,27,33,0,0,101.2966667,0,0
11/15/2024 1:00,26.5,85,East South-East,29,37,0,0,101.19,0,0
11/15/2024 2:00,26.7,85,East South-East,26,37,0,0,101.1416667,0,0
11/15/2024 3:00,26.6,86,East South-East,23,34,0,0,101.13,0,0
11/15/2024 4:00,26.6,87,East South-East,24,33,0,0,101.145,0,0
11/15/2024 5:00,26.4,88,East South-East,26,35,0,0,101.16,0,0
11/15/2024 6:00,26.4,86,East South-East,21,30,0,36.26666667,101.225,0,0
11/15/2024 7:00,26.7,86,East South-East,21,32,0,203.3,101.2616667,0,0
11/15/2024 8:00,26.9,86,East South-East,23,30,0,438.6333333,101.3183333,0,0
11/15/2024 9:00,26.6,87,East South-East,23,30,0,394.1,101.365,0,0
11/15/2024 10:00,27,85,South-East,22,30,0,560.2833333,101.355,0,0
11/15/2024 11:00,27.2,83,East South-East,15,26,0,1002.45,101.285,0,0
11/15/2024 12:00,27.6,84,East,17,25,0,978,101.2433333,0,0
11/15/2024 13:00,27.9,83,East,14,26,0,950.75,101.195,0,0
11/15/2024 14:00,28,82,East,14,23,0,893.0166667,101.14,0,0
11/15/2024 15:00,28.2,80,East,12,19,0,657.6833333,101.1133333,0,0
11/15/2024 16:00,28,81,East,12,18,0,363.0666667,101.0933333,0,0
11/15/2024 17:00,27.9,80,East North-East,13,18,0,87.88333333,101.1516667,0,0
11/15/2024 18:00,27.2,84,East South-East,19,25,0,37.26666667,101.2116667,0,0
11/15/2024 19:00,26.8,84,East South-East,16,26,0,0.733333333,101.2783333,0,0
11/15/2024 20:00,26.9,88,East South-East,22,28,0,0,101.3083333,0,0
11/15/2024 21:00,27.1,85,East South-East,21,29,0,0,101.325,0,0
11/15/2024 22:00,27.2,87,East South-East,21,28,0,0,101.3766667,0,0
11/15/2024 23:00,27.2,88,East South-East,23,30,0,0,101.395,0,0
11/16/2024 0:00,26.9,88,East South-East,22,32,0,0,101.3333333,0,0
11/16/2024 1:00,26.7,88,East South-East,22,31,0,0,101.2616667,0,0
11/16/2024 2:00,26.6,88,East South-East,25,31,0,0,101.1983333,0,0
11/16/2024 3:00,26.5,86,East,24,31,0,0,101.1633333,0,0
11/16/2024 4:00,26.7,87,East,26,32,0,0,101.1866667,0,0
11/16/2024 5:00,26.7,86,East,23,32,0,0,101.2283333,0,0
11/16/2024 6:00,26.9,85,East,25,34,0,30.15,101.2733333,0,0
11/16/2024 7:00,27.1,84,East,25,32,0,259.6,101.3116667,0,0
11/16/2024 8:00,27.2,85,East,21,32,0,210.5,101.3816667,0,0
11/16/2024 9:00,27.3,83,East,23,30,0,295.75,101.42,0,0
11/16/2024 10:00,27.5,82,East South-East,24,32,0,488.7333333,101.4133333,0,0
11/16/2024 11:00,27.5,84,East South-East,23,33,0,398.2833333,101.4233333,0,0
11/16/2024 12:00,27.6,83,East South-East,24,33,0,447.35,101.3983333,0,0
11/16/2024 13:00,27.8,81,East South-East,27,39,0,813.5,101.3166667,0,0
11/16/2024 14:00,27.5,84,East South-East,27,40,0,677.9333333,101.275,0,0
11/16/2024 15:00,27.7,84,East South-East,27,35,0,709.8833333,101.2383333,0,0
11/16/2024 16:00,27.5,84,East South-East,27,35,0,347.3333333,101.2283333,0,0
11/16/2024 17:00,27.5,85,East,24,33,0,94.46666667,101.2483333,0,0
11/16/2024 18:00,27.6,86,East South-East,23,32,0,26.68333333,101.3216667,0,0
11/16/2024 19:00,27.4,85,East South-East,25,32,0,0.666666667,101.3566667,0,0
11/16/2024 20:00,27.4,86,East South-East,25,35,0,0,101.4266667,0,0
11/16/2024 21:00,27.2,86,East South-East,30,37,0,0,101.465,0,0
11/16/2024 22:00,27.2,84,East South-East,31,40,0,0,101.5,0,0
11/16/2024 23:00,27.1,85,East South-East,34,42,0,0,101.485,0,0
11/17/2024 0:00,27.2,84,East South-East,32,42,0,0,101.4566667,0,0
11/17/2024 1:00,27,86,East South-East,28,41,0,0,101.4166667,0,0
11/17/2024 2:00,26.9,84,East South-East,32,42,0,0,101.37,0,0
11/17/2024 3:00,26.6,85,East South-East,33,42,0,0,101.3466667,0,0
11/17/2024 4:00,26.8,84,East South-East,35,44,0,0,101.3466667,0,0
11/17/2024 5:00,26.8,83,East South-East,34,45,0,0,101.4083333,0,0
11/17/2024 6:00,26.7,82,East South-East,37,48,0,19.08333333,101.4516667,0,0
11/17/2024 7:00,26.8,82,East South-East,37,49,0,80.96666667,101.5116667,0,0
11/17/2024 8:00,26.8,81,East South-East,39,52,0,172.6166667,101.5683333,0,0
11/17/2024 9:00,24.9,84,East,38,63,0,298.95,101.6333333,0,0
11/17/2024 10:00,26.5,85,East,24,45,0,287.0666667,101.655,0,0
11/17/2024 11:00,26.9,83,East South-East,34,44,0,314.1666667,101.615,0,0
11/17/2024 12:00,27,82,East South-East,37,47,0,356.9666667,101.5633333,0,0
11/17/2024 13:00,27.2,82,East South-East,32,50,0,556.6166667,101.4966667,0,0
11/17/2024 14:00,27.4,83,East South-East,31,41,0,632.0166667,101.4416667,0,0
11/17/2024 15:00,27.1,81,East South-East,33,42,0,500.9166667,101.405,0,0
11/17/2024 16:00,27.3,82,East South-East,32,45,0,489.5333333,101.355,0,0
11/17/2024 17:00,27.3,81,East South-East,31,45,0,271.1833333,101.365,0,0
11/17/2024 18:00,27.1,81,East South-East,34,44,0,49.1,101.4233333,0,0
11/17/2024 19:00,27.1,82,East South-East,32,48,0,2.016666667,101.4933333,0,0
11/17/2024 20:00,27,83,East South-East,33,45,0,0,101.5466667,0,0
11/17/2024 21:00,26.9,83,East South-East,35,45,0,0,101.5683333,0,0
11/17/2024 22:00,26.6,83,East South-East,35,46,0,0,101.5883333,0,0
11/17/2024 23:00,26.3,87,East South-East,30,44,0,0,101.5716667,0,0
11/18/2024 0:00,26.8,83,East South-East,33,50,0,0,101.52,0,0
11/18/2024 1:00,26.4,85,East South-East,33,47,0,0,101.4583333,0,0
11/18/2024 2:00,26.6,83,East South-East,36,47,0,0,101.395,0,0
11/18/2024 3:00,26.7,84,East South-East,37,49,0,0,101.3466667,0,0
11/18/2024 4:00,26.6,82,East South-East,34,51,0,0,101.3433333,0,0
11/18/2024 5:00,26.6,82,East South-East,35,46,0,0,101.38,0,0
11/18/2024 6:00,26.6,82,East South-East,35,47,0,18.41666667,101.425,0,0
11/18/2024 7:00,26.9,81,East South-East,35,54,0,214.3833333,101.4666667,0,0
11/18/2024 8:00,26.8,81,East South-East,34,51,0,435.6,101.51,0,0
11/18/2024 9:00,27,79,East South-East,36,48,0,624.6,101.5316667,0,0
11/18/2024 10:00,27.1,77,East South-East,37,46,0,875.9666667,101.5183333,0,0
11/18/2024 11:00,26.8,81,East South-East,35,45,0,1035.333333,101.4933333,0,0
11/18/2024 12:00,27.5,80,East South-East,35,46,0,1012.816667,101.4533333,0,0
11/18/2024 13:00,27.3,80,East South-East,38,49,0,1017.116667,101.3666667,0,0
11/18/2024 14:00,27.3,83,East South-East,39,48,0,948.4166667,101.315,0,0
11/18/2024 15:00,27,83,East South-East,37,49,0,775.15,101.275,0,0
11/18/2024 16:00,26.9,84,East South-East,40,50,0,546.7833333,101.2366667,0,0
11/18/2024 17:00,26.2,85,East South-East,39,54,0,282.95,101.255,0,0
11/18/2024 18:00,26.5,86,East South-East,40,53,0,56.45,101.3416667,0,0
11/18/2024 19:00,26.2,85,East South-East,46,63,0,1.616666667,101.3866667,0,0
11/18/2024 20:00,26.2,82,East South-East,43,57,0,0,101.4266667,0,0
11/18/2024 21:00,26,79,East South-East,46,60,0,0,101.4333333,0,0
11/18/2024 22:00,26.3,81,East South-East,41,59,0,0,101.4533333,0,0
11/18/2024 23:00,26.3,81,East South-East,44,57,0,0,101.4333333,0,0
11/19/2024 0:00,26.3,82,East South-East,42,58,0,0,101.37,0,0
11/19/2024 1:00,26.2,81,South-East,42,57,0,0,101.31,0,0
11/19/2024 2:00,25.7,83,South-East,44,58,0,0,101.28,0,0
11/19/2024 3:00,25.5,83,South-East,39,55,0,0,101.25,0,0
11/19/2024 4:00,25.7,82,East South-East,40,53,0,0,101.2533333,0,0
11/19/2024 5:00,26,79,East South-East,41,55,0,0,101.2566667,0,0
11/19/2024 6:00,26,79,East South-East,40,53,0,35.46666667,101.2783333,0,0
11/19/2024 7:00,25.6,79,South-East,41,53,0,221.4833333,101.3083333,0,0
11/19/2024 8:00,26.1,76,South-East,40,54,0,475.8,101.3466667,0,0
11/19/2024 9:00,26.4,75,East South-East,44,56,0,693.7666667,101.3416667,0,0
11/19/2024 10:00,26.5,70,East South-East,41,57,0,895.5333333,101.335,0,0
11/19/2024 11:00,26.7,71,East South-East,39,52,0,1019.9,101.31,0,0
11/19/2024 12:00,26.6,73,East South-East,42,55,0,1064.816667,101.2483333,0,0
11/19/2024 13:00,26.7,73,East South-East,39,54,0,1010.166667,101.1583333,0,0
11/19/2024 14:00,26.7,75,East South-East,38,56,0,942.0333333,101.08,0,0
11/19/2024 15:00,26.8,76,East South-East,36,51,0,728.5,101.0683333,0,0
11/19/2024 16:00,26.5,74,East South-East,39,49,0,501.9666667,101.0616667,0,0
11/19/2024 17:00,26.5,73,East South-East,38,51,0,200.7833333,101.1066667,0,0
11/19/2024 18:00,26.4,74,East South-East,37,51,0,58.35,101.185,0,0
11/19/2024 19:00,26.3,75,East South-East,37,53,0,1.95,101.2316667,0,0
11/19/2024 20:00,26,74,East South-East,39,53,0,0,101.295,0,0
11/19/2024 21:00,26,78,East South-East,39,55,0,0,101.335,0,0
11/19/2024 22:00,26,74,East South-East,36,53,0,0,101.365,0,0
11/19/2024 23:00,25.9,74,East South-East,34,48,0,0,101.375,0,0
11/20/2024 0:00,25.7,75,East South-East,38,50,0,0,101.3183333,0,0
11/20/2024 1:00,25.6,78,East South-East,37,50,0,0,101.255,0,0
11/20/2024 2:00,25.1,75,East South-East,37,49,0,0,101.1916667,0,0
11/20/2024 3:00,24.9,76,East South-East,32,47,0,0,101.16,0,0
11/20/2024 4:00,25.5,75,East South-East,34,50,0,0,101.1633333,0,0
11/20/2024 5:00,25.4,72,East South-East,32,43,0,0,101.1983333,0,0
11/20/2024 6:00,25.5,70,East South-East,29,41,0,31.46666667,101.2516667,0,0
11/20/2024 7:00,25.8,69,East South-East,30,39,0,225.4666667,101.28,0,0
11/20/2024 8:00,25.7,69,East South-East,29,39,0,456.85,101.3133333,0,0
11/20/2024 9:00,26,71,East South-East,33,41,0,712.3,101.3216667,0,0
11/20/2024 10:00,26,68,East South-East,32,43,0,904.35,101.3166667,0,0
11/20/2024 11:00,26.2,68,East South-East,30,42,0,1025.366667,101.265,0,0
11/20/2024 12:00,26.3,64,East South-East,28,41,0,1072.1,101.2333333,0,0
11/20/2024 13:00,26.4,64,East South-East,27,38,0,1044.266667,101.18,0,0
11/20/2024 14:00,26.4,64,East South-East,27,36,0,944.9833333,101.13,0,0
11/20/2024 15:00,26.5,70,East South-East,27,38,0,778.5833333,101.0783333,0,0
11/20/2024 16:00,26.2,67,East South-East,28,38,0,565.2833333,101.0516667,0,0
11/20/2024 17:00,26.1,66,East South-East,27,49,0,297.1333333,101.0916667,0,0
11/20/2024 18:00,25.8,68,East South-East,26,36,0,47.43333333,101.1733333,0,0
11/20/2024 19:00,25.6,66,East South-East,23,33,0,2.283333333,101.2416667,0,0
11/20/2024 20:00,25.6,67,East South-East,23,31,0,0,101.2966667,0,0
11/20/2024 21:00,25.6,70,East South-East,23,33,0,0,101.3083333,0,0
11/20/2024 22:00,25.5,71,East South-East,25,37,0,0,101.3333333,0,0
11/20/2024 23:00,25.4,71,East South-East,23,35,0,0,101.3266667,0,0
11/21/2024 0:00,25.5,73,East South-East,23,33,0,0,101.2866667,0,0
11/21/2024 1:00,25.2,67,East South-East,22,33,0,0,101.2316667,0,0
11/21/2024 2:00,25.3,70,East South-East,21,29,0,0,101.2066667,0,0
11/21/2024 3:00,25.2,69,East South-East,21,32,0,0,101.2116667,0,0
11/21/2024 4:00,25.4,69,East South-East,20,28,0,0,101.2716667,0,0
11/21/2024 5:00,25.4,70,East South-East,20,28,0,0,101.3216667,0,0
11/21/2024 6:00,25.7,69,East South-East,23,31,0,41.28333333,101.3433333,0,0
11/21/2024 7:00,26,68,East South-East,22,32,0,213.1166667,101.385,0,0
11/21/2024 8:00,26.1,68,East South-East,22,33,0,513.75,101.4133333,0,0
11/21/2024 9:00,26.2,67,East South-East,24,33,0,726.25,101.4333333,0,0
11/21/2024 10:00,26.4,66,East South-East,24,32,0,906.9166667,101.435,0,0
11/21/2024 11:00,26.4,68,East South-East,25,32,0,744.8,101.4083333,0,0
11/21/2024 12:00,26.5,69,East South-East,21,35,0,822.05,101.3583333,0,0
11/21/2024 13:00,26.7,66,East South-East,21,31,0,905.6333333,101.3233333,0,0
11/21/2024 14:00,26.8,68,East South-East,22,32,0,832.5166667,101.29,0,0
11/21/2024 15:00,26.7,69,East South-East,24,33,0,573,101.2633333,0,0
11/21/2024 16:00,27,71,East,24,32,0,573.3,101.2316667,0,0
11/21/2024 17:00,26.8,69,East,22,32,0,288.15,101.2566667,0,0
11/21/2024 18:00,26.7,71,East,23,33,0,52.21666667,101.3116667,0,0
11/21/2024 19:00,26.6,73,East South-East,24,33,0,2.616666667,101.37,0,0
11/21/2024 20:00,26.6,76,East,25,33,0,0,101.41,0,0
11/21/2024 21:00,26.5,77,East,26,34,0,0,101.4416667,0,0
11/21/2024 22:00,26.5,78,East South-East,27,35,0,0,101.445,0,0
11/21/2024 23:00,26.6,78,East South-East,25,36,0,0,101.45,0,0
11/22/2024 0:00,26.5,80,East South-East,28,35,0,0,101.4016667,0,0
11/22/2024 1:00,26.5,82,East South-East,27,38,0,0,101.3183333,0,0
11/22/2024 2:00,26.4,81,East South-East,26,39,0,0,101.28,0,0
11/22/2024 3:00,26.3,86,East South-East,29,39,0,0,101.25,0,0
11/22/2024 4:00,26.1,88,East South-East,28,37,0,0,101.27,0,0
11/22/2024 5:00,26.4,86,East South-East,27,39,0,0,101.295,0,0
11/22/2024 6:00,26.6,85,East South-East,25,35,0,22.61666667,101.3633333,0,0
11/22/2024 7:00,26.7,85,East South-East,26,36,0,78.63333333,101.4283333,0,0
11/22/2024 8:00,27,85,East South-East,29,37,0,259,101.4566667,0,0
11/22/2024 9:00,27.3,85,East South-East,30,39,0,624.9333333,101.4416667,0,0
11/22/2024 10:00,27.4,85,East,28,38,0,816.7666667,101.435,0,0
11/22/2024 11:00,27.5,84,East,26,34,0,965.5,101.4066667,0,0
11/22/2024 12:00,27.7,86,East,26,33,0,936.1,101.355,0,0
11/22/2024 13:00,27.7,81,East,22,34,0,983.3166667,101.3083333,0,0
11/22/2024 14:00,28,85,East,26,36,0,871.8333333,101.2416667,0,0
11/22/2024 15:00,27.9,86,East,26,33,0,684.8833333,101.2433333,0,0
11/22/2024 16:00,27.9,85,East,26,34,0,451.8833333,101.2333333,0,0
11/22/2024 17:00,26.7,83,East,26,38,0,305.2166667,101.2566667,0,0
11/22/2024 18:00,26.5,85,East North-East,17,27,0,32.11666667,101.3833333,0,0
11/22/2024 19:00,26.4,86,East,16,23,0,1.666666667,101.4566667,0,0
11/22/2024 20:00,25.9,89,East South-East,24,34,0,0,101.51,0,0
11/22/2024 21:00,26.9,89,East South-East,24,34,0,0,101.5483333,0,0
11/22/2024 22:00,27.3,88,East South-East,28,36,0,0,101.5266667,0,0
11/22/2024 23:00,27.3,88,East South-East,27,36,0,0,101.5533333,0,0
11/23/2024 0:00,27.1,87,East South-East,28,40,0,0,101.4866667,0,0
11/23/2024 1:00,27,87,East,26,38,0,0,101.425,0,0
11/23/2024 2:00,27.1,87,East South-East,26,35,0,0,101.3983333,0,0
11/23/2024 3:00,27,87,East South-East,28,36,0,0,101.3766667,0,0
11/23/2024 4:00,27.1,88,East South-East,24,34,0,0,101.3583333,0,0
11/23/2024 5:00,27,86,East South-East,27,36,0,0,101.3933333,0,0
11/23/2024 6:00,27.1,87,East,24,35,0,29.15,101.4633333,0,0
11/23/2024 7:00,27.2,86,East,24,37,0.6,152.2833333,101.535,0,0
11/23/2024 8:00,27.4,84,East,24,35,0,272.25,101.5616667,0,0
11/23/2024 9:00,27.22407357,86.37176726,East,25.64312325,35.19360538,0,345.55,101.5466667,1,0
11/23/2024 10:00,27.6,83,East,25,34,0,714.1,101.5333333,0,0
11/23/2024 11:00,27.7,82,East,23,37,0,905.7333333,101.4866667,0,0
11/23/2024 12:00,27.9,81,East,24,32,0,815.35,101.4483333,0,0
11/23/2024 13:00,27.9,82,East,24,32,0,708.9833333,101.3883333,0,0
11/23/2024 14:00,27.9,82,East,23,32,0,825.1833333,101.3316667,0,0
11/23/2024 15:00,28.2,85,East,25,33,0,615.2833333,101.2933333,0,0
11/23/2024 16:00,27.8,83,East South-East,23,37,0,478.7333333,101.265,0,0
11/23/2024 17:00,27.6,85,East South-East,26,33,0,132.4666667,101.3033333,0,0
11/23/2024 18:00,27.6,85,East South-East,29,36,0,48.58333333,101.36,0,0
11/23/2024 19:00,27.4,83,East South-East,27,36,0,1.7,101.4283333,0,0
11/23/2024 20:00,27.5,83,East South-East,25,34,0,0,101.5083333,0,0
11/23/2024 21:00,27.3,85,East South-East,23,30,0,0,101.555,0,0
11/23/2024 22:00,27.1,85,East South-East,24,33,0,0,101.5516667,0,0
11/23/2024 23:00,27.1,86,East South-East,26,33,0,0,101.525,0,0
11/24/2024 0:00,27,86,East,26,35,0,0,101.4483333,0,0
11/24/2024 1:00,26.9,87,East South-East,26,36,0,0,101.3933333,0,0
11/24/2024 2:00,26.8,86,East South-East,23,35,0,0,101.3266667,0,0
11/24/2024 3:00,26.5,86,East,23,31,0,0,101.2933333,0,0
11/24/2024 4:00,26.6,85,East South-East,22,30,0,0,101.2983333,0,0
11/24/2024 5:00,26.5,85,East South-East,24,32,0,0,101.3533333,0,0
11/24/2024 6:00,26.7,85,East South-East,21,29,0,33.7,101.3933333,0,0
11/24/2024 7:00,26.9,86,East South-East,24,33,0,176.5833333,101.4283333,0,0
11/24/2024 8:00,27.5,81,East,18,43,0,357.7166667,101.49,0,0
11/24/2024 9:00,27.9,81,East,22,30,0,694.5166667,101.4833333,0,0
11/24/2024 10:00,27.9,81,East South-East,25,33,0,870.9166667,101.49,0,0
11/24/2024 11:00,27.7,83,East South-East,25,34,0,983.95,101.4533333,0,0
11/24/2024 12:00,27.8,83,East South-East,26,36,0,985.5,101.405,0,0
11/24/2024 13:00,28,82,East South-East,26,34,0,932.75,101.34,0,0
11/24/2024 14:00,28,80,East South-East,24,35,0,901.7666667,101.26,0,0
11/24/2024 15:00,28.2,81,East,25,37,0,691.8666667,101.2116667,0,0
11/24/2024 16:00,28.2,80,East,25,34,0,511.7166667,101.195,0,0
11/24/2024 17:00,28.1,79,East,26,33,0,308.65,101.195,0,0
11/24/2024 18:00,27.8,82,East South-East,26,34,0,74.73333333,101.265,0,0
11/24/2024 19:00,27.7,84,East South-East,23,32,0,3.5,101.355,0,0
11/24/2024 20:00,27,86,East South-East,27,37,0,0,101.395,0,0
11/24/2024 21:00,27.3,84,East South-East,28,37,0,0,101.4583333,0,0
11/24/2024 22:00,27.1,85,East South-East,27,36,0,0,101.4916667,0,0
11/24/2024 23:00,27.2,85,East South-East,22,34,0,0,101.4916667,0,0
11/25/2024 0:00,26.2,85,East,25,40,1.6,0,101.4066667,0,0
11/25/2024 1:00,26.3,88,East North-East,18,43,2,0,101.34,0,0
11/25/2024 2:00,27.1,84,East South-East,25,32,0,0,101.275,0,0
11/25/2024 3:00,27.2,85,East,21,32,0,0,101.24,0,0
11/25/2024 4:00,27,86,East,19,29,0,0,101.245,0,0
11/25/2024 5:00,26.6,84,East South-East,19,35,0,0,101.2833333,0,0
11/25/2024 6:00,27.1,86,East,24,31,0,38.36666667,101.305,0,0
11/25/2024 7:00,27.5,83,East,25,32,0,224.5166667,101.3383333,0,0
11/25/2024 8:00,27.7,81,East,21,31,0,444.6166667,101.4216667,0,0
11/25/2024 9:00,27.9,81,East,22,28,0,632.0166667,101.4483333,0,0
11/25/2024 10:00,28.1,82,East,25,31,0,774.7666667,101.4316667,0,0
11/25/2024 11:00,28.1,82,East,24,32,0,983.9333333,101.395,0,0
11/25/2024 12:00,28.2,83,East,22,31,0,963.3666667,101.3666667,0,0
11/25/2024 13:00,28.4,83,East,22,28,0,954.3666667,101.32,0,0
11/25/2024 14:00,28.1,80,East,19,28,0,658.4333333,101.2383333,0,0
11/25/2024 15:00,28.3,82,East,21,45,0.8,465.5666667,101.2066667,0,0
11/25/2024 16:00,28.2,83,East,22,29,0,525.8166667,101.1666667,0,0
11/25/2024 17:00,28.1,84,East,24,38,0,215.1666667,101.17,0,0
11/25/2024 18:00,27.9,83,East North-East,27,35,0,72.78333333,101.2183333,0,0
11/25/2024 19:00,27.8,83,East North-East,23,33,0,2.2,101.2866667,0,0
11/25/2024 20:00,27.6,83,East,22,28,0,0,101.355,0,0
11/25/2024 21:00,27.3,85,East South-East,14,27,0,0,101.3983333,0,0
11/25/2024 22:00,27.7,85,East,21,30,0,0,101.4266667,0,0
11/25/2024 23:00,27.4,84,East,23,29,0,0,101.4233333,0,0
11/26/2024 0:00,27.4,85,East,22,30,0,0,101.355,0,0
11/26/2024 1:00,27.3,84,East,21,28,0,0,101.2916667,0,0
11/26/2024 2:00,27.2,83,East,19,27,0,0,101.2333333,0,0
11/26/2024 3:00,27.2,84,East,17,23,0,0,101.22,0,0
11/26/2024 4:00,27.1,86,East,18,23,0,0,101.25,0,0
11/26/2024 5:00,27.1,83,East,20,26,0,0,101.2766667,0,0
11/26/2024 6:00,27.3,84,East,19,26,0,35.95,101.3216667,0,0
11/26/2024 7:00,27.5,82,East,23,29,0,204.7666667,101.3783333,0,0
11/26/2024 8:00,27.5,73,East,18,32,0,413.3,101.425,0,0
11/26/2024 9:00,27.8,81,East,18,21,0,646.0166667,101.46,0,0
11/26/2024 10:00,28,80,East,20,25,0,866.7166667,101.4566667,0,0
11/26/2024 11:00,28.4,82,East,18,26,0,985.3833333,101.4566667,0,0
11/26/2024 12:00,28.2,80,East,20,28,0,1074.616667,101.4033333,0,0
11/26/2024 13:00,28.4,79,East,21,27,0,1001.5,101.3366667,0,0
11/26/2024 14:00,28.4,79,East,20,27,0,890.9666667,101.2666667,0,0
11/26/2024 15:00,28.8,81,East,19,29,0,765.2333333,101.1983333,0,0
11/26/2024 16:00,28.3,78,East,19,31,0,559.75,101.165,0,0
11/26/2024 17:00,28.2,80,East South-East,21,28,0,270.1,101.1983333,0,0
11/26/2024 18:00,28,81,East South-East,23,30,0,55.06666667,101.285,0,0
11/26/2024 19:00,28,81,East South-East,22,30,0,4.216666667,101.345,0,0
11/26/2024 20:00,27.9,82,East South-East,22,31,0,0,101.3916667,0,0
11/26/2024 21:00,27.8,81,East,23,31,0,0,101.4,0,0
11/26/2024 22:00,27.5,81,East,23,31,0,0,101.4016667,0,0
11/26/2024 23:00,27.5,81,East,22,29,0,0,101.415,0,0
11/27/2024 0:00,27.3,82,East,20,26,0,0,101.38,0,0
11/27/2024 1:00,27.1,84,East,20,27,0,0,101.3116667,0,0
11/27/2024 2:00,27,81,East,19,26,0,0,101.2533333,0,0
11/27/2024 3:00,27,83,East,22,30,0,0,101.22,0,0
11/27/2024 4:00,26.6,85,East South-East,17,37,0.4,0,101.21,0,0
11/27/2024 5:00,26.9,84,East South-East,16,35,0,0,101.24,0,0
11/27/2024 6:00,26.9,81,East South-East,22,35,2.2,27.71666667,101.27,0,0
11/27/2024 7:00,27.3,80,East South-East,20,29,0,180.95,101.2933333,0,0
11/27/2024 8:00,27.5,77,East South-East,19,30,0,423.05,101.32,0,0
11/27/2024 9:00,27.6,76,East,19,27,0,670.3666667,101.3316667,0,0
11/27/2024 10:00,27.8,78,East,19,27,0,874.35,101.3233333,0,0
11/27/2024 11:00,27.8,76,East,17,26,0,1012.483333,101.295,0,0
11/27/2024 12:00,27.8,77,East,15,25,0,1041.116667,101.26,0,0
11/27/2024 13:00,28.1,78,East,16,26,0,1039.233333,101.2016667,0,0
11/27/2024 14:00,27.9,75,East,15,23,0,945.8,101.1233333,0,0
11/27/2024 15:00,28.1,75,East,15,22,0,784.8833333,101.0516667,0,0
11/27/2024 16:00,28.2,76,East,15,20,0,580.3833333,101.0183333,0,0
11/27/2024 17:00,27.8,75,East,13,21,0,285.1333333,101.045,0,0
11/27/2024 18:00,27.6,75,East South-East,15,21,0,33.83333333,101.1083333,0,0
11/27/2024 19:00,27.5,78,East South-East,12,21,0,2.583333333,101.1666667,0,0
11/27/2024 20:00,27.3,78,East South-East,11,18,0,0,101.2383333,0,0
11/27/2024 21:00,27.3,79,East South-East,15,22,0,0,101.2733333,0,0
11/27/2024 22:00,27.2,80,East South-East,16,20,0,0,101.2683333,0,0
11/27/2024 23:00,27.1,80,East South-East,15,21,0,0,101.255,0,0
11/28/2024 0:00,27,81,East South-East,14,20,0,0,101.21,0,0
11/28/2024 1:00,26.9,80,East,13,20,0,0,101.115,0,0
11/28/2024 2:00,26.9,81,East South-East,12,19,0,0,101.0483333,0,0
11/28/2024 3:00,26.9,83,East South-East,14,21,0,0,101.0283333,0,0
11/28/2024 4:00,26.8,82,East South-East,15,20,0,0,101.0466667,0,0
11/28/2024 5:00,27,81,East South-East,16,22,0,0,101.0566667,0,0
11/28/2024 6:00,27.4,82,East South-East,16,24,0,39.3,101.08,0,0
11/28/2024 7:00,27.6,82,East,18,25,0,228.0333333,101.105,0,0
11/28/2024 8:00,27.7,81,East,21,27,0,462.4833333,101.1216667,0,0
11/28/2024 9:00,28.1,80,East,19,26,0,679.9833333,101.1483333,0,0
11/28/2024 10:00,28,77,East,20,26,0,822.9166667,101.1483333,0,0
11/28/2024 11:00,28,80,East North-East,19,27,0,796.3833333,101.1283333,0,0
11/28/2024 12:00,27.8,82,East,18,27,0,670.7666667,101.1033333,0,0
11/28/2024 13:00,28.4,80,East,17,28,0,761.85,101.0466667,0,0
11/28/2024 14:00,28.1,81,East North-East,20,27,0,435.1833333,100.985,0,0
11/28/2024 15:00,28.1,81,East,21,29,0,445.8666667,100.9183333,0,0
11/28/2024 16:00,28.1,81,East North-East,15,27,0,520.7333333,100.885,0,0
11/28/2024 17:00,27.9,83,East,15,21,0,177.0666667,100.9166667,0,0
11/28/2024 18:00,27.7,82,East,19,24,0,66.8,100.9566667,0,0
11/28/2024 19:00,27.6,84,East,18,28,0,2.9,101.01,0,0
11/28/2024 20:00,27.8,83,East,17,23,0,0,101.1033333,0,0
11/28/2024 21:00,27.7,84,East,15,23,0,0,101.1666667,0,0
11/28/2024 22:00,27.7,83,East,17,23,0,0,101.22,0,0
11/28/2024 23:00,27.6,83,East,16,22,0,0,101.2133333,0,0
11/29/2024 0:00,27.5,83,East,16,22,0,0,101.1516667,0,0
11/29/2024 1:00,26.9,82,East South-East,16,22,0,0,101.0833333,0,0
11/29/2024 2:00,25.1,89,East North-East,16,28,0.8,0,101.04,0,0
11/29/2024 3:00,24.8,90,North,25,39,3.4,0,101.0166667,0,0
11/29/2024 4:00,25.9,85,NA,8,26,2.1,0,101.0066667,0,0
11/29/2024 5:00,26.4,85,NA,7,18,0,0,101.005,0,0
11/29/2024 6:00,27.4,84,NA,21,26,0,30.88333333,101.0366667,0,0
11/29/2024 7:00,27.4,82,East,25,31,0,126.9666667,101.07,0,0
11/29/2024 8:00,27.6,81,East,22,32,0,337.7,101.1,0,0
11/29/2024 9:00,28.2,82,East,23,31,0,489.5333333,101.1583333,0,0
11/29/2024 10:00,28.1,80,East,25,31,0,704.3,101.16,0,0
11/29/2024 11:00,28.1,80,East,24,31,0,700.35,101.1366667,0,0
11/29/2024 12:00,28,80,East,24,31,0,536.2166667,101.075,0,0
11/29/2024 13:00,28.1,80,East,21,28,0,1029.033333,101.01,0,0
11/29/2024 14:00,28.2,79,East,23,32,0,923.4333333,100.9483333,0,0
11/29/2024 15:00,28.2,80,East,25,32,0,742.65,100.8883333,0,0
11/29/2024 16:00,28.2,79,East,25,33,0,511.65,100.8466667,0,0
11/29/2024 17:00,28.2,81,East,20,32,0,289.3833333,100.905,0,0
11/29/2024 18:00,28,82,East,19,27,0,91.13333333,100.985,0,0
11/29/2024 19:00,27.6,83,East,17,27,0,3.183333333,101.0583333,0,0
11/29/2024 20:00,27.8,85,East,17,24,0,0,101.115,0,0
11/29/2024 21:00,27.7,83,East,16,26,0,0,101.135,0,0
11/29/2024 22:00,26.9,87,East South-East,19,36,0,0,101.1633333,0,0
11/29/2024 23:00,27.3,87,East South-East,15,24,0,0,101.1533333,0,0
11/30/2024 0:00,27.4,86,East,19,32,0,0,101.08,0,0
11/30/2024 1:00,27.1,85,East,22,33,0,0,101.0016667,0,0
11/30/2024 2:00,27,89,East,16,26,0,0,100.94,0,0
11/30/2024 3:00,26.7,89,East North-East,15,38,0.4,0,100.9266667,0,0
11/30/2024 4:00,26.9,87,East North-East,14,18,0,0,100.945,0,0
11/30/2024 5:00,26.9,86,North North-East,11,22,0,0,100.9883333,0,0
11/30/2024 6:00,26.3,85,North,6,36,0,34.36666667,101.07,0,0
11/30/2024 7:00,27.9,79,North North-East,9,14,0,222.2833333,101.11,0,0
11/30/2024 8:00,27.704897,86.96522019,North North-East,9.91398839,16.59471177,0,443.3833333,101.1683333,1,0
11/30/2024 9:00,27.9,79,North-East,9,17,0,527.0833333,101.2166667,0,0
11/30/2024 10:00,28.4,77,East North-East,10,16,0,832.7166667,101.2233333,0,0
11/30/2024 11:00,28.7,82,East North-East,11,16,0,1057.266667,101.1883333,0,0
11/30/2024 12:00,28.3,79,East North-East,10,15,0,992.55,101.1666667,0,0
11/30/2024 13:00,28.9,76,North-East,10,18,0,646.3666667,101.14,0,0
11/30/2024 14:00,28.2,80,North-East,19,27,0,397.1,101.105,0,0
11/30/2024 15:00,28,80,North North-East,15,31,0,457.85,101.0933333,0,0
11/30/2024 16:00,28,74,North North-West,8,30,0,287.6333333,101.0833333,0,0
11/30/2024 17:00,27.8,75,North North-East,10,18,0,123.25,101.1216667,0,0
11/30/2024 18:00,27.6,79,North-East,11,18,0,53.21666667,101.16,0,0
11/30/2024 19:00,27.1,83,North-East,7,16,0,0.8,101.2283333,0,0
11/30/2024 20:00,27.5,82,East North-East,14,19,0,0,101.2833333,0,0
11/30/2024 21:00,27.6,80,East,9,17,0,0,101.3283333,0,0
11/30/2024 22:00,27.7,82,East,9,18,0,0,101.34,0,0
11/30/2024 23:00,27.6,78,East,13,16,0,0,101.3316667,0,0
12/1/2024 0:00,27.5,82,East,13,18,0,0,101.28,0,0
12/1/2024 1:00,27.5,83,East,15,22,0,0,101.2283333,0,0
12/1/2024 2:00,27.4,84,East,14,22,0,0,101.165,0,0
12/1/2024 3:00,27.4,85,East,16,21,0,0,101.13,0,0
12/1/2024 4:00,27.5,84,East,12,22,0,0,101.1483333,0,0
12/1/2024 5:00,27.5,84,East,12,19,0,0,101.2116667,0,0
12/1/2024 6:00,27.5,86,East South-East,13,15,0,4.283333333,101.28,0,0
12/1/2024 7:00,27.9,79,East,17,21,0,84.1,101.3466667,0,0
12/1/2024 8:00,28.3,77,East North-East,17,22,0,343.7833333,101.355,0,0
12/1/2024 9:00,28.7,77,East,18,23,0,682.7,101.35,0,0
12/1/2024 10:00,28.7,77,East North-East,21,25,0,894.95,101.3733333,0,0
12/1/2024 11:00,28.9,80,East North-East,23,28,0,965.65,101.35,0,0
12/1/2024 12:00,28.7,78,East North-East,21,28,0,999.5833333,101.3033333,0,0
12/1/2024 13:00,28.6,82,East North-East,26,39,0,619.2666667,101.2516667,0,0
12/1/2024 14:00,28,80,East North-East,24,37,0,462.1333333,101.2033333,0,0
12/1/2024 15:00,28.4,82,East North-East,22,29,0,520.8333333,101.19,0,0
12/1/2024 16:00,28.6,80,East North-East,17,27,0,545.9,101.1533333,0,0
12/1/2024 17:00,28.6,77,East North-East,16,23,0,289.0833333,101.1916667,0,0
12/1/2024 18:00,28.2,78,North-East,17,23,0,48.58333333,101.2516667,0,0
12/1/2024 19:00,28.2,80,North-East,18,26,0,4.55,101.32,0,0
12/1/2024 20:00,28.2,79,East North-East,17,25,0,0,101.3816667,0,0
12/1/2024 21:00,28.1,81,East North-East,16,22,0,0,101.42,0,0
12/1/2024 22:00,28,82,East North-East,17,21,0,0,101.4416667,0,0
12/1/2024 23:00,27.9,83,East North-East,17,22,0,0,101.4366667,0,0
12/2/2024 0:00,27.9,84,East North-East,15,24,0,0,101.3833333,0,0
12/2/2024 1:00,27.7,84,East North-East,17,22,0,0,101.3133333,0,0
12/2/2024 2:00,27.5,83,East,20,26,0,0,101.2366667,0,0
12/2/2024 3:00,27.5,83,East,19,28,0,0,101.195,0,0
12/2/2024 4:00,27,82,East North-East,16,34,0.6,0,101.2,0,0
12/2/2024 5:00,27.4,82,East North-East,22,29,0,0,101.225,0,0
12/2/2024 6:00,27.8,82,East North-East,21,27,0,26.95,101.2666667,0,0
12/2/2024 7:00,28.1,80,East North-East,20,28,0,206.0333333,101.3316667,0,0
12/2/2024 8:00,28.3,79,East North-East,19,28,0,348.0166667,101.39,0,0
12/2/2024 9:00,28.6,77,East North-East,21,28,0,628.9833333,101.405,0,0
12/2/2024 10:00,28.7,76,North-East,20,29,0,894.6666667,101.4033333,0,0
12/2/2024 11:00,28.9,75,North-East,18,26,0,953.0166667,101.3933333,0,0
12/2/2024 12:00,28.8,78,North-East,16,28,0,730.9833333,101.3766667,0,0
12/2/2024 13:00,29.1,75,North-East,16,25,0,849.2333333,101.335,0,0
12/2/2024 14:00,28.4,67,North-East,18,28,0,853.4833333,101.2783333,0,0
12/2/2024 15:00,29.4,73,East North-East,12,23,0,790.15,101.25,0,0
12/2/2024 16:00,28.9,76,East North-East,12,23,0,433.9666667,101.2216667,0,0
12/2/2024 17:00,28.1,79,East North-East,15,26,0,139.1166667,101.2833333,0,0
12/2/2024 18:00,28.3,77,North-East,11,26,0,59.81666667,101.3383333,0,0
12/2/2024 19:00,28.5,77,East North-East,15,21,0,4.183333333,101.3783333,0,0
12/2/2024 20:00,28.4,76,East North-East,16,21,0,0,101.425,0,0
12/2/2024 21:00,28.2,76,East North-East,15,23,0,0,101.4716667,0,0
12/2/2024 22:00,28.1,79,East North-East,17,24,0,0,101.5166667,0,0
12/2/2024 23:00,27.8,78,North-East,16,23,0,0,101.5083333,0,0
12/3/2024 0:00,26.6,84,North,4,22,0,0,101.4516667,0,0
12/3/2024 1:00,26.1,89,West South-West,3,8,0,0,101.3816667,0,0
12/3/2024 2:00,27.4,82,East,14,19,0,0,101.3233333,0,0
12/3/2024 3:00,27.5,82,East,17,24,0,0,101.2866667,0,0
12/3/2024 4:00,27.5,83,East,17,24,0,0,101.29,0,0
12/3/2024 5:00,27.3,82,East,17,23,0,0,101.33,0,0
12/3/2024 6:00,27.5,82,East,18,23,0,21.16666667,101.37,0,0
12/3/2024 7:00,27.9,80,East North-East,19,25,0,212.7833333,101.3783333,0,0
12/3/2024 8:00,28.2,77,East North-East,15,26,0,438.0666667,101.3966667,0,0
12/3/2024 9:00,28.4,75,North-East,17,23,0,662.4833333,101.4316667,0,0
12/3/2024 10:00,28.5,75,North-East,16,23,0,648.3,101.4333333,0,0
12/3/2024 11:00,29.1,73,North-East,14,23,0,967.1166667,101.3983333,0,0
12/3/2024 12:00,28.9,73,North-East,17,25,0,717.9,101.37,0,0
12/3/2024 13:00,28.9,74,North-East,17,25,0,792.8,101.3216667,0,0
12/3/2024 14:00,28.7,75,North-East,15,28,0,575.3166667,101.275,0,0
12/3/2024 15:00,28.6,76,East North-East,18,24,0,638.0666667,101.245,0,0
12/3/2024 16:00,28.4,73,East North-East,17,27,0,413.5333333,101.2383333,0,0
12/3/2024 17:00,28.2,72,East,15,27,0,171.2,101.2783333,0,0
12/3/2024 18:00,28.2,74,East,15,20,0,60.16666667,101.3416667,0,0
12/3/2024 19:00,28,77,East,15,21,0,3.15,101.3933333,0,0
12/3/2024 20:00,28,78,East,17,22,0,0,101.4383333,0,0
12/3/2024 21:00,27.8,78,East,18,27,0,0,101.4766667,0,0
12/3/2024 22:00,27.7,77,East,19,26,0,0,101.495,0,0
12/3/2024 23:00,27.7,76,East,17,24,0,0,101.49,0,0
12/4/2024 0:00,27.5,77,East,19,25,0,0,101.425,0,0
12/4/2024 1:00,27.4,78,East,19,26,0,0,101.345,0,0
12/4/2024 2:00,27.3,78,East,20,26,0,0,101.2733333,0,0
12/4/2024 3:00,27.4,77,East,19,26,0,0,101.2383333,0,0
12/4/2024 4:00,27.4,78,East,19,25,0,0,101.255,0,0
12/4/2024 5:00,27.4,80,East,19,27,0,0,101.3,0,0
12/4/2024 6:00,27.7,79,East,20,28,0,34.18333333,101.3616667,0,0
12/4/2024 7:00,27.6,79,East,19,26,0,129.55,101.4366667,0,0
12/4/2024 8:00,28,80,East,19,25,0,342.4666667,101.47,0,0
12/4/2024 9:00,27.9,78,East,18,25,0,639.9333333,101.4733333,0,0
12/4/2024 10:00,28.6,74,East,18,25,0,851.9666667,101.475,0,0
12/4/2024 11:00,28.4,75,East,17,28,0,894.2166667,101.45,0,0
12/4/2024 12:00,28.6,76,East,17,23,0,1050.416667,101.42,0,0
12/4/2024 13:00,28.8,72,East North-East,20,26,0,985.5333333,101.36,0,0
12/4/2024 14:00,28.9,69,East,18,26,0,904.4333333,101.3083333,0,0
12/4/2024 15:00,28.7,71,East,20,28,0,717.6333333,101.2716667,0,0
12/4/2024 16:00,28.7,77,East,20,28,0,529.8833333,101.2516667,0,0
12/4/2024 17:00,28.5,76,East,21,29,0,241.8833333,101.2683333,0,0
12/4/2024 18:00,27.9,77,East South-East,22,32,0,54.91666667,101.325,0,0
12/4/2024 19:00,27.4,81,East South-East,17,33,0,2.933333333,101.39,0,0
12/4/2024 20:00,27.9,79,East,24,34,0,0,101.4316667,0,0
12/4/2024 21:00,26.9,81,East South-East,20,42,0,0,101.465,0,0
12/4/2024 22:00,27.2,79,East,27,40,0,0,101.48,0,0
12/4/2024 23:00,27.1,84,East South-East,28,37,0,0,101.4466667,0,0
12/5/2024 0:00,27.1,80,East,26,38,0,0,101.39,0,0
12/5/2024 1:00,27.1,77,East,28,37,0,0,101.32,0,0
12/5/2024 2:00,27.1,84,East,28,37,0,0,101.2366667,0,0
12/5/2024 3:00,27.2,82,East,28,37,0,0,101.19,0,0
12/5/2024 4:00,27.4,80,East,27,37,0,0,101.2,0,0
12/5/2024 5:00,27.4,80,East,28,37,0,0,101.2316667,0,0
12/5/2024 6:00,27.4,76,East,28,37,0,28.76666667,101.2966667,0,0
12/5/2024 7:00,27.9,77,East,25,36,0,190.5166667,101.3566667,0,0
12/5/2024 8:00,27.9,77,East,26,34,0,432.9666667,101.3683333,0,0
12/5/2024 9:00,27.5,77,East,26,44,0,644.9833333,101.3733333,0,0
12/5/2024 10:00,28.6,75,East North-East,26,34,0,799.85,101.3833333,0,0
12/5/2024 11:00,28.2,73,East North-East,27,37,0,1025.333333,101.3766667,0,0
12/5/2024 12:00,28.3,75,East North-East,23,38,0,999.9666667,101.3416667,0,0
12/5/2024 13:00,28.6,74,East North-East,23,35,0,785.2,101.2833333,0,0
12/5/2024 14:00,26.7,83,East North-East,33,44.0969297,0.039173736,802.9833333,101.2533333,1,0
12/5/2024 15:00,27.9,76,North-East,18,37,0,333.1666667,101.2616667,0,0
12/5/2024 16:00,27.7,78,East,17,29,0,322.95,101.2366667,0,0
12/5/2024 17:00,27.8,79,East,19,26,0,224.6333333,101.275,0,0
12/5/2024 18:00,27.7,76,East,18,27,0,42.15,101.315,0,0
12/5/2024 19:00,25,85,East,33,65,1.2,2.85,101.4,0,0
12/5/2024 20:00,27.3,82,North-East,17,28,0.8,0,101.4416667,0,0
12/5/2024 21:00,27.7,81,East,20,34,0,0,101.4316667,0,0
12/5/2024 22:00,27.9,77,East,26,33,0,0,101.4366667,0,0
12/5/2024 23:00,27.8,75,East,28,35,0,0,101.43,0,0
12/6/2024 0:00,27.7,74,East,28,37,0,0,101.3666667,0,0
12/6/2024 1:00,27.6,76,East,28,36,0,0,101.32,0,0
12/6/2024 2:00,27.4,79,East,26,36,0,0,101.27,0,0
12/6/2024 3:00,27.5,79,East,24,34,0,0,101.2383333,0,0
12/6/2024 4:00,27.5,76,East,28,38,0,0,101.25,0,0
12/6/2024 5:00,27.5,79,East,29,37,0,0,101.28,0,0
12/6/2024 6:00,27.5,74,East North-East,28,39,0,14.61666667,101.3416667,0,0
12/6/2024 7:00,27.9,71,East North-East,34,42,0,215.45,101.3733333,0,0
12/6/2024 8:00,28.1,69,East North-East,30,39,0,473.4833333,101.3783333,0,0
12/6/2024 9:00,28.2,73,East,28,39,0,691.7166667,101.3883333,0,0
12/6/2024 10:00,28.5,74,East North-East,29,39,0,860.1333333,101.3866667,0,0
12/6/2024 11:00,28.3,73,East,28,37,0,895.1333333,101.3616667,0,0
12/6/2024 12:00,28.6,71,East,30,37,0,916.8333333,101.3383333,0,0
12/6/2024 13:00,28.8,73,East,29,39,0,972.75,101.31,0,0
12/6/2024 14:00,28.8,74,East,27,36,0,863.0333333,101.2766667,0,0
12/6/2024 15:00,28.1,77,East,25,48,0,552.05,101.24,0,0
12/6/2024 16:00,28.6,73,East,25,35,0,572.4833333,101.2033333,0,0
12/6/2024 17:00,28.4,78,East,26,37,0,301.2666667,101.215,0,0
12/6/2024 18:00,28.4,78,East,30,36,0,60.08333333,101.275,0,0
12/6/2024 19:00,28.2,76,East,32,41,0,4.916666667,101.3166667,0,0
12/6/2024 20:00,28.3,76,East,30,39,0,0,101.395,0,0
12/6/2024 21:00,28.1,78,East,29,36,0,0,101.44,0,0
12/6/2024 22:00,28.1,78,East,30,39,0,0,101.4416667,0,0
12/6/2024 23:00,27.9,79,East,30,39,0,0,101.435,0,0
12/7/2024 0:00,27.8,80,East,31,41,0,0,101.3883333,0,0
12/7/2024 1:00,27.7,80,East,28,42,0.2,0,101.31,0,0
12/7/2024 2:00,25.5,84,East,35,62,1,0,101.255,0,0
12/7/2024 3:00,27.6,82,East,30,48,0,0,101.2266667,0,0
12/7/2024 4:00,27.6,80,East,33,48,0.2,0,101.205,0,0
12/7/2024 5:00,27.7,80,East,35,57,1.2,0,101.245,0,0
12/7/2024 6:00,27.6,80,East,32,44,0,40.91666667,101.2966667,0,0
12/7/2024 7:00,27.4,82,East North-East,34,53,0,171.9666667,101.3583333,0,0
12/7/2024 8:00,26.7,83,East,32,55,0.8,301.4166667,101.375,0,0
12/7/2024 9:00,28.1,77,East,33,42,0,621.8666667,101.3483333,0,0
12/7/2024 10:00,28.1,78,East,32,44,0,809.5166667,101.335,0,0
12/7/2024 11:00,28.3,76,East,31,44,0,1013.416667,101.305,0,0
12/7/2024 12:00,28.4,77,East,33,44,0,983.65,101.2666667,0,0
12/7/2024 13:00,28.3,79,East,29,42,0,972.9333333,101.2283333,0,0
12/7/2024 14:00,27.4,81,East,24,40,0.6,259.3333333,101.23,0,0
12/7/2024 15:00,26.9,82,East,27,58,0.2,215.0666667,101.195,0,0
12/7/2024 16:00,27.8,79,East,30,37,0,208.45,101.155,0,0
12/7/2024 17:00,27,81,East,37,55,0,194.4,101.135,0,0
12/7/2024 18:00,27.6,80,East,34,44,0,53.56666667,101.145,0,0
12/7/2024 19:00,27.4,84,East South-East,28,46,0,5.166666667,101.25,0,0
12/7/2024 20:00,27.8,82,East South-East,27,36,0,0,101.3183333,0,0
12/7/2024 21:00,27.7,83,East,29,44,0.4,0,101.3466667,0,0
12/7/2024 22:00,28,77,East,35,45,0,0,101.38,0,0
12/7/2024 23:00,27.7,80,East,31,44,0,0,101.395,0,0
12/8/2024 0:00,27.7,81,East,30,40,0,0,101.3533333,0,0
12/8/2024 1:00,27.7,78,East,34,44,0,0,101.265,0,0
12/8/2024 2:00,26.8,81,East,38,54,0,0,101.1966667,0,0
12/8/2024 3:00,27.2,81,East,31,49,0,0,101.1633333,0,0
12/8/2024 4:00,26.6,83,East,25,45,0,0,101.1683333,0,0
12/8/2024 5:00,27.4,82,East North-East,37,50,0,0,101.1883333,0,0
12/8/2024 6:00,27.4,79,East,34,48,0,21.78333333,101.215,0,0
12/8/2024 7:00,27.7,78,East,35,46,0.6,177.8833333,101.2666667,0,0
12/8/2024 8:00,28.1,76,East,35,47,0,414.6333333,101.2983333,0,0
12/8/2024 9:00,28.1,75,East,33,46,0,654.9,101.3166667,0,0
12/8/2024 10:00,28.1,76,East,34,46,0,813.85,101.3033333,0,0
12/8/2024 11:00,27.9,80,East,31,46,0,960.9333333,101.2466667,0,0
12/8/2024 12:00,28.4,76,East,35,47,0,855.7166667,101.1883333,0,0
12/8/2024 13:00,28.3,75,East,33,45,0,986.1333333,101.1283333,0,0
12/8/2024 14:00,28.4,76,East,33,45,0,891.4333333,101.05,0,0
12/8/2024 15:00,28.4,78,East,35,50,0,705.65,101.01,0,0
12/8/2024 16:00,28.4,78,East,33,48,0,562.45,100.9816667,0,0
12/8/2024 17:00,28.1,79,East,34,44,0,308.5333333,101.0083333,0,0
12/8/2024 18:00,28,79,East,31,44,0,68.15,101.09,0,0
12/8/2024 19:00,27.6,81,East,30,43,0,8.533333333,101.1283333,0,0
12/8/2024 20:00,27,82,East,34,52,0,0,101.1966667,0,0
12/8/2024 21:00,27.8,82,East South-East,28,43,0,0,101.2483333,0,0
12/8/2024 22:00,27.5,83,East South-East,29,45,0,0,101.2616667,0,0
12/8/2024 23:00,27.2,81,East South-East,29,44,0.6,0,101.2766667,0,0
12/9/2024 0:00,26.2,88,East,18,68,4.5,0,101.2266667,0,0
12/9/2024 1:00,27.5,79,East,33,47,0.2,0,101.1416667,0,0
12/9/2024 2:00,27.1,83,East,33,55,0,0,101.0716667,0,0
12/9/2024 3:00,27.2,82,East,31,64,0.4,0,101.0366667,0,0
12/9/2024 4:00,26.1,82,East South-East,18,50,0.4,0,101.0116667,0,0
12/9/2024 5:00,26,82,East South-East,42,57,0,0,101.025,0,0
12/9/2024 6:00,27.3,80,East,32,50,0,8.05,101.0866667,0,0
12/9/2024 7:00,27.1,82,East,28,46,0,145.4,101.1333333,0,0
12/9/2024 8:00,27.6,78,East,36,64,1.2,341.6333333,101.1566667,0,0
12/9/2024 9:00,27.3,78,East,28,48,0.2,336.7666667,101.1933333,0,0
12/9/2024 10:00,27.1,80,East,31,41,0,779.3833333,101.1616667,0,0
12/9/2024 11:00,27.3,77,East,27,51,0,816.9666667,101.1433333,0,0
12/9/2024 12:00,27.3,80,East South-East,21,40,0,859.5,101.0816667,0,0
12/9/2024 13:00,28.2,78,East,25,35,0,860.4166667,101.01,0,0
12/9/2024 14:00,28.4,77,East,29,38,0,943.4833333,100.9416667,0,0
12/9/2024 15:00,28.4,78,East,28,42,0,774.8,100.875,0,0
12/9/2024 16:00,28.2,81,East,27,43,0,554.4,100.86,0,0
12/9/2024 17:00,27.8,80,East,23,51,0,233.6,100.8883333,0,0
12/9/2024 18:00,27.7,79,East South-East,33,45,0,78.3,100.9466667,0,0
12/9/2024 19:00,27.8,81,East South-East,28,43,0,8.133333333,101.015,0,0
12/9/2024 20:00,27,84,East,36,52,0,0,101.0833333,0,0
12/9/2024 21:00,27.3,80,East,28,39,0,0,101.15,0,0
12/9/2024 22:00,25.8,84,East,25,51,0,0,101.1916667,0,0
12/9/2024 23:00,27,83,East South-East,22,32,0,0,101.185,0,0
12/10/2024 0:00,27.5,79,East,27,41,0,0,101.1033333,0,0
12/10/2024 1:00,26.7,81,East,25,55,0,0,101.0283333,0,0
12/10/2024 2:00,27,82,East,31,55,1,0,100.9566667,0,0
12/10/2024 3:00,26.3,76,East,33,50,0.2,0,100.9166667,0,0
12/10/2024 4:00,27.1,78,East,30,44,0,0,100.9116667,0,0
12/10/2024 5:00,26.3,84,East South-East,28,47,0,0,100.9316667,0,0
12/10/2024 6:00,27.5,80,East,36,48,0,21.03333333,100.9766667,0,0
12/10/2024 7:00,27.4,82,East North-East,33,65,1.2,113.6166667,101.0416667,0,0
12/10/2024 8:00,27.8,78,East,39,51,0,240.5666667,101.0533333,0,0
12/10/2024 9:00,27.7,81,East,28,52,0,590.65,101.05,0,0
12/10/2024 10:00,27.8,78,East,29,60,1.2,483.5333333,101.0916667,0,0
12/10/2024 11:00,28,80,East,30,39,0,791.5666667,101.03,0,0
12/10/2024 12:00,28.2,77,East,34,49,0,595.4,100.9566667,0,0
12/10/2024 13:00,28.2,79,East,34,45,0,803.0666667,100.8766667,0,0
12/10/2024 14:00,27.5,79,East,32,50,0,370.9833333,100.85,0,0
12/10/2024 15:00,27.9,79,East,30,44,0,217.45,100.8266667,0,0
12/10/2024 16:00,25.4,80,East,36,54,0,118.1666667,100.8183333,0,0
12/10/2024 17:00,26.3,84,East South-East,18,44,0,97.33333333,100.8366667,0,0
12/10/2024 18:00,27.8,83,East South-East,28,40,0,37.15,100.8483333,0,0
12/10/2024 19:00,27.6,81,East South-East,30,48,0,1.283333333,100.9066667,0,0
12/10/2024 20:00,26.5,80,East,35,52,0,0,100.965,0,0
12/10/2024 21:00,25.5,84,East South-East,36,55,0.4,0,100.9983333,0,0
12/10/2024 22:00,27.9,81,East,36,47,0,0,101.0066667,0,0
12/10/2024 23:00,27.6,81,East,33,45,0,0,101.005,0,0
12/11/2024 0:00,25.6,82,East,36,59,0,0,100.9316667,0,0
12/11/2024 1:00,27.3,80,East,31,48,0,0,100.8633333,0,0
12/11/2024 2:00,27.2,82,East,24,50,0,0,100.7733333,0,0
12/11/2024 3:00,25.4,84,East South-East,36,61,0,0,100.7266667,0,0
12/11/2024 4:00,26.5,82,East,35,48,0,0,100.7333333,0,0
12/11/2024 5:00,26.7,81,East South-East,29,47,0,0,100.7783333,0,0
12/11/2024 6:00,24,89,East,48,73,1.6,1.983333333,100.8266667,0,0
12/11/2024 7:00,24.6,88,East,42,72,1.2,30.05,100.9333333,0,0
12/11/2024 8:00,26.2,80,East,35,51,0.2,80.15,100.9733333,0,0
12/11/2024 9:00,26.9,80,East,33,44,0,62.63333333,101.0233333,0,0
12/11/2024 10:00,25.1,89,East North-East,41,58,6.9,43.73333333,101.04,0,0
12/11/2024 11:00,25.2,91,NA,30,51,3,65.91666667,101.0516667,0,0
12/11/2024 12:00,25.4,86,NA,32,40,0.6,198.55,100.9783333,0,0
12/11/2024 13:00,25.6,83,East North-East,35,43,0,317.65,100.935,0,0
12/11/2024 14:00,25.7,85,East,37,47,0.2,304.3,100.9083333,0,0
12/11/2024 15:00,26.1,85,East,33,45,0,222.9166667,100.86,0,0
12/11/2024 16:00,26.1,82,East,32,43,0,194.8833333,100.8316667,0,0
12/11/2024 17:00,26.1,83,East,28,44,0,72.81666667,100.855,0,0
12/11/2024 18:00,23.9,92,East South-East,35,57,5.3,15.56666667,100.915,0,0
12/11/2024 19:00,25.8,88,NA,32,45,1,0.4,100.9983333,0,0
12/11/2024 20:00,25,90,NA,36,49,2.2,0,101.08,0,0
12/11/2024 21:00,24.7,86,NA,35,53,1,0,101.1483333,0,0
12/11/2024 22:00,25.1,85,East North-East,37,45,0.4,0,101.1483333,0,0
12/11/2024 23:00,25.1,85,East North-East,31,43,0,0,101.18,0,0
12/12/2024 0:00,25.4,87,East North-East,29,42,0,0,101.1483333,0,0
12/12/2024 1:00,25.8,81,East North-East,32,41,0,0,101.04,0,0
12/12/2024 2:00,25.8,78,East North-East,33,42,0,0,100.975,0,0
12/12/2024 3:00,25.7,80,East North-East,27,38,0,0,100.9366667,0,0
12/12/2024 4:00,25.8,77,East North-East,29,37,0,0,100.91,0,0
12/12/2024 5:00,26.3,78,East North-East,28,38,0,0,100.9116667,0,0
12/12/2024 6:00,26.2,77,East North-East,27,34,0,11.65,100.9766667,0,0
12/12/2024 7:00,26.4,77,East North-East,28,38,0,99.7,101.0483333,0,0
12/12/2024 8:00,26.7,78,East,33,41,0,232.6333333,101.085,0,0
12/12/2024 9:00,27.1,76,East,35,45,0,320.9,101.1116667,0,0
12/12/2024 10:00,27.3,74,East,34,46,0,469.5333333,101.1016667,0,0
12/12/2024 11:00,25.6,84,East,37,66,0,398.45,101.065,0,0
12/12/2024 12:00,26.7,81,East North-East,32,48,0,405.2,101.025,0,0
12/12/2024 13:00,26.8,82,East,29,45,0,320.9833333,100.97,0,0
12/12/2024 14:00,26,85,East,35,48,0.4,208.5,100.9066667,0,0
12/12/2024 15:00,26.3,84,East,29,41,0,168.5333333,100.855,0,0
12/12/2024 16:00,26.5,83,East,25,35,0,120.2833333,100.8333333,0,0
12/12/2024 17:00,25.6,90,North-East,21,50,2.2,33.85,100.8816667,0,0
12/12/2024 18:00,26,81,East North-East,23,45,0.8,20.75,100.92,0,0
12/12/2024 19:00,25.5,89,North-East,23,37,0.2,1.483333333,100.9716667,0,0
12/12/2024 20:00,25.5,88,North-East,28,37,0,0,101.055,0,0
12/12/2024 21:00,25.7,87,East,26,40,0,0,101.12,0,0
12/12/2024 22:00,25.9,87,East,32,45,0,0,101.1116667,0,0
12/12/2024 23:00,24.7,94,East South-East,42,69,8.6,0,101.0483333,0,0
12/13/2024 0:00,23.6,96,NA,18,57,15.2,0,101.085,0,0
12/13/2024 1:00,24.3,91,NA,25,36,1,0,101.02,0,0
12/13/2024 2:00,25.5,90,NA,16,31,0,0,100.9216667,0,0
12/13/2024 3:00,25.3,89,East South-East,15,27,0,0,100.8816667,0,0
12/13/2024 4:00,24.9,83,East South-East,19,28,0,0,100.8566667,0,0
12/13/2024 5:00,24.9,89,East,12,23,0.6,0,100.885,0,0
12/13/2024 6:00,23.8,93,East,26,33,3.8,5.333333333,100.9483333,0,0
12/13/2024 7:00,25.1,89,East South-East,23,31,0,106.25,100.9616667,0,0
12/13/2024 8:00,25.6,86,East South-East,22,30,0,209.35,101.0016667,0,0
12/13/2024 9:00,25.8,82,East,20,29,0,265.15,101.0133333,0,0
12/13/2024 10:00,26.3,83,East,17,26,0,369.6166667,101.015,0,0
12/13/2024 11:00,26.6,83,East,19,24,0,592.2166667,100.9783333,0,0
12/13/2024 12:00,26.8,86,East,16,24,0,427.3333333,100.9233333,0,0
12/13/2024 13:00,24,94,North-East,9,49,17.4,204.75,100.9266667,0,0
12/13/2024 14:00,25.7,84,NA,5,14,0,672.6666667,100.8633333,0,0
12/13/2024 15:00,27.3,82,NA,7,15,0,666.1333333,100.805,0,0
12/13/2024 16:00,27.1,79,NA,13,23,0,179.9333333,100.805,0,0
12/13/2024 17:00,25.9,78,North North-East,23,50,0,110.8,100.845,0,0
12/13/2024 18:00,26.1,77,North,7,30,0,29.56666667,100.8883333,0,0
12/13/2024 19:00,25.8,79,North-East,26,49,0,2.283333333,100.995,0,0
12/13/2024 20:00,26.3,79,East North-East,19,45,0,0,101.0483333,0,0
12/13/2024 21:00,27,76,East,15,24,0,0,101.08,0,0
12/13/2024 22:00,26.6,81,East,23,34,0,0,101.095,0,0
12/13/2024 23:00,26.6,83,East South-East,16,29,0,0,101.0883333,0,0
12/14/2024 0:00,26.8,80,East,21,28,0,0,101.0433333,0,0
12/14/2024 1:00,26.6,83,East,20,31,0,0,100.9766667,0,0
12/14/2024 2:00,26.6,84,East,22,32,0,0,100.9083333,0,0
12/14/2024 3:00,26.3,86,East,18,31,0,0,100.8783333,0,0
12/14/2024 4:00,23.1,94,North North-East,22,44,10.1,0,100.9033333,0,0
12/14/2024 5:00,24.5,81,NA,10,32,3.2,0,100.9233333,0,0
12/14/2024 6:00,23.7,90,NA,6,41,8.6,3.65,100.9566667,0,0
12/14/2024 7:00,25.2,85,NA,7,33,0.4,30.68333333,101.01,0,0
12/14/2024 8:00,24.4,92,NA,6,27,5.3,57.7,101.0583333,0,0
12/14/2024 9:00,24.9,90,NA,8,29,3.2,97.73333333,101.1066667,0,0
12/14/2024 10:00,26.1,85,NA,2,15,0,229.75,101.075,0,0
12/14/2024 11:00,26.3,87,NA,3,8,0,130.6666667,101.0516667,0,0
12/14/2024 12:00,26.98607403,86.48471607,NA,NA,NA,0,405.05,100.9966667,1,0
12/14/2024 13:00,28.7,80,North North-East,16,30,0,746.2833333,100.9,0,0
12/14/2024 14:00,28.7,81,North North-East,15,29,0,681.4166667,100.8433333,0,0
12/14/2024 15:00,28.7,80,North North-East,16,28,0,502.2333333,100.825,0,0
12/14/2024 16:00,28.5,82,North North-East,16,25,0,339.7333333,100.8133333,0,0
12/14/2024 17:00,27.6,84,North-East,17,26,0,152.1666667,100.84,0,0
12/14/2024 18:00,27.9,85,North-East,16,24,0,72.1,100.8933333,0,0
12/14/2024 19:00,27.9,85,North-East,14,22,0,3.85,100.97,0,0
12/14/2024 20:00,27.6,84,North-East,15,24,0,0,101.0433333,0,0
12/14/2024 21:00,27.5,83,North-East,14,23,0,0,101.0833333,0,0
12/14/2024 22:00,27.5,86,North-East,11,18,0,0,101.12,0,0
12/14/2024 23:00,27.6,88,North-East,12,17,0,0,101.1333333,0,0
12/15/2024 0:00,27.2,88,East North-East,11,18,0,0,101.1133333,0,0
12/15/2024 1:00,26,80,North-East,19,35,0,0,101.0583333,0,0
12/15/2024 2:00,25.5,84,North,6,28,0,0,101.005,0,0
12/15/2024 3:00,24.7,91,West,0,7,0,0,100.9783333,0,0
12/15/2024 4:00,25.6,90,South,4,7,0,0,100.9766667,0,0
12/15/2024 5:00,26.4,87,East South-East,4,6,0,0,101.0066667,0,0
12/15/2024 6:00,27,76,East,9,23,0,22,101.0366667,0,0
12/15/2024 7:00,27.4,85,East South-East,13,17,0,171.5,101.0966667,0,0
12/15/2024 8:00,26.6,85,North,10,32,7.7,194.6333333,101.1633333,0,0
12/15/2024 9:00,25.4,84,North,7,32,1,133.1,101.2116667,0,0
12/15/2024 10:00,27.4,79,East North-East,8,15,0,539.9333333,101.1733333,0,0
12/15/2024 11:00,28,79,North-East,9,15,0,923.9166667,101.11,0,0
12/15/2024 12:00,27.9,82,East,10,14,0,1086.083333,101.035,0,0
12/15/2024 13:00,27.5,81,North-East,17,28,0,654.15,100.97,0,0
12/15/2024 14:00,28.1,77,North North-East,14,26,0,649.6333333,100.9016667,0,0
12/15/2024 15:00,28.3,77,North North-East,16,26,0,724.25,100.855,0,0
12/15/2024 16:00,28.1,80,North-East,15,24,0,558.55,100.825,0,0
12/15/2024 17:00,27.5,84,East,10,19,0,244.3,100.87,0,0
12/15/2024 18:00,27.5,83,East,8,14,0,74.55,100.91,0,0
12/15/2024 19:00,27.6,85,East,10,14,0,3.4,100.9766667,0,0
12/15/2024 20:00,25.6,87,East North-East,19,39,0.2,0,101.0483333,0,0
12/15/2024 21:00,26.3,87,North-East,10,18,1.6,0,101.1,0,0
12/15/2024 22:00,25.9,88,East,19,32,0,0,101.1383333,0,0
12/15/2024 23:00,24.5,94,East,8,36,22.9,0,101.1583333,0,0
12/16/2024 0:00,24.6,95,NA,13,39,2.6,0,101.1316667,0,0
12/16/2024 1:00,24.5,92,NA,9,19,0,0,101.0383333,0,0
12/16/2024 2:00,25.9,86,NA,12,16,0,0,100.9783333,0,0
12/16/2024 3:00,26.2,85,NA,15,22,0,0,100.955,0,0
12/16/2024 4:00,26.4,86,East North-East,18,22,0,0,100.9333333,0,0
12/16/2024 5:00,26.6,83,East,17,24,0,0,100.9716667,0,0
12/16/2024 6:00,26.6,85,East,16,22,0,16.88333333,101.03,0,0
12/16/2024 7:00,27.1,85,East,14,19,0,100.8166667,101.0933333,0,0
12/16/2024 8:00,27.7,82,East North-East,13,21,0,282.9,101.105,0,0
12/16/2024 9:00,27.9,81,North-East,18,24,0,658.0833333,101.075,0,0
12/16/2024 10:00,28.1,82,East North-East,16,24,0,848.7666667,101.0783333,0,0
12/16/2024 11:00,28.3,81,East North-East,18,26,0,953.6833333,101.0383333,0,0
12/16/2024 12:00,28.5,79,North-East,19,26,0,1033,100.9833333,0,0
12/16/2024 13:00,28.7,80,North-East,16,27,0,954.0833333,100.9333333,0,0
12/16/2024 14:00,28.7,76,North-East,15,24,0,906.05,100.9033333,0,0
12/16/2024 15:00,28.7,77,North-East,13,22,0,729.5166667,100.87,0,0
12/16/2024 16:00,28.6,77,East North-East,13,21,0,479.3833333,100.8516667,0,0
12/16/2024 17:00,28.7,79,North-East,13,22,0,292.4833333,100.87,0,0
12/16/2024 18:00,28.2,80,East North-East,13,20,0,72.35,100.9466667,0,0
12/16/2024 19:00,28.1,83,East North-East,15,22,0,7.466666667,101.0366667,0,0
12/16/2024 20:00,28,82,North-East,14,19,0,0,101.11,0,0
12/16/2024 21:00,28,83,East North-East,14,19,0,0,101.155,0,0
12/16/2024 22:00,27.7,84,North-East,13,18,0,0,101.19,0,0
12/16/2024 23:00,27.8,84,North-East,13,19,0,0,101.2016667,0,0
12/17/2024 0:00,27.4,84,North North-East,8,17,0,0,101.155,0,0
12/17/2024 1:00,27.3,82,North North-East,7,13,0,0,101.0933333,0,0
12/17/2024 2:00,26.1,87,North North-East,0,13,0,0,101.0566667,0,0
12/17/2024 3:00,26.6,88,North,5,9,0,0,101.0583333,0,0
12/17/2024 4:00,24.8,91,North North-West,11,23,4.6,0,101.07,0,0
12/17/2024 5:00,25.1,93,North-East,4,12,0.8,0,101.1066667,0,0
12/17/2024 6:00,25,95,West,3,6,0,7.366666667,101.18,0,0
12/17/2024 7:00,26.3,89,East South-East,4,13,0,77.56666667,101.265,0,0
12/17/2024 8:00,27,83,East North-East,4,8,0,187.3666667,101.2866667,0,0
12/17/2024 9:00,25.82341404,90.5171405,South-East,6.731224115,12.82211671,0,533.3833333,101.2766667,1,0
12/17/2024 10:00,29.1,75,South-East,6,10,0,888.2166667,101.2733333,0,0
12/17/2024 11:00,28.4,77,South-East,6,11,0,797.9833333,101.2633333,0,0
12/17/2024 12:00,28.6,73,East,5,10,0,656.65,101.23,0,0
12/17/2024 13:00,29.1,70,East North-East,6,14,0,449.9666667,101.1766667,0,0
12/17/2024 14:00,30.5,66,North-West,5,12,0,931.8,101.115,0,0
12/17/2024 15:00,30.7,63,West,6,18,0,879.4833333,101.075,0,0
12/17/2024 16:00,30.2,66,West,6,18,0,740.1166667,101.0533333,0,0
12/17/2024 17:00,30.3,66,West South-West,4,13,0,328.8333333,101.07,0,0
12/17/2024 18:00,29.1,71,South South-West,2,13,0,83.31666667,101.1333333,0,0
12/17/2024 19:00,27.7,78,West South-West,2,6,0,8.816666667,101.225,0,0
12/17/2024 20:00,27.6,82,East,12,26,0,0,101.285,0,0
12/17/2024 21:00,27.3,83,North North-East,4,13,0,0,101.3283333,0,0
12/17/2024 22:00,27.8,82,East North-East,9,13,0,0,101.3666667,0,0
12/17/2024 23:00,27.5,81,East,6,14,0,0,101.3566667,0,0
12/18/2024 0:00,27.5,81,East South-East,6,14,0,0,101.2966667,0,0
12/18/2024 1:00,25.8,90,South-West,2,8,0,0,101.245,0,0
12/18/2024 2:00,25.7,91,West South-West,2,5,0,0,101.19,0,0
12/18/2024 3:00,26.1,90,South,4,18,0,0,101.1383333,0,0
12/18/2024 4:00,25.4,93,West South-West,3,12,0,0,101.1583333,0,0
12/18/2024 5:00,27.2,82,South-East,13,19,0,0,101.165,0,0
12/18/2024 6:00,27.5,81,South-East,5,15,0,24.85,101.1983333,0,0
12/18/2024 7:00,28.6,76,South South-East,6,9,0,201.5833333,101.2183333,0,0
12/18/2024 8:00,29.3,74,South-East,8,12,0,438.5833333,101.2466667,0,0
12/18/2024 9:00,29.2,73,East North-East,11,16,0,672.1666667,101.265,0,0
12/18/2024 10:00,29.5,76,East,12,18,0,837.4333333,101.255,0,0
12/18/2024 11:00,29.6,73,East North-East,10,19,0,765.7,101.23,0,0
12/18/2024 12:00,28.9,77,South-East,8,14,0,704.9166667,101.1833333,0,0
12/18/2024 13:00,29,75,East,9,15,0,827.5833333,101.1333333,0,0
12/18/2024 14:00,29.3,73,East South-East,6,14,0,818,101.0766667,0,0
12/18/2024 15:00,29.3,74,East South-East,11,16,0,752.2833333,101.0283333,0,0
12/18/2024 16:00,27.9,77,South-East,8,29,0.2,411.0333333,101.01,0,0
12/18/2024 17:00,28.6,75,South-East,4,12,0,253.85,101.03,0,0
12/18/2024 18:00,28.1,80,South-East,11,18,0,63.16666667,101.0633333,0,0
12/18/2024 19:00,28.1,81,North-East,17,22,0,7.583333333,101.1233333,0,0
12/18/2024 20:00,28,79,North-East,18,26,0,0,101.1966667,0,0
12/18/2024 21:00,28.1,81,North North-East,18,28,0,0,101.23,0,0
12/18/2024 22:00,27.7,79,South-East,16,29,0,0,101.2583333,0,0
12/18/2024 23:00,27.7,83,South,13,28,0,0,101.2583333,0,0
12/19/2024 0:00,26.7,86,South South-East,4,20,0,0,101.2266667,0,0
12/19/2024 1:00,26,89,South,3,8,0,0,101.1666667,0,0
12/19/2024 2:00,26,87,South-West,5,13,0,0,101.11,0,0
12/19/2024 3:00,26,86,South-West,3,12,0,0,101.0783333,0,0
12/19/2024 4:00,26.3,82,South-West,4,13,0,0,101.0533333,0,0
12/19/2024 5:00,26.2,85,South-West,8,17,0,0,101.08,0,0
12/19/2024 6:00,26.8,84,South South-West,5,15,0,33.71666667,101.1033333,0,0
12/19/2024 7:00,28.3,79,South,13,21,0,212.85,101.1183333,0,0
12/19/2024 8:00,29,76,North-East,12,22,0,426.7,101.1516667,0,0
12/19/2024 9:00,29.9,72,East South-East,8,21,0,670.3,101.16,0,0
12/19/2024 10:00,31.21539042,75.97166268,South-East,5.142920087,14.02934713,0,899.7333333,101.1483333,1,0
12/19/2024 11:00,28.9,76,South South-West,15,22,0,837.6333333,101.1283333,0,0
12/19/2024 12:00,29.6,69,West South-West,11,21,0,987.25,101.0816667,0,0
12/19/2024 13:00,30.1,67,West South-West,14,24,0,965.6166667,101.0033333,0,0
12/19/2024 14:00,30.3,69,South-West,12,25,0,927.15,100.93,0,0
12/19/2024 15:00,28.8,77,South-West,4,23,0.8,685.15,100.8816667,0,0
12/19/2024 16:00,29,74,South-West,14,26,0,580,100.84,0,0
12/19/2024 17:00,28.9,72,South-West,11,28,0,253.4666667,100.8566667,0,0
12/19/2024 18:00,27.8,75,South-West,8,22,0,45.53333333,100.9066667,0,0
12/19/2024 19:00,27.1,81,South-West,4,17,0,8.083333333,100.9733333,0,0
12/19/2024 20:00,27.1,79,South-West,6,22,0,0,101.0266667,0,0
12/19/2024 21:00,27,80,South-West,6,19,0,0,101.0616667,0,0
12/19/2024 22:00,27,80,South-West,6,19,0,0,101.0816667,0,0
12/19/2024 23:00,26.9,80,South-West,5,16,0,0,101.0716667,0,0
12/20/2024 0:00,26.8,81,South-West,6,16,0,0,101.035,0,0
12/20/2024 1:00,26.7,81,South-West,5,17,0,0,100.9766667,0,0
12/20/2024 2:00,26.6,83,South-West,5,16,0,0,100.9033333,0,0
12/20/2024 3:00,26.4,86,South-West,9,22,0,0,100.8616667,0,0
12/20/2024 4:00,26.2,87,South-West,9,21,0,0,100.85,0,0
12/20/2024 5:00,25.9,90,South-West,4,19,0.2,0,100.8816667,0,0
12/20/2024 6:00,26.1,88,South-West,3,18,0,15.53333333,100.9383333,0,0
12/20/2024 7:00,28.5,78,South South-West,5,15,0,215.9,100.9466667,0,0
12/20/2024 8:00,28.4,74,South South-West,6,18,0,410.5833333,100.985,0,0
12/20/2024 9:00,25.5,87,South-West,6,24,6.9,271.8,101.0133333,0,0
12/20/2024 10:00,29.4,74,South-West,12,20,0,732.7,100.985,0,0
12/20/2024 11:00,29.3,70,West South-West,13,23,0,1003.566667,100.9316667,0,0
12/20/2024 12:00,29.4,69,West,13,24,0,1050.583333,100.8783333,0,0
12/20/2024 13:00,30,71,West South-West,18,30,0,970.4333333,100.815,0,0
12/20/2024 14:00,30,70,West South-West,18,29,0,905.0166667,100.7583333,0,0
12/20/2024 15:00,29.9,74,West South-West,16,31,0,776,100.7233333,0,0
12/20/2024 16:00,29.3,73,West South-West,18,29,0,586.6166667,100.6916667,0,0
12/20/2024 17:00,28.9,73,West South-West,17,31,0,369.8833333,100.7066667,0,0
12/20/2024 18:00,28.1,77,South-West,9,28,0,85.85,100.7933333,0,0
12/20/2024 19:00,27.6,80,South-West,11,23,0,10.95,100.8416667,0,0
12/20/2024 20:00,27.3,80,South-West,6,22,0,0,100.8816667,0,0
12/20/2024 21:00,27.3,81,South-West,6,17,0,0,100.905,0,0
12/20/2024 22:00,26.6,86,South-West,4,20,0,0,100.895,0,0
12/20/2024 23:00,26.7,84,South-West,5,15,0,0,100.875,0,0
12/21/2024 0:00,26.7,83,South-West,4,11,0,0,100.8233333,0,0
12/21/2024 1:00,26.6,82,West South-West,6,15,0,0,100.765,0,0
12/21/2024 2:00,26.6,84,West South-West,6,14,0,0,100.71,0,0
12/21/2024 3:00,26.1,85,West South-West,4,9,0,0,100.7,0,0
12/21/2024 4:00,26.4,84,West South-West,6,11,0,0,100.7033333,0,0
12/21/2024 5:00,26.6,81,West South-West,6,15,0,0,100.7316667,0,0
12/21/2024 6:00,27,79,West,3,14,0,25.98333333,100.7983333,0,0
12/21/2024 7:00,28.3,76,West North-West,7,19,0,207.8833333,100.8166667,0,0
12/21/2024 8:00,28.7,75,West North-West,8,18,0,437.3,100.8566667,0,0
12/21/2024 9:00,29.2,74,North-West,13,23,0,689.5833333,100.8783333,0,0
12/21/2024 10:00,29.5,73,North-West,12,27,0,850.4,100.89,0,0
12/21/2024 11:00,29.8,72,North-West,10,28,0,977.7333333,100.8733333,0,0
12/21/2024 12:00,30.3,71,West North-West,10,25,0,1021.683333,100.84,0,0
12/21/2024 13:00,29.7,73,West North-West,14,28,0,973.2,100.7933333,0,0
12/21/2024 14:00,29.9,73,North-West,12,30,0,748.15,100.755,0,0
12/21/2024 15:00,30.1,72,West North-West,9,27,0,605.45,100.72,0,0
12/21/2024 16:00,28.97530002,78.72957415,West North-West,9.593865098,21.98952269,0,380.1833333,100.7083333,1,0
12/21/2024 17:00,28.63920606,79.7398754,West North-West,8.8058693,23.95127212,0,203.5666667,100.755,1,0
12/21/2024 18:00,28.41407135,79.77645707,West North-West,7.119065797,18.14147574,0,65.76666667,100.8466667,1,0
12/21/2024 19:00,28.06832875,78.95216474,West,7.617719387,20.78229228,0,7.35,100.9233333,1,0
12/21/2024 20:00,27.8624913,80.43731684,West,7.032878757,17.83966813,0,0,100.985,1,0
12/21/2024 21:00,27.72419426,80.97707682,West,8.71968226,17.80194218,0,0,101.0216667,1,0
12/21/2024 22:00,27.69685647,80.88677148,West South-West,9.187554765,19.87686946,0,0,101.0516667,1,0
12/21/2024 23:00,27.56981618,80.9243259,West,8.910524992,19.04689855,0,0,101.0566667,1,0
12/22/2024 0:00,27.5,82,West South-West,12,23,0,0,101.015,0,0
12/22/2024 1:00,27.5,82,West,10,21,0,0,100.9633333,0,0
12/22/2024 2:00,27.3,83,West,10,19,0,0,100.935,0,0
12/22/2024 3:00,25.8,84,West South-West,4,27,0,0,100.9233333,0,0
12/22/2024 4:00,25,89,West,3,26,2,0,100.9533333,0,0
12/22/2024 5:00,24.2,90,West South-West,6,30,3,0,100.9933333,0,0
12/22/2024 6:00,25.2,92,South-West,4,18,0,18.28333333,101.0833333,0,0
12/22/2024 7:00,26.3,85,West South-West,8,21,0,88.23333333,101.1483333,0,0
12/22/2024 8:00,27.7,81,West South-West,9,22,0,286.8833333,101.175,0,0
12/22/2024 9:00,28.7,77,West,6,17,0,438.15,101.1983333,0,0
12/22/2024 10:00,29.3,76,West,9,21,0,820.1833333,101.1916667,0,0
12/22/2024 11:00,29.5,72,West North-West,8,21,0,995.4,101.1816667,0,0
12/22/2024 12:00,30.2,71,West North-West,9,23,0,1062.883333,101.1566667,0,0
12/22/2024 13:00,29.9,69,West,8,26,0,1003.316667,101.105,0,0
12/22/2024 14:00,26.9,88,North-West,21,39,2.2,633.4,101.0566667,0,0
12/22/2024 15:00,28,81,North-West,9,40,0.4,380.0833333,101.04,0,0
12/22/2024 16:00,27.6,83,West North-West,19,31,0,303.3833333,101.0166667,0,0
12/22/2024 17:00,28,83,West North-West,13,33,0,200.2166667,101.0583333,0,0
12/22/2024 18:00,27.4,80,West North-West,8,31,0,67.28333333,101.1316667,0,0
12/22/2024 19:00,27.4,79,West South-West,10,23,0,4.95,101.1983333,0,0
12/22/2024 20:00,27.3,81,West,17,35,0,0,101.2283333,0,0
12/22/2024 21:00,27.2,84,West,16,30,0,0,101.2516667,0,0
12/22/2024 22:00,27,82,West South-West,13,32,0,0,101.3016667,0,0
12/22/2024 23:00,26.9,82,West South-West,5,23,0,0,101.3416667,0,0
12/23/2024 0:00,26.9,82,West South-West,7,15,0,0,101.3416667,0,0
12/23/2024 1:00,26.8,82,West South-West,8,14,0,0,101.2933333,0,0
12/23/2024 2:00,25.6,89,West North-West,5,21,1,0,101.2616667,0,0
12/23/2024 3:00,26.4,87,West,6,24,0,0,101.2466667,0,0
12/23/2024 4:00,26.7,82,West North-West,5,26,0,0,101.25,0,0
12/23/2024 5:00,27.1,81,West North-West,9,27,0,0,101.2866667,0,0
12/23/2024 6:00,27.5,80,North-West,18,27,0,4.566666667,101.3716667,0,0
12/23/2024 7:00,27.8,78,North-West,16,27,0,148.2333333,101.43,0,0
12/23/2024 8:00,28.8,72,North-West,17,28,0,318.9,101.4733333,0,0
12/23/2024 9:00,28.5,76,North-West,18,26,0,517.4,101.5083333,0,0
12/23/2024 10:00,29.2,74,West North-West,9,27,0,487.0666667,101.5033333,0,0
12/23/2024 11:00,29.2,71,North-West,16,25,0,776.8333333,101.4666667,0,0
12/23/2024 12:00,29.6,70,North-West,17,33,0,1013.516667,101.4383333,0,0
12/23/2024 13:00,29,73,North-West,16,29,0,696.1833333,101.3883333,0,0
12/23/2024 14:00,29.3,76,North-West,13,30,0,643.0666667,101.3066667,0,0
12/23/2024 15:00,29.3,78,North-West,22,30,0,736.95,101.2433333,0,0
12/23/2024 16:00,28.9,76,North-West,15,30,0,614.1833333,101.2033333,0,0
12/23/2024 17:00,28.8,74,North-West,12,24,0,307.6166667,101.2533333,0,0
12/23/2024 18:00,27.9,80,North-West,9,22,0,58.7,101.35,0,0
12/23/2024 19:00,27.4,81,West North-West,7,18,0,9.25,101.435,0,0
12/23/2024 20:00,25,85,West South-West,4,33,0.2,0,101.495,0,0
12/23/2024 21:00,25.6,83,West,4,6,0,0,101.5366667,0,0
12/23/2024 22:00,26.6,85,North North-West,4,10,0,0,101.6116667,0,0
12/23/2024 23:00,27.3,80,North North-West,9,17,0,0,101.6066667,0,0
12/24/2024 0:00,26.7,85,North North-West,8,14,0,0,101.5683333,0,0
12/24/2024 1:00,26.3,86,North North-West,6,18,0,0,101.4983333,0,0
12/24/2024 2:00,26.1,86,North North-West,6,10,0,0,101.4316667,0,0
12/24/2024 3:00,26.6,83,North North-West,8,13,0,0,101.3766667,0,0
12/24/2024 4:00,25.8,86,North North-West,0,10,0,0,101.385,0,0
12/24/2024 5:00,25.5,87,North-West,2,7,0,0,101.4266667,0,0
12/24/2024 6:00,26.4,84,North-West,5,9,0,13.2,101.4616667,0,0
12/24/2024 7:00,27.5,79,North North-West,2,8,0,80.38333333,101.5533333,0,0
12/24/2024 8:00,28.6,77,North North-East,7,11,0,223.0333333,101.5733333,0,0
12/24/2024 9:00,29.6,72,East North-East,4,10,0,663.6666667,101.5733333,0,0
12/24/2024 10:00,29.3,74,North-East,9,16,0,718.6,101.5666667,0,0
12/24/2024 11:00,28.8,74,North North-West,8,19,0,430.9666667,101.5516667,0,0
12/24/2024 12:00,29.8,71,North North-West,10,18,0,445.75,101.4866667,0,0
12/24/2024 13:00,29.1,76,North-West,12,22,0,544.95,101.43,0,0
12/24/2024 14:00,28.8,74,North,13,23,0,616.8333333,101.3666667,0,0
12/24/2024 15:00,29.2,69,North North-East,7,23,0,587.9833333,101.3233333,0,0
12/24/2024 16:00,29.4,71,North North-East,10,20,0,548.9333333,101.295,0,0
12/24/2024 17:00,29.2,70,North North-East,10,20,0,322.1833333,101.3,0,0
12/24/2024 18:00,28.6,72,North-East,11,20,0,105.2666667,101.375,0,0
12/24/2024 19:00,28.3,73,North North-East,10,18,0,11.98333333,101.4283333,0,0
12/24/2024 20:00,28.2,76,North-East,12,17,0,0,101.4816667,0,0
12/24/2024 21:00,28.3,76,North-East,10,17,0,0,101.525,0,0
12/24/2024 22:00,28.2,78,East North-East,10,14,0,0,101.57,0,0
12/24/2024 23:00,28.1,78,East North-East,13,18,0,0,101.56,0,0
12/25/2024 0:00,28.1,77,East North-East,14,21,0,0,101.4866667,0,0
12/25/2024 1:00,28,78,East North-East,14,20,0,0,101.405,0,0
12/25/2024 2:00,27.9,80,East,16,22,0,0,101.345,0,0
12/25/2024 3:00,28,78,East North-East,15,22,0.2,0,101.3116667,0,0
12/25/2024 4:00,27.6,78,East North-East,13,23,0,0,101.2866667,0,0
12/25/2024 5:00,27.5,82,East,10,19,0,0,101.3083333,0,0
12/25/2024 6:00,27.7,81,East North-East,12,19,0,5.05,101.3366667,0,0
12/25/2024 7:00,28.2,76,East North-East,19,24,0,149.95,101.3766667,0,0
12/25/2024 8:00,28.6,75,East North-East,21,29,0,433.3833333,101.3666667,0,0
12/25/2024 9:00,28.7,74,East North-East,21,29,0,635.5,101.3783333,0,0
12/25/2024 10:00,28.9,74,East North-East,18,29,0,800.15,101.3916667,0,0
12/25/2024 11:00,29,76,East North-East,17,24,0,873.05,101.3933333,0,0
12/25/2024 12:00,29,72,East North-East,17,25,0,799.3166667,101.34,0,0
12/25/2024 13:00,29,74,East North-East,16,24,0,897.2666667,101.295,0,0
12/25/2024 14:00,27.3,81,East North-East,24,42,0,636.25,101.2383333,0,0
12/25/2024 15:00,27.6,79,North-East,22,39,0,629.35,101.1783333,0,0
12/25/2024 16:00,28.4,79,East North-East,14,25,0,406.9333333,101.1466667,0,0
12/25/2024 17:00,28.5,78,East North-East,14,23,0,181.25,101.1866667,0,0
12/25/2024 18:00,28.6,76,East North-East,18,25,0,70.28333333,101.2266667,0,0
12/25/2024 19:00,28.4,75,East North-East,19,26,0,7.866666667,101.285,0,0
12/25/2024 20:00,28.49608471,76.28995435,East North-East,18.38494321,27.98794883,0,0,101.3516667,1,0
12/25/2024 21:00,28.4,76,East North-East,17,24,0,0,101.3983333,0,0
12/25/2024 22:00,28.5,77,East North-East,20,27,0,0,101.4316667,0,0
12/25/2024 23:00,28.3,76,East North-East,19,26,0,0,101.4116667,0,0
12/26/2024 0:00,28.1,80,East North-East,22,28,0,0,101.35,0,0
12/26/2024 1:00,27.4,83,North North-East,13,28,0,0,101.2916667,0,0
12/26/2024 2:00,27.9,77,North-East,23,30,0,0,101.225,0,0
12/26/2024 3:00,27.9,74,North-East,20,28,0,0,101.195,0,0
12/26/2024 4:00,27.9,74,North-East,18,27,0,0,101.2016667,0,0
12/26/2024 5:00,27.8,73,North-East,18,26,0,0,101.2316667,0,0
12/26/2024 6:00,27.9,74,North-East,15,24,0,13.81666667,101.2983333,0,0
12/26/2024 7:00,28.1,71,North North-East,14,22,0,105.0666667,101.37,0,0
12/26/2024 8:00,28.7,70,North-East,17,24,0,325.7166667,101.395,0,0
12/26/2024 9:00,29.1,70,North-East,18,24,0,645.8166667,101.3833333,0,0
12/26/2024 10:00,29.2,71,North-East,15,24,0,861.7666667,101.3783333,0,0
12/26/2024 11:00,29.2,70,North-East,12,22,0,831.0833333,101.375,0,0
12/26/2024 12:00,29,71,North-East,11,19,0,571.25,101.35,0,0
12/26/2024 13:00,29,70,North-East,10,18,0,457.5166667,101.3,0,0
12/26/2024 14:00,28.9,72,North-East,13,18,0,301.4833333,101.24,0,0
12/26/2024 15:00,29.1,69,North North-East,14,21,0,442.8833333,101.1716667,0,0
12/26/2024 16:00,28.9,69,North North-East,11,23,0,375.8166667,101.16,0,0
12/26/2024 17:00,27.4,80,North,17,33,0,167.9333333,101.2066667,0,0
12/26/2024 18:00,27.5,79,North North-East,10,21,0,48.43333333,101.29,0,0
12/26/2024 19:00,27.6,79,North North-East,10,21,0,4.15,101.3616667,0,0
12/26/2024 20:00,27.8,76,North North-East,10,18,0,0,101.4416667,0,0
12/26/2024 21:00,27.8,82,North North-East,16,27,0,0,101.4883333,0,0
12/26/2024 22:00,27.6,75,North,11,27,0,0,101.5216667,0,0
12/26/2024 23:00,27.6,76,North,9,17,0,0,101.5316667,0,0
12/27/2024 0:00,27.6,76,North,12,19,0,0,101.4633333,0,0
12/27/2024 1:00,27.3,80,North North-East,11,22,0,0,101.3833333,0,0
12/27/2024 2:00,27.3,79,North North-East,11,19,0,0,101.29,0,0
12/27/2024 3:00,27.4,76,North North-East,10,18,0,0,101.2533333,0,0
12/27/2024 4:00,27.5,74,North North-East,10,17,0,0,101.2383333,0,0
12/27/2024 5:00,27.4,71,North North-East,9,18,0,0,101.255,0,0
12/27/2024 6:00,27.9,72,North,12,19,0,18.85,101.3233333,0,0
12/27/2024 7:00,28.1,72,North North-East,11,21,0,139.4333333,101.3616667,0,0
12/27/2024 8:00,28.6,70,North,11,19,0,264.9166667,101.4116667,0,0
12/27/2024 9:00,28.9,68,North North-East,13,21,0,573.6833333,101.395,0,0
12/27/2024 10:00,29.5,69,North North-East,13,22,0,865,101.385,0,0
12/27/2024 11:00,29.7,68,North North-East,14,25,0,994.7,101.3666667,0,0
12/27/2024 12:00,29.7,71,North North-East,14,26,0,844.15,101.3416667,0,0
12/27/2024 13:00,29.3,71,North North-East,14,24,0,534.8166667,101.29,0,0
12/27/2024 14:00,29.3,71,North North-East,13,22,0,461.0333333,101.2316667,0,0
12/27/2024 15:00,29,72,North North-East,12,21,0,483.2666667,101.1783333,0,0
12/27/2024 16:00,29,71,North North-East,10,20,0,271.6833333,101.1316667,0,0
12/27/2024 17:00,29.4,70,North,9,19,0,344.3166667,101.125,0,0
12/27/2024 18:00,28.7,72,North North-East,8,19,0,81.1,101.1983333,0,0
12/27/2024 19:00,27.8,74,North,5,12,0,10.88333333,101.28,0,0
12/27/2024 20:00,27.8,76,North North-West,5,11,0,0,101.36,0,0
12/27/2024 21:00,27.6,77,North North-West,4,12,0,0,101.4016667,0,0
12/27/2024 22:00,27.4,76,North North-West,6,10,0,0,101.4233333,0,0
12/27/2024 23:00,27.3,75,North North-West,5,10,0,0,101.41,0,0
12/28/2024 0:00,26.6,79,North-West,4,8,0,0,101.375,0,0
12/28/2024 1:00,27,77,North-West,4,10,0,0,101.2883333,0,0
12/28/2024 2:00,26.9,77,North North-West,7,13,0,0,101.22,0,0
12/28/2024 3:00,26.6,78,North-West,3,10,0,0,101.19,0,0
12/28/2024 4:00,26.6,81,West North-West,5,7,0,0,101.2033333,0,0
12/28/2024 5:00,26.6,83,North-West,4,13,0,0,101.2316667,0,0
12/28/2024 6:00,26.6,81,North North-West,4,8,0,12.45,101.28,0,0
12/28/2024 7:00,27.7,74,North North-West,5,10,0,87.63333333,101.33,0,0
12/28/2024 8:00,28.9,69,North North-West,8,13,0,296.4333333,101.3366667,0,0
12/28/2024 9:00,29,73,North-West,8,21,0,510.1833333,101.34,0,0
12/28/2024 10:00,29.2,70,North-West,8,17,0,719.25,101.3216667,0,0
12/28/2024 11:00,29.5,70,North-West,10,19,0,818.55,101.295,0,0
12/28/2024 12:00,29.9,69,North-West,12,22,0,1092.3,101.2483333,0,0
12/28/2024 13:00,29.9,67,North-West,10,20,0,822.9666667,101.195,0,0
12/28/2024 14:00,29.9,65,West North-West,10,24,0,935.5666667,101.1283333,0,0
12/28/2024 15:00,29.8,65,North-West,9,20,0,811.1333333,101.0683333,0,0
12/28/2024 16:00,29,69,North-West,8,21,0,568.05,101.035,0,0
12/28/2024 17:00,29.1,69,North-West,8,15,0,235.6666667,101.0533333,0,0
12/28/2024 18:00,28.5,68,North-West,7,17,0,53.93333333,101.1266667,0,0
12/28/2024 19:00,27.7,69,North-West,5,12,0,10.15,101.2033333,0,0
12/28/2024 20:00,27.5,72,North North-West,5,10,0,0,101.2416667,0,0
12/28/2024 21:00,26.1,77,West North-West,2,8,0,0,101.2866667,0,0
12/28/2024 22:00,27.2,74,North-West,5,8,0,0,101.3216667,0,0
12/28/2024 23:00,26.6,75,North-West,4,8,0,0,101.3233333,0,0
12/29/2024 0:00,25.3,83,West,3,6,0,0,101.2816667,0,0
12/29/2024 1:00,25.1,85,West,2,8,0,0,101.1983333,0,0
12/29/2024 2:00,25.3,84,West,3,8,0,0,101.1283333,0,0
12/29/2024 3:00,25.1,84,West North-West,2,7,0,0,101.0783333,0,0
12/29/2024 4:00,25.3,83,West,5,9,0,0,101.07,0,0
12/29/2024 5:00,25.4,85,North-West,3,8,0,0,101.0916667,0,0
12/29/2024 6:00,26.8,79,North North-West,4,12,0,23.06666667,101.125,0,0
12/29/2024 7:00,28.3,72,North North-West,6,12,0,185.65,101.1366667,0,0
12/29/2024 8:00,28.8,73,North-West,8,15,0,417.05,101.165,0,0
12/29/2024 9:00,28.7,70,North-West,7,17,0,506.55,101.1933333,0,0
12/29/2024 10:00,29.2,70,North-West,9,19,0,482.1833333,101.225,0,0
12/29/2024 11:00,29.6,68,North-West,9,18,0,905.75,101.1966667,0,0
12/29/2024 12:00,30.2,67,West North-West,9,21,0,1084.9,101.16,0,0
12/29/2024 13:00,30.2,66,West North-West,9,22,0,976.0333333,101.1183333,0,0
12/29/2024 14:00,30,67,North-West,10,22,0,931.8833333,101.0616667,0,0
12/29/2024 15:00,29.9,64,West North-West,8,19,0,811.0833333,101.0133333,0,0
12/29/2024 16:00,30,66,North-West,10,21,0,660.4666667,100.98,0,0
12/29/2024 17:00,28.9,68,North-West,12,20,0,306.9666667,101.0016667,0,0
12/29/2024 18:00,28.5,69,North-West,5,16,0,81.23333333,101.0716667,0,0
12/29/2024 19:00,28.1,71,West,3,13,0,4.6,101.1583333,0,0
12/29/2024 20:00,28,72,West,2,10,0,0,101.225,0,0
12/29/2024 21:00,28.1,74,West,3,10,0,0,101.2483333,0,0
12/29/2024 22:00,27.5,75,South-West,2,6,0,0,101.275,0,0
12/29/2024 23:00,27.2,78,West South-West,0,4,0,0,101.3,0,0
12/30/2024 0:00,27.1,79,West South-West,0,2,0,0,101.27,0,0
12/30/2024 1:00,26.5,81,West South-West,0,4,0,0,101.1933333,0,0
12/30/2024 2:00,26.8,82,West,2,4,0,0,101.15,0,0
12/30/2024 3:00,26.7,82,West,0,4,0,0,101.1283333,0,0
12/30/2024 4:00,26.7,82,West South-West,0,4,0,0,101.1266667,0,0
12/30/2024 5:00,26.4,83,West,4,6,0,0,101.1583333,0,0
12/30/2024 6:00,26.5,83,West,0,5,0,9.15,101.225,0,0
12/30/2024 7:00,29.4,71,North-East,4,6,0,165.4833333,101.245,0,0
12/30/2024 8:00,29.7,70,North North-East,6,13,0,424.4333333,101.25,0,0
12/30/2024 9:00,29.4,73,North-West,6,13,0,449.3,101.265,0,0
12/30/2024 10:00,29.9,71,North,9,18,0,856.5833333,101.2583333,0,0
12/30/2024 11:00,30,69,North,8,23,0,501.05,101.2766667,0,0
12/30/2024 12:00,30,65,North North-East,12,24,0,910.4166667,101.2333333,0,0
12/30/2024 13:00,30.4,64,North-East,10,21,0,945.7333333,101.175,0,0
12/30/2024 14:00,30.6,65,North North-West,8,21,0,873.8333333,101.1233333,0,0
12/30/2024 15:00,31.1,63,West North-West,7,16,0,800.65,101.0833333,0,0
12/30/2024 16:00,30.5,63,West North-West,7,16,0,624.6666667,101.0533333,0,0
12/30/2024 17:00,30.6,63,West,6,15,0,408.9666667,101.085,0,0
12/30/2024 18:00,29.7,67,South-West,3,14,0,144.15,101.1566667,0,0
12/30/2024 19:00,28.4,72,West South-West,4,14,0,11.83333333,101.2316667,0,0
12/30/2024 20:00,28.7,70,North North-East,5,12,0,0,101.285,0,0
12/30/2024 21:00,27.8,75,South South-West,3,7,0,0,101.3,0,0
12/30/2024 22:00,27.8,80,South South-West,4,9,0,0,101.325,0,0
12/30/2024 23:00,27.8,78,South,0,9,0,0,101.3666667,0,0
12/31/2024 0:00,28.4,76,East,3,6,0,0,101.3283333,0,0
12/31/2024 1:00,28.3,77,East South-East,5,11,0,0,101.25,0,0
12/31/2024 2:00,27.2,80,South South-East,2,9,0,0,101.1933333,0,0
12/31/2024 3:00,26.5,84,West South-West,0,4,0,0,101.1633333,0,0
12/31/2024 4:00,27.1,79,North-West,10,22,0,0,101.1583333,0,0
12/31/2024 5:00,26.9,80,North-West,4,14,0,0,101.1766667,0,0
12/31/2024 6:00,26.7,83,North-East,6,15,0,4.416666667,101.2166667,0,0
12/31/2024 7:00,27.7,80,North-West,7,11,0,141.9666667,101.2366667,0,0
12/31/2024 8:00,29.2,72,North-West,6,12,0,235.6333333,101.2833333,0,0
12/31/2024 9:00,29.1,76,West,5,14,0,359.2833333,101.285,0,0
12/31/2024 10:00,28.8,74,West North-West,6,14,0,597.1666667,101.2566667,0,0
12/31/2024 11:00,28.3,79,North North-East,8,19,0,274.0166667,101.2483333,0,0
12/31/2024 12:00,29.5,75,North-West,8,16,0,619.4833333,101.2033333,0,0
12/31/2024 13:00,29.5,73,North-West,6,17,0,632.1,101.1333333,0,0
12/31/2024 14:00,30.5,67,West North-West,7,15,0,665,101.08,0,0
12/31/2024 15:00,29.9,75,South-West,6,21,0.4,463.5333333,101.0483333,0,0
12/31/2024 16:00,30.1,67,South South-West,6,19,0,414.7833333,101.0166667,0,0
12/31/2024 17:00,28.3,76,South-East,8,30,0,151.5666667,101.025,0,0
12/31/2024 18:00,28.4,72,South South-West,3,11,0,67.56666667,101.085,0,0
12/31/2024 19:00,28.4,73,South-West,6,16,0,7.966666667,101.1383333,0,0
12/31/2024 20:00,28.4,78,West South-West,3,13,0,0,101.2166667,0,0
12/31/2024 21:00,27.5,84,North-West,9,17,0.4,0,101.26,0,0
12/31/2024 22:00,25.5,92,North-East,17,24,14.4,0,101.33,0,0
12/31/2024 23:00,25.1,93,North-East,9,18,5.4,0,101.3566667,0,0
1/1/2025 0:00,25.1,94,North North-West,4,10,3.6,0,101.24,0,0
1/1/2025 1:00,25.3,94,North North-East,6,9,0.6,0,101.1816667,0,0
1/1/2025 2:00,25.2,94,NA,7,12,0,0,101.1166667,0,0
1/1/2025 3:00,25.3,94,NA,9,23,0.2,0,101.035,0,0
1/1/2025 4:00,25.7,93,NA,7,24,0,0,100.9466667,0,0
1/1/2025 5:00,25.8,90,NA,4,16,0,0,100.9583333,0,0
1/1/2025 6:00,25.8,91,South,5,13,0,6.183333333,101.0366667,0,0
1/1/2025 7:00,27.6,81,South,5,13,0,112.5333333,101.0916667,0,0
1/1/2025 8:00,27.8,79,East,7,11,0,138,101.1566667,0,0
1/1/2025 9:00,26.43288587,89.54953168,East,12.58578664,28.62928998,1.762818139,457.1833333,101.16,1,0
1/1/2025 10:00,27.8319373,88.15769429,West North-West,7.297596095,16.67016367,0,816.8,101.09,1,0
1/1/2025 11:00,27.7,86,West North-West,4,18,0.2,540.8833333,101.0983333,0,0
1/1/2025 12:00,28.9,80,East South-East,6,10,0,913.5166667,101.0133333,0,0
1/1/2025 13:00,29.3,75,East South-East,3,10,0,751.6666667,100.96,0,0
1/1/2025 14:00,26.8,88,North,17,34,3.6,384.4,100.9066667,0,0
1/1/2025 15:00,26.4,90,East South-East,0,17,8.6,97.56666667,100.895,0,0
1/1/2025 16:00,28,83,East North-East,2,7,0,331.4333333,100.8216667,0,0
1/1/2025 17:00,26.4,88,North North-East,7,22,1.4,118.6666667,100.8616667,0,0
1/1/2025 18:00,27.1,86,West South-West,2,5,0.2,82.15,100.9333333,0,0
1/1/2025 19:00,26.2,91,South-East,3,13,0.4,6.966666667,101.0066667,0,0
1/1/2025 20:00,25.4,94,West South-West,3,7,0,0,101.0416667,0,0
1/1/2025 21:00,25.3,94,West,3,5,0,0,101.0983333,0,0
1/1/2025 22:00,25.5,95,West,0,7,0,0,101.105,0,0
1/1/2025 23:00,25.5,96,West,3,6,0,0,101.0866667,0,0
1/2/2025 0:00,25.1,95,North North-East,2,5,0,0,101.04,0,0
1/2/2025 1:00,25.2,95,East North-East,0,6,0,0,100.9983333,0,0
1/2/2025 2:00,25.1,96,North-East,2,5,0,0,100.92,0,0
1/2/2025 3:00,25.3,96,North-East,0,4,0,0,100.895,0,0
1/2/2025 4:00,25.2,95,East South-East,0,5,0,0,100.8833333,0,0
1/2/2025 5:00,25.6,95,South South-East,0,12,0,0,100.9133333,0,0
1/2/2025 6:00,25.5,96,South-West,3,4,0,17.03333333,100.945,0,0
1/2/2025 7:00,26.3,91,South,4,9,0,73.8,101.0066667,0,0
1/2/2025 8:00,28.3,80,North-East,9,14,0,327.9166667,101.0216667,0,0
1/2/2025 9:00,29,79,North-West,7,16,0,592.8166667,101.01,0,0
1/2/2025 10:00,28.8,79,South-East,7,12,0,511.6666667,101.0433333,0,0
1/2/2025 11:00,25.9,93,East,22,35,7.3,237.1666667,101.0566667,0,0
1/2/2025 12:00,27.7,87,NA,12,30,0,1062.733333,101.0116667,0,0
1/2/2025 13:00,27.9,81,East North-East,13,23,0,1034.316667,100.965,0,0
1/2/2025 14:00,28.3,82,East North-East,20,28,0,995.45,100.9266667,0,0
1/2/2025 15:00,27.2,89,North North-East,28,42,0,537.5666667,100.8933333,0,0
1/2/2025 16:00,27.1,85,North,26,44,0,527.2666667,100.8616667,0,0
1/2/2025 17:00,27.5,79,North North-West,24,44,0,336.15,100.8516667,0,0
1/2/2025 18:00,26.8,83,North North-West,29,46,0,90.51666667,100.9216667,0,0
1/2/2025 19:00,27.2,82,North North-West,26,44,0,14.75,101.0016667,0,0
1/2/2025 20:00,27.3,84,North-West,26,43,0,0,101.0833333,0,0
1/2/2025 21:00,27.3,82,North North-West,26,44,0,0,101.1466667,0,0
1/2/2025 22:00,27.3,81,North North-West,28,43,0,0,101.195,0,0
1/2/2025 23:00,27.4,80,North-West,25,40,0,0,101.1983333,0,0
1/3/2025 0:00,27.7,80,North-West,29,46,0,0,101.1716667,0,0
1/3/2025 1:00,27.4,80,North-West,26,47,0,0,101.1416667,0,0
1/3/2025 2:00,27.4,79,North North-West,28,44,0,0,101.08,0,0
1/3/2025 3:00,27.6,77,North North-West,24,39,0,0,101.05,0,0
1/3/2025 4:00,26.9,79,North North-West,21,38,0,0,101.04,0,0
1/3/2025 5:00,24.8,89,North North-West,14,50,18.5,0,101.1083333,0,0
1/3/2025 6:00,26.9,80,NA,18,33,0,2.216666667,101.15,0,0
1/3/2025 7:00,27.5,69,North North-West,18,33,0,20.31666667,101.2183333,0,0
1/3/2025 8:00,27.9,71,North North-West,17,34,0,99.93333333,101.24,0,0
1/3/2025 9:00,28.4,70,North North-West,18,34,0,330.7166667,101.2433333,0,0
1/3/2025 10:00,28.28381484,76.43503685,North North-West,15.00517999,27.49751147,0,361.8833333,101.2816667,1,0
1/3/2025 11:00,28.9,72,North North-West,13,31,0,383,101.3033333,0,0
1/3/2025 12:00,28.7,71,North,13,25,0,226.3,101.2816667,0,0
1/3/2025 13:00,28.7,70,North,14,23,0,364.15,101.2216667,0,0
1/3/2025 14:00,28.6,72,North,9,19,0,198.25,101.1933333,0,0
1/3/2025 15:00,28.4,74,North North-East,8,15,0,123.9166667,101.165,0,0
1/3/2025 16:00,27.4,81,North North-East,6,20,0,67.8,101.1633333,0,0
1/3/2025 17:00,26.5,82,West North-West,12,25,0,50.98333333,101.1733333,0,0
1/3/2025 18:00,25.7,85,North North-West,22,36,0.2,17.18333333,101.235,0,0
1/3/2025 19:00,26,84,North North-West,22,37,0.2,4.333333333,101.2766667,0,0
1/3/2025 20:00,26.1,80,North North-West,21,45,0,0,101.32,0,0
1/3/2025 21:00,26.7,78,North North-West,25,43,0,0,101.3633333,0,0
1/3/2025 22:00,27,75,North-West,19,37,0,0,101.37,0,0
1/3/2025 23:00,27.1,74,North-West,14,30,0,0,101.3583333,0,0
1/4/2025 0:00,26.3,79,North-West,5,23,0,0,101.355,0,0
1/4/2025 1:00,25.4,83,North-West,0,10,0,0,101.32,0,0
1/4/2025 2:00,24.8,84,West,0,4,0,0,101.2516667,0,0
1/4/2025 3:00,24.7,83,West South-West,4,5,0,0,101.205,0,0
1/4/2025 4:00,27.4,76,South-East,7,11,0,0,101.2283333,0,0
1/4/2025 5:00,27.5,77,East South-East,10,13,0,0,101.2383333,0,0
1/4/2025 6:00,27.7,75,East South-East,14,19,0,7.166666667,101.3083333,0,0
1/4/2025 7:00,28.1,76,South-East,14,21,0,142.1166667,101.4333333,0,0
1/4/2025 8:00,27.7,78,East South-East,21,27,0,276.1,101.4833333,0,0
1/4/2025 9:00,25.5,81,North North-East,10,41,1.4,78.36666667,101.5933333,0,0
1/4/2025 10:00,26.6,82,East North-East,12,22,0.2,227,101.5533333,0,0
1/4/2025 11:00,26.9,82,East,13,21,0,579.0333333,101.4716667,0,0
1/4/2025 12:00,27,78,East,12,29,0,834.5833333,101.43,0,0
1/4/2025 13:00,28.1,73,East,12,18,0,673.1,101.3833333,0,0
1/4/2025 14:00,27.7,81,East,17,22,0,653.2666667,101.3166667,0,0
1/4/2025 15:00,28.1,79,East,18,25,0,392.0833333,101.305,0,0
1/4/2025 16:00,28,79,East,16,22,0,370.7166667,101.24,0,0
1/4/2025 17:00,27.4,77,East North-East,17,36,0,262.1666667,101.2433333,0,0
1/4/2025 18:00,27.9,74,North-East,15,26,0,71.9,101.2983333,0,0
1/4/2025 19:00,27.8,81,East,12,19,0,7.5,101.3683333,0,0
1/4/2025 20:00,27.8,83,East South-East,16,25,0,0,101.43,0,0
1/4/2025 21:00,27.7,86,East,16,21,0,0,101.4433333,0,0
1/4/2025 22:00,27.9,83,East,15,21,0,0,101.4783333,0,0
1/4/2025 23:00,28.1,85,East South-East,20,30,0,0,101.5233333,0,0
1/5/2025 0:00,27.8,83,East South-East,15,26,0,0,101.4816667,0,0
1/5/2025 1:00,27.9,84,East,18,27,0,0,101.4216667,0,0
1/5/2025 2:00,27.6,83,East,21,27,0,0,101.3716667,0,0
1/5/2025 3:00,27.9,76,East North-East,17,24,0,0,101.3416667,0,0
1/5/2025 4:00,27.7,80,East North-East,10,21,0,0,101.3233333,0,0
1/5/2025 5:00,27.9,79,East North-East,11,18,0,0,101.34,0,0
1/5/2025 6:00,27.9,79,East North-East,10,13,0,7.183333333,101.3666667,0,0
1/5/2025 7:00,28.1,79,East,9,14,0,64.63333333,101.4416667,0,0
1/5/2025 8:00,28.2,77,East South-East,9,14,0,182.9666667,101.4716667,0,0
1/5/2025 9:00,28.7,80,East South-East,15,21,0,365.3666667,101.4633333,0,0
1/5/2025 10:00,28.4,81,East South-East,14,22,0,460.7166667,101.4566667,0,0
1/5/2025 11:00,26.1,84,East North-East,19,37,8.4,263.0166667,101.4583333,0,0
1/5/2025 12:00,26.8,79,East,18,31,0,806.15,101.4016667,0,0
1/5/2025 13:00,27.9,69,East,8,22,0,634.5166667,101.35,0,0
1/5/2025 14:00,28.6,69,East,8,13,0,609.1666667,101.3316667,0,0
1/5/2025 15:00,29.1,76,East South-East,13,17,0,780.0833333,101.2766667,0,0
1/5/2025 16:00,28.6,76,East South-East,18,24,0,477.65,101.2266667,0,0
1/5/2025 17:00,28.6,75,South-East,16,26,0,457.9666667,101.21,0,0
1/5/2025 18:00,28.4,79,East South-East,16,24,0,119.5,101.2633333,0,0
1/5/2025 19:00,28.3,79,East South-East,14,22,0,16.3,101.37,0,0
1/5/2025 20:00,28.3,80,East South-East,17,22,0,0,101.4383333,0,0
1/5/2025 21:00,28.3,80,East South-East,18,23,0,0,101.46,0,0
1/5/2025 22:00,27.8,78,East South-East,23,42,0,0,101.4816667,0,0
1/5/2025 23:00,26.2,80,East North-East,24,53,0,0,101.5316667,0,0
1/6/2025 0:00,27.5,71,East North-East,15,29,0,0,101.4533333,0,0
1/6/2025 1:00,27.6,74,East,14,19,0,0,101.3766667,0,0
1/6/2025 2:00,27.5,81,East,11,15,0,0,101.3383333,0,0
1/6/2025 3:00,27.4,80,East South-East,12,17,0,0,101.3116667,0,0
1/6/2025 4:00,27.5,81,East,8,16,0,0,101.3133333,0,0
1/6/2025 5:00,27.3,81,East South-East,13,17,0,0,101.31,0,0
1/6/2025 6:00,25.6,81,North-East,12,37,0,4.25,101.38,0,0
1/6/2025 7:00,26,80,North North-West,5,15,0,29.18333333,101.4483333,0,0
1/6/2025 8:00,26.4,74,East South-East,12,28,0,195.3166667,101.485,0,0
1/6/2025 9:00,27.7,75,East South-East,12,18,0,589.65,101.4766667,0,0
1/6/2025 10:00,28.4,72,South-East,8,17,0,847.9,101.4266667,0,0
1/6/2025 11:00,28.6,74,East South-East,10,15,0,972.9333333,101.415,0,0
1/6/2025 12:00,28.6,74,East,9,16,0,1009.65,101.365,0,0
1/6/2025 13:00,28.9,74,East,11,20,0,993.2166667,101.3,0,0
1/6/2025 14:00,28.9,73,East,9,19,0,952.5166667,101.2233333,0,0
1/6/2025 15:00,29,72,South-East,8,15,0,800.6833333,101.1383333,0,0
1/6/2025 16:00,29.2,74,South-East,13,19,0,633.1833333,101.1066667,0,0
1/6/2025 17:00,29,72,South-East,10,19,0,390.45,101.14,0,0
1/6/2025 18:00,28.6,72,South-East,12,19,0,92.75,101.2016667,0,0
1/6/2025 19:00,27.5,75,East South-East,15,32,0,12.78333333,101.2733333,0,0
1/6/2025 20:00,28,76,South-East,13,19,0,0,101.3466667,0,0
1/6/2025 21:00,27.6,77,East South-East,15,30,0,0,101.385,0,0
1/6/2025 22:00,27.9,79,East South-East,14,20,0,0,101.4183333,0,0
1/6/2025 23:00,28,77,East South-East,13,20,0,0,101.3966667,0,0
1/7/2025 0:00,27.8,79,East South-East,14,22,0,0,101.35,0,0
1/7/2025 1:00,27.6,81,East South-East,14,23,0,0,101.275,0,0
1/7/2025 2:00,27.5,81,East South-East,12,19,0,0,101.2116667,0,0
1/7/2025 3:00,27.5,79,East South-East,9,16,0,0,101.1766667,0,0
1/7/2025 4:00,27.5,80,East South-East,11,20,0,0,101.1766667,0,0
1/7/2025 5:00,27.2,80,East,9,32,0,0,101.1983333,0,0
1/7/2025 6:00,27.3,83,East North-East,16,36,0,29.03333333,101.23,0,0
1/7/2025 7:00,27.8,77,North-East,18,25,0,176.2666667,101.265,0,0
1/7/2025 8:00,28.4,75,North-East,16,24,0,413.0833333,101.2866667,0,0
1/7/2025 9:00,28.8,72,North-East,18,25,0,614.5,101.3033333,0,0
1/7/2025 10:00,29,73,North North-East,15,26,0,714.8833333,101.3183333,0,0
1/7/2025 11:00,29.2,70,North North-East,14,24,0,941.0666667,101.285,0,0
1/7/2025 12:00,29.7,70,North North-East,13,22,0,1117.266667,101.2183333,0,0
1/7/2025 13:00,29.1,72,North North-East,14,28,0,970.8833333,101.15,0,0
1/7/2025 14:00,29.3,68,North North-East,10,23,0,631.3166667,101.115,0,0
1/7/2025 15:00,29.9,65,North North-West,10,23,0,651.45,101.0683333,0,0
1/7/2025 16:00,28.8,71,North North-East,8,18,0,573.8,101.0233333,0,0
1/7/2025 17:00,28.7,72,North-East,8,17,0,239.7166667,101.0383333,0,0
1/7/2025 18:00,27.9,74,North North-East,13,23,0,97.3,101.0783333,0,0
1/7/2025 19:00,27.8,78,North North-East,10,20,0,16.91666667,101.14,0,0
1/7/2025 20:00,27.9,77,North North-East,11,19,0,0,101.1966667,0,0
1/7/2025 21:00,27.9,79,North North-East,10,19,0,0,101.2433333,0,0
1/7/2025 22:00,27.5,79,North North-East,6,18,0,0,101.2866667,0,0
1/7/2025 23:00,27.3,79,North North-West,5,11,0,0,101.2916667,0,0
1/8/2025 0:00,27.2,78,North North-West,8,15,0,0,101.235,0,0
1/8/2025 1:00,27,78,North North-West,6,19,0,0,101.1683333,0,0
1/8/2025 2:00,27.1,80,North North-West,10,22,0,0,101.1183333,0,0
1/8/2025 3:00,27.2,76,North North-West,8,20,0,0,101.07,0,0
1/8/2025 4:00,26.9,77,North North-West,7,19,0,0,101.045,0,0
1/8/2025 5:00,26.8,80,North North-West,6,11,0,0,101.07,0,0
1/8/2025 6:00,26.9,82,North North-West,5,10,0,7.183333333,101.13,0,0
1/8/2025 7:00,27.7,79,North North-West,8,15,0,103.25,101.1733333,0,0
1/8/2025 8:00,28.9,75,North North-West,13,22,0,389.5333333,101.1716667,0,0
1/8/2025 9:00,29.2,74,North-West,12,24,0,584.6333333,101.19,0,0
1/8/2025 10:00,29.5,74,North North-West,11,23,0,364.4166667,101.21,0,0
1/8/2025 11:00,29.7,72,North-West,14,26,0,1045.333333,101.1683333,0,0
1/8/2025 12:00,29.8,70,North-West,15,26,0,1042.316667,101.1183333,0,0
1/8/2025 13:00,29.7,69,North-West,16,27,0,1042.6,101.06,0,0
1/8/2025 14:00,29.8,69,North-West,14,26,0,900.05,100.9966667,0,0
1/8/2025 15:00,29.6,71,North-West,12,23,0,741.1833333,100.9483333,0,0
1/8/2025 16:00,29.3,71,North-West,11,22,0,541.7833333,100.9233333,0,0
1/8/2025 17:00,28.8,73,North-West,14,22,0,298.9,100.9483333,0,0
1/8/2025 18:00,28.7,73,North-West,15,23,0,111.2,101.0116667,0,0
1/8/2025 19:00,28.2,75,North-West,13,25,0,18.25,101.09,0,0
1/8/2025 20:00,28,75,North-West,7,23,0,0,101.16,0,0
1/8/2025 21:00,28.1,78,North-West,10,18,0,0,101.1966667,0,0
1/8/2025 22:00,28.1,77,North-West,11,21,0,0,101.2233333,0,0
1/8/2025 23:00,28,75,North-West,12,19,0,0,101.2283333,0,0
1/9/2025 0:00,27.8,78,North-West,9,19,0,0,101.1766667,0,0
1/9/2025 1:00,27.9,76,North-West,12,22,0,0,101.1033333,0,0
1/9/2025 2:00,27.5,79,North-West,7,19,0,0,101.0383333,0,0
1/9/2025 3:00,27.8,78,North-West,12,25,0,0,101.0033333,0,0
1/9/2025 4:00,27.6,80,North-West,8,23,0,0,100.97,0,0
1/9/2025 5:00,27.2,82,West North-West,6,22,0,0,100.9733333,0,0
1/9/2025 6:00,27.4,83,West North-West,5,18,0,5.566666667,101.0316667,0,0
1/9/2025 7:00,28.5,79,North-West,8,21,0,83.75,101.085,0,0
1/9/2025 8:00,28.5,77,North-West,13,24,0,197.9833333,101.13,0,0
1/9/2025 9:00,29.1,76,North-West,14,28,0,463.1833333,101.13,0,0
1/9/2025 10:00,29.6,76,North-West,13,26,0,848.55,101.0916667,0,0
1/9/2025 11:00,30.5,71,West North-West,8,24,0,927.7,101.0616667,0,0
1/9/2025 12:00,30.4,72,West North-West,11,28,0,1099.733333,101.0033333,0,0
1/9/2025 13:00,30.6,69,West North-West,10,29,0,1074.366667,100.9466667,0,0
1/9/2025 14:00,30.6,70,West North-West,10,27,0,992.15,100.8783333,0,0
1/9/2025 15:00,30.2,70,West North-West,9,28,0,696.8166667,100.8283333,0,0
1/9/2025 16:00,30.8,71,West North-West,10,30,0,478.75,100.8,0,0
1/9/2025 17:00,29.2,77,West North-West,10,32,0,285.7333333,100.8116667,0,0
1/9/2025 18:00,28.8,78,West North-West,8,30,0,88.46666667,100.86,0,0
1/9/2025 19:00,28.4,79,West,7,25,0,12.58333333,100.9233333,0,0
1/9/2025 20:00,28.4,80,West,6,29,0,0,100.995,0,0
1/9/2025 21:00,28.2,81,West,6,27,0,0,101.035,0,0
1/9/2025 22:00,28.2,78,West,6,33,0,0,101.0583333,0,0
1/9/2025 23:00,27.1,86,West North-West,9,37,0.4,0,101.0683333,0,0
1/10/2025 0:00,27,86,West,4,41,0.8,0,101.0133333,0,0
1/10/2025 1:00,27.5,85,West,6,33,0,0,100.9533333,0,0
1/10/2025 2:00,27.8,84,West,7,37,0,0,100.88,0,0
1/10/2025 3:00,27.6,79,West,19,38,0,0,100.8233333,0,0
1/10/2025 4:00,27.4,84,West South-West,14,40,0.8,0,100.8116667,0,0
1/10/2025 5:00,26.8,88,West,9,30,1.4,0,100.815,0,0
1/10/2025 6:00,27.8,83,West North-West,8,30,0,5.65,100.87,0,0
1/10/2025 7:00,28.3,83,West,8,26,0,39.38333333,100.9433333,0,0
1/10/2025 8:00,27.1,88,West South-West,7,38,0.6,200.45,100.98,0,0
1/10/2025 9:00,28,85,West South-West,17,39,0,112.2666667,101.0066667,0,0
1/10/2025 10:00,28.1,80,West South-West,15,48,0,269.1666667,101.0016667,0,0
1/10/2025 11:00,29.3,76,West,17,34,0,671.9666667,100.9616667,0,0
1/10/2025 12:00,29.8,76,West,19,41,0,744.6833333,100.9316667,0,0
1/10/2025 13:00,29.7,75,West,16,44,0,893.1333333,100.8633333,0,0
1/10/2025 14:00,28.3,82,West,19,50,4.4,434.5833333,100.8366667,0,0
1/10/2025 15:00,28.6,80,West South-West,22,39,0,313.9333333,100.8016667,0,0
1/10/2025 16:00,27.5,84,West South-West,15,44,0.2,206.6833333,100.7716667,0,0
1/10/2025 17:00,28.1,80,West South-West,18,36,0,90.2,100.7916667,0,0
1/10/2025 18:00,26.3,87,West South-West,14,37,0,38.43333333,100.84,0,0
1/10/2025 19:00,25.4,91,South-West,21,48,0.2,5.466666667,100.9133333,0,0
1/10/2025 20:00,25.4,90,South-West,10,41,4.2,0,100.9683333,0,0
1/10/2025 21:00,26.2,85,South-West,5,21,0,0,101.0016667,0,0
1/10/2025 22:00,27,81,West South-West,8,23,0,0,101.0383333,0,0
1/10/2025 23:00,24.8,86,West South-West,13,35,0,0,101.04,0,0
1/11/2025 0:00,24.6,92,South-West,5,21,0,0,101.01,0,0
1/11/2025 1:00,25.5902388,87.09081588,West,5.733916935,16.21745226,0.039173736,0,100.8983333,1,0
1/11/2025 2:00,27.1,86,West,6,27,0,0,100.8083333,0,0
1/11/2025 3:00,27.5,85,West North-West,8,28,0,0,100.765,0,0
1/11/2025 4:00,27.5,82,West,10,34,0,0,100.7483333,0,0
1/11/2025 5:00,27.8,82,West South-West,10,39,0,0,100.755,0,0
1/11/2025 6:00,26.1,87,West South-West,25,50,0,1.35,100.795,0,0
1/11/2025 7:00,26.7,85,West South-West,25,48,0.6,26.2,100.8833333,0,0
1/11/2025 8:00,27.8,79,West South-West,18,41,0,201.1,100.92,0,0
1/11/2025 9:00,28,78,West South-West,16,34,0,215.2333333,100.9383333,0,0
1/11/2025 10:00,29.8,72,West,21,33,0,473.2833333,100.905,0,0
1/11/2025 11:00,28.9,74,West South-West,21,41,0,410.1166667,100.8766667,0,0
1/11/2025 12:00,28,76,West South-West,28,48,0,542.0166667,100.805,0,0
1/11/2025 13:00,29.5,77,West South-West,19,38,0,549.0333333,100.765,0,0
1/11/2025 14:00,29.8,71,West South-West,20,35,0,701.6,100.71,0,0
1/11/2025 15:00,29.6,62,West,18,36,0,416.5166667,100.68,0,0
1/11/2025 16:00,24.2,92,West South-West,32,71,4.6,118.1166667,100.7083333,0,0
1/11/2025 17:00,25.2,88,NA,12,62,3.2,62.01666667,100.7283333,0,0
1/11/2025 18:00,26.1,86,NA,15,31,0,48.38333333,100.76,0,0
1/11/2025 19:00,26.6,87,NA,14,27,0,6.6,100.8183333,0,0
1/11/2025 20:00,25.9,92,South-West,5,22,0.6,0,100.8616667,0,0
1/11/2025 21:00,25.4,93,West South-West,2,9,0,0,100.87,0,0
1/11/2025 22:00,25.6,93,West South-West,2,5,0,0,100.9016667,0,0
1/11/2025 23:00,25.6,94,West,0,5,0,0,100.8933333,0,0
1/12/2025 0:00,24.6,94,West North-West,20,53,10.3,0,100.8683333,0,0
1/12/2025 1:00,24.6,91,NA,18,49,4.2,0,100.8566667,0,0
1/12/2025 2:00,25.1,87,NA,15,38,0.2,0,100.7666667,0,0
1/12/2025 3:00,25.1,90,NA,12,42,1.4,0,100.7616667,0,0
1/12/2025 4:00,25.5,89,NA,20,48,0.2,0,100.735,0,0
1/12/2025 5:00,25.7,86,West,14,53,0,0,100.7283333,0,0
1/12/2025 6:00,26,87,West North-West,10,38,0,2.9,100.7633333,0,0
1/12/2025 7:00,25.4,91,West,13,54,0.4,41.15,100.8316667,0,0
1/12/2025 8:00,26.5,85,West,9,41,0,139.3666667,100.8416667,0,0
1/12/2025 9:00,27.5,81,West North-West,14,41,0,422.4833333,100.8216667,0,0
1/12/2025 10:00,28.3,78,West North-West,14,48,0,786.45,100.7733333,0,0
1/12/2025 11:00,28.9,78,West North-West,10,42,0,595.9333333,100.745,0,0
1/12/2025 12:00,28.7,79,West North-West,11,36,0,599.1833333,100.7033333,0,0
1/12/2025 13:00,28.9,77,West North-West,13,42,0,445.25,100.7033333,0,0
1/12/2025 14:00,28.7,79,West,17,52,0,468.8333333,100.6733333,0,0
1/12/2025 15:00,27.6,78,West,31,63,0,308.5833333,100.6366667,0,0
1/12/2025 16:00,28.1,74,West,13,61,0,287.3333333,100.6066667,0,0
1/12/2025 17:00,27.8,79,West,14,49,0,175.85,100.6116667,0,0
1/12/2025 18:00,27.7,80,West,14,49,0,81.9,100.6483333,0,0
1/12/2025 19:00,27.8,82,West,19,44,0,11.2,100.7116667,0,0
1/12/2025 20:00,27.5,80,West,14,45,0,0,100.7533333,0,0
1/12/2025 21:00,27.8,78,West,13,49,0,0,100.7933333,0,0
1/12/2025 22:00,27.8,79,West,19,46,0,0,100.8333333,0,0
1/12/2025 23:00,28.2,67,West,16,46,0,0,100.8383333,0,0
1/13/2025 0:00,27.9,72,West,23,49,0,0,100.7933333,0,0
1/13/2025 1:00,27.7,69,West,15,44,0,0,100.7066667,0,0
1/13/2025 2:00,27.6,74,West,20,43,0,0,100.6516667,0,0
1/13/2025 3:00,28,73,West,12,41,0,0,100.6366667,0,0
1/13/2025 4:00,27.7,79,West,9,38,0,0,100.645,0,0
1/13/2025 5:00,28.1,81,West,9,35,0,0,100.635,0,0
1/13/2025 6:00,25.9,85,West North-West,10,65,0.4,2.5,100.7,0,0
1/13/2025 7:00,27.7,79,West North-West,8,38,0,72.03333333,100.7683333,0,0
1/13/2025 8:00,27.7,73,West North-West,14,47,0.4,102.3666667,100.81,0,0
1/13/2025 9:00,27.1,88,West,25,54,1,288.3166667,100.8133333,0,0
1/13/2025 10:00,29.2,79,West North-West,13,47,0.2,279.2666667,100.835,0,0
1/13/2025 11:00,26.8,79,West,21,58,0,450.65,100.8383333,0,0
1/13/2025 12:00,25.7,83,West,31,76,2.6,238.7666667,100.8416667,0,0
1/13/2025 13:00,24.9,90,West North-West,44,77,2.6,245.7833333,100.8466667,0,0
1/13/2025 14:00,26,82,North-West,17,57,0.6,363.3833333,100.77,0,0
1/13/2025 15:00,26.6,83,West North-West,22,66,0.4,184.9666667,100.7333333,0,0
1/13/2025 16:00,24.1,88,West North-West,21,63,1.4,72.23333333,100.7066667,0,0
1/13/2025 17:00,26.4,88,West,10,66,3.4,30.51666667,100.775,0,0
1/13/2025 18:00,26.9,82,West,10,52,0.6,18.98333333,100.8383333,0,0
1/13/2025 19:00,25.2,84,West,16,69,2,2.216666667,100.9583333,0,0
1/13/2025 20:00,24.8,86,West,6,42,0.8,0,101.0383333,0,0
1/13/2025 21:00,24.3,90,West South-West,3,10,0,0,101.05,0,0
1/13/2025 22:00,24,95,West,28,73,6,0,101.0983333,0,0
1/13/2025 23:00,24.1,94,NA,15,57,6.7,0,101.18,0,0
1/14/2025 0:00,25,91,NA,10,37,2.8,0,101.1283333,0,0
1/14/2025 1:00,26.2,85,NA,22,47,0.2,0,101.03,0,0
1/14/2025 2:00,27.2,86,NA,10,31,0.2,0,100.97,0,0
1/14/2025 3:00,27.1,87,NA,7,35,0.2,0,100.9416667,0,0
1/14/2025 4:00,28,75,North-West,27,41,0,0,100.92,0,0
1/14/2025 5:00,25.2,89,West,26,45,0.6,0,100.9616667,0,0
1/14/2025 6:00,26.3,85,West South-West,13,45,0.6,1.15,101.0366667,0,0
1/14/2025 7:00,26.6,85,West North-West,9,36,0,33.13333333,101.1333333,0,0
1/14/2025 8:00,27.2,80,South-West,3,23,0,110.8833333,101.165,0,0
1/14/2025 9:00,28.4,77,West South-West,5,14,0,236.9666667,101.16,0,0
1/14/2025 10:00,28.4,81,West South-West,6,18,0,390.15,101.1416667,0,0
1/14/2025 11:00,27.6,77,West,14,39,0.2,302.3,101.125,0,0
1/14/2025 12:00,29,80,North-West,17,39,0,381.6,101.085,0,0
1/14/2025 13:00,29.3,67,West North-West,10,39,0,374.15,101.02,0,0
1/14/2025 14:00,28.7,81,West North-West,25,41,0,329.1166667,100.9483333,0,0
1/14/2025 15:00,28.8,81,North-West,24,39,0,261.2833333,100.905,0,0
1/14/2025 16:00,28.9,81,West North-West,15,36,0,277.9666667,100.9,0,0
1/14/2025 17:00,28.8,78,West North-West,15,34,0,133.8,100.9133333,0,0
1/14/2025 18:00,28.5,79,West North-West,11,35,0,64.15,100.9683333,0,0
1/14/2025 19:00,28.4,80,West North-West,14,36,0,8.233333333,101.0366667,0,0
1/14/2025 20:00,28.2,83,West North-West,7,34,0,0,101.1,0,0
1/14/2025 21:00,28.2,83,West North-West,9,25,0,0,101.1783333,0,0
1/14/2025 22:00,28.2,83,West North-West,8,29,0,0,101.215,0,0
1/14/2025 23:00,27.9,84,West North-West,7,33,0,0,101.235,0,0
1/15/2025 0:00,27.7,83,West,8,29,0,0,101.1933333,0,0
1/15/2025 1:00,27.9,84,West North-West,9,32,0,0,101.125,0,0
1/15/2025 2:00,27.9,83,West North-West,9,30,0,0,101.0633333,0,0
1/15/2025 3:00,27.2,85,West,5,23,0,0,101.04,0,0
1/15/2025 4:00,27.5,84,West North-West,6,31,0,0,101.0383333,0,0
1/15/2025 5:00,27.7,84,West,8,27,0,0,101.0466667,0,0
1/15/2025 6:00,27.6,84,West North-West,5,27,0,5.65,101.1,0,0
1/15/2025 7:00,28.3,82,West North-West,7,28,0,79.65,101.17,0,0
1/15/2025 8:00,28.7,78,West,8,26,0,161.8166667,101.2533333,0,0
1/15/2025 9:00,28.7,77,West,17,37,0,291.2,101.29,0,0
1/15/2025 10:00,30.6,74,West,8,27,0,703.1,101.2666667,0,0
1/15/2025 11:00,28.3,76,West,12,37,0,603.4333333,101.2733333,0,0
1/15/2025 12:00,29.4,78,West,6,31,0.8,487.0833333,101.23,0,0
1/15/2025 13:00,29.6,76,West,9,25,0,371.7,101.1783333,0,0
1/15/2025 14:00,30,76,West South-West,13,23,0,636.1,101.1283333,0,0
1/15/2025 15:00,30.8,74,West South-West,13,22,0,874.85,101.0833333,0,0
1/15/2025 16:00,28.5,81,West South-West,5,21,0,362.7333333,101.065,0,0
1/15/2025 17:00,28.5,83,North-West,4,21,0,146.1,101.0833333,0,0
1/15/2025 18:00,28,83,South-West,5,13,0,93.41666667,101.13,0,0
1/15/2025 19:00,27.4,84,South-West,3,12,0,12.06666667,101.2016667,0,0
1/15/2025 20:00,27.4,86,West South-West,3,10,0,0,101.235,0,0
1/15/2025 21:00,27.4,86,West South-West,2,8,0,0,101.26,0,0
1/15/2025 22:00,27.3,87,West South-West,0,7,0,0,101.2883333,0,0
1/15/2025 23:00,27.2,82,North-West,11,18,0,0,101.295,0,0
1/16/2025 0:00,26.9,86,North-West,2,15,0,0,101.255,0,0
1/16/2025 1:00,26.9,91,West South-West,3,14,1,0,101.1916667,0,0
1/16/2025 2:00,26.6,87,West South-West,6,22,0,0,101.125,0,0
1/16/2025 3:00,26.6,90,West South-West,2,13,0,0,101.0766667,0,0
1/16/2025 4:00,25.8,89,West North-West,4,27,0,0,101.0633333,0,0
1/16/2025 5:00,26.4,85,West South-West,5,21,0,0,101.0533333,0,0
1/16/2025 6:00,26.6,86,West South-West,2,13,0,5.166666667,101.1066667,0,0
1/16/2025 7:00,27.6,86,North-West,2,11,0,84.26666667,101.1683333,0,0
1/16/2025 8:00,27.92681551,85.02642638,West North-West,5.715448283,15.2743035,0,284.9166667,101.2033333,1,0
1/16/2025 9:00,28.30954451,84.79354077,North-West,7.420720438,12.93529457,0,414.1666667,101.24,1,0
1/16/2025 10:00,29.5,75,West North-West,8,17,0,783.0166667,101.26,0,0
1/16/2025 11:00,29.8,73,West North-West,8,18,0,771.5833333,101.25,0,0
1/16/2025 12:00,29.9,76,North-West,9,17,0,681,101.2083333,0,0
1/16/2025 13:00,29.6,76,West North-West,6,17,0,643.75,101.1516667,0,0
1/16/2025 14:00,29.9,75,West North-West,8,17,0,726.2833333,101.1066667,0,0
1/16/2025 15:00,29.6,74,West North-West,8,19,0,736.9833333,101.0566667,0,0
1/16/2025 16:00,29,77,West,6,17,0,422.6166667,101.025,0,0
1/16/2025 17:00,28.7,79,West,5,18,0,165.2833333,101.0466667,0,0
1/16/2025 18:00,28.3,80,West,6,16,0,54.25,101.125,0,0
1/16/2025 19:00,27.7,82,West,6,20,0,5.45,101.19,0,0
1/16/2025 20:00,27.7,82,West South-West,2,14,0,0,101.25,0,0
1/16/2025 21:00,27.6,83,West,4,12,0,0,101.2833333,0,0
1/16/2025 22:00,27.6,80,West South-West,2,10,0,0,101.3183333,0,0
1/16/2025 23:00,27.4,82,West,0,9,0,0,101.31,0,0
1/17/2025 0:00,27.3,82,West South-West,3,11,0,0,101.255,0,0
1/17/2025 1:00,27,82,West South-West,2,7,0,0,101.1683333,0,0
1/17/2025 2:00,26.9,85,North North-West,2,6,0,0,101.12,0,0
1/17/2025 3:00,26.5,88,West North-West,3,11,0,0,101.0916667,0,0
1/17/2025 4:00,26.7,87,West North-West,4,12,0,0,101.095,0,0
1/17/2025 5:00,27.1,86,North-West,4,14,0,0,101.1133333,0,0
1/17/2025 6:00,27.1,86,West South-West,0,12,0,4.15,101.145,0,0
1/17/2025 7:00,27.5,82,North-West,6,9,0,50.61666667,101.2283333,0,0
1/17/2025 8:00,27.8,80,North North-West,3,10,0,68.28333333,101.275,0,0
1/17/2025 9:00,28.5,76,North-West,5,12,0,203.0666667,101.2916667,0,0
1/17/2025 10:00,29.3,77,West North-West,6,14,0,326.1833333,101.285,0,0
1/17/2025 11:00,28.8,77,North-West,5,14,0,430.1333333,101.2483333,0,0
1/17/2025 12:00,29.3,71,North North-West,13,21,0,424.5833333,101.22,0,0
1/17/2025 13:00,29.5,75,North North-West,6,25,0,877.1,101.1733333,0,0
1/17/2025 14:00,29.8,73,North-West,9,19,0,919.8666667,101.105,0,0
1/17/2025 15:00,30.3,70,North-West,9,22,0,885.6833333,101.0566667,0,0
1/17/2025 16:00,29.9,73,North-West,10,18,0,603.5166667,101.0416667,0,0
1/17/2025 17:00,29.2,75,West North-West,8,18,0,360.5,101.0533333,0,0
1/17/2025 18:00,28.4,80,North North-West,5,25,0,85.63333333,101.1416667,0,0
1/17/2025 19:00,26.9,85,North North-West,7,28,2,9.016666667,101.24,0,0
1/17/2025 20:00,26.7,86,North,14,27,0,0,101.3116667,0,0
1/17/2025 21:00,26.9,85,North,11,25,0,0,101.3383333,0,0
1/17/2025 22:00,27.1,84,North,5,17,0,0,101.3733333,0,0
1/17/2025 23:00,27.4,81,North-East,5,10,0,0,101.3833333,0,0
1/18/2025 0:00,26.9,85,North-West,4,8,0,0,101.345,0,0
1/18/2025 1:00,24.9,93,North North-West,15,33,4.6,0,101.325,0,0
1/18/2025 2:00,25,93,North North-West,3,21,2,0,101.275,0,0
1/18/2025 3:00,25.4,93,North North-West,4,12,1.6,0,101.24,0,0
1/18/2025 4:00,25.4,92,North North-West,4,9,0.4,0,101.2533333,0,0
1/18/2025 5:00,24.9,94,North-West,0,7,0,0,101.2733333,0,0
1/18/2025 6:00,24.9,95,North-West,2,6,0,1.3,101.3233333,0,0
1/18/2025 7:00,25.9,90,North-East,4,7,0,44.23333333,101.3833333,0,0
1/18/2025 8:00,27.7,81,North North-East,6,9,0,273.9166667,101.4233333,0,0
1/18/2025 9:00,28.3,80,North-East,9,15,0,584.85,101.4316667,0,0
1/18/2025 10:00,28.5,79,North-East,9,17,0,641.5333333,101.4233333,0,0
1/18/2025 11:00,28.7,78,East North-East,9,19,0,694.2,101.3966667,0,0
1/18/2025 12:00,28.7,77,East North-East,13,20,0,1044,101.35,0,0
1/18/2025 13:00,29.1,77,East North-East,13,23,0,895.4666667,101.32,0,0
1/18/2025 14:00,28.3,79,North-West,10,33,1.4,660.4833333,101.295,0,0
1/18/2025 15:00,28.9,74,North North-East,10,25,0,799.2166667,101.2483333,0,0
1/18/2025 16:00,29.4,73,North North-East,8,19,0,660.8333333,101.22,0,0
1/18/2025 17:00,25.3,93,North North-East,11,47,10.6,222.2166667,101.27,0,0
1/18/2025 18:00,26.2,90,NA,8,14,0,82.21666667,101.3416667,0,0
1/18/2025 19:00,25.5,89,NA,2,15,0,18.11666667,101.39,0,0
1/18/2025 20:00,24.9,92,NA,3,6,0,0,101.43,0,0
1/18/2025 21:00,25.6,91,NA,3,10,0,0,101.4433333,0,0
1/18/2025 22:00,27.7,83,NA,14,20,0,0,101.4933333,0,0
1/18/2025 23:00,27.7,81,East North-East,13,20,0,0,101.5316667,0,0
1/19/2025 0:00,27.8,81,East,12,19,0,0,101.53,0,0
1/19/2025 1:00,27.9,77,East,14,18,0,0,101.4883333,0,0
1/19/2025 2:00,27.7,79,East,13,20,0,0,101.4366667,0,0
1/19/2025 3:00,27.8,78,East North-East,13,20,0,0,101.4066667,0,0
1/19/2025 4:00,27.9,79,East North-East,14,20,0,0,101.42,0,0
1/19/2025 5:00,27.8,80,East,17,22,0,0,101.4383333,0,0
1/19/2025 6:00,27.9,77,East North-East,20,24,0,7.9,101.4966667,0,0
1/19/2025 7:00,28.3,75,East North-East,19,24,0,131.35,101.535,0,0
1/19/2025 8:00,28.4,77,East,18,26,0,297.1666667,101.55,0,0
1/19/2025 9:00,28.5,78,East,19,25,0,531.9666667,101.5666667,0,0
1/19/2025 10:00,27.8,75,East,20,39,0,781.8833333,101.5816667,0,0
1/19/2025 11:00,28.8,74,East North-East,20,28,0,1010.766667,101.5666667,0,0
1/19/2025 12:00,28.8,77,East North-East,22,30,0,939.3666667,101.5333333,0,0
1/19/2025 13:00,29,71,East,25,34,0,851.6,101.4933333,0,0
1/19/2025 14:00,29.1,75,East,24,33,0,973.8,101.4383333,0,0
1/19/2025 15:00,29.1,77,East,28,35,0,820.8,101.3833333,0,0
1/19/2025 16:00,29.1,74,East,27,35,0,660.4166667,101.345,0,0
1/19/2025 17:00,29.1,75,East,26,35,0,392.65,101.3533333,0,0
1/19/2025 18:00,29,77,East,27,35,0,116.8666667,101.415,0,0
1/19/2025 19:00,28.6,75,East North-East,27,36,0,10.31666667,101.4666667,0,0
1/19/2025 20:00,28.4,78,East,27,35,0,0,101.5133333,0,0
1/19/2025 21:00,28.4,77,East,27,36,0,0,101.54,0,0
1/19/2025 22:00,28.4,73,East,27,36,0,0,101.575,0,0
1/19/2025 23:00,28.3,76,East,28,35,0,0,101.59,0,0
1/20/2025 0:00,28.1,75,East,27,36,0,0,101.5516667,0,0
1/20/2025 1:00,28,79,East,20,34,0,0,101.4866667,0,0
1/20/2025 2:00,27.9,80,East,25,32,0,0,101.4033333,0,0
1/20/2025 3:00,27.9,79,East,30,39,0,0,101.3566667,0,0
1/20/2025 4:00,27.9,77,East,29,36,0,0,101.3616667,0,0
1/20/2025 5:00,27.9,77,East,29,36,0,0,101.3683333,0,0
1/20/2025 6:00,28,78,East,27,36,0,5.116666667,101.4116667,0,0
1/20/2025 7:00,28.3,79,East,29,40,0,81,101.4733333,0,0
1/20/2025 8:00,28.4,73,East,31,42,0,361.4666667,101.4733333,0,0
1/20/2025 9:00,28.6,76,East,30,42,0,611.55,101.5083333,0,0
1/20/2025 10:00,28.5,73,East,29,40,0,820.7166667,101.5016667,0,0
1/20/2025 11:00,28.7,74,East,31,40,0,958.7333333,101.465,0,0
1/20/2025 12:00,28.8,75,East,28,38,0,1065.6,101.4216667,0,0
1/20/2025 13:00,28.9,76,East,25,36,0,1049.766667,101.3833333,0,0
1/20/2025 14:00,28.9,73,East,24,34,0,857.3833333,101.36,0,0
1/20/2025 15:00,28.9,74,East,26,36,0,768.0666667,101.3166667,0,0
1/20/2025 16:00,28.5,73,East,24,33,0,585.6,101.2633333,0,0
1/20/2025 17:00,28.6,76,East,25,34,0,299.85,101.2433333,0,0
1/20/2025 18:00,28.4,76,East,24,33,0,147.5333333,101.28,0,0
1/20/2025 19:00,28.2,75,East,22,34,0,17.16666667,101.3666667,0,0
1/20/2025 20:00,28.3,76,East,24,32,0,0,101.445,0,0
1/20/2025 21:00,28.1,76,East,22,30,0,0,101.4983333,0,0
1/20/2025 22:00,28.1,76,East,22,30,0,0,101.5416667,0,0
1/20/2025 23:00,28,78,East South-East,22,30,0,0,101.5633333,0,0
1/21/2025 0:00,27.9,75,East South-East,19,27,0,0,101.5416667,0,0
1/21/2025 1:00,27.8,74,East South-East,19,27,0,0,101.4816667,0,0
1/21/2025 2:00,27.7,72,East South-East,17,26,0,0,101.415,0,0
1/21/2025 3:00,27.7,76,East South-East,16,23,0,0,101.38,0,0
1/21/2025 4:00,27.6,75,East South-East,17,26,0,0,101.3483333,0,0
1/21/2025 5:00,27.6,75,East South-East,20,27,0,0,101.3483333,0,0
1/21/2025 6:00,27.6,76,East South-East,17,26,0,5.916666667,101.3866667,0,0
1/21/2025 7:00,28,75,East South-East,19,28,0,120.6833333,101.4266667,0,0
1/21/2025 8:00,28.1,75,East South-East,21,29,0,325.8833333,101.4433333,0,0
1/21/2025 9:00,28.5,75,East South-East,21,28,0,619.7666667,101.4516667,0,0
1/21/2025 10:00,28.6,73,East,24,31,0,756.6666667,101.45,0,0
1/21/2025 11:00,28.7,70,East,24,33,0,993.8833333,101.4366667,0,0
1/21/2025 12:00,28.8,75,East,24,33,0,1078.583333,101.415,0,0
1/21/2025 13:00,28.8,69,East,23,31,0,1020.266667,101.3616667,0,0
1/21/2025 14:00,28.8,69,East,20,35,0,1014.983333,101.3183333,0,0
1/21/2025 15:00,28.9,69,East,25,35,0,740.25,101.2666667,0,0
1/21/2025 16:00,28.8,74,East,20,31,0,616.5166667,101.23,0,0
1/21/2025 17:00,28.8,72,East,22,30,0,365.3,101.2266667,0,0
1/21/2025 18:00,28.7,77,East,22,29,0,130.7833333,101.2716667,0,0
1/21/2025 19:00,28.6,73,East,22,30,0,11.08333333,101.345,0,0
1/21/2025 20:00,28.4,77,East,21,30,0,0,101.41,0,0
1/21/2025 21:00,28.2,77,East,21,35,0,0,101.455,0,0
1/21/2025 22:00,28.1,81,East,21,36,2.8,0,101.4966667,0,0
1/21/2025 23:00,28.1,80,East,24,36,0,0,101.5033333,0,0
1/22/2025 0:00,28.1,80,East,23,31,0,0,101.4633333,0,0
1/22/2025 1:00,28.1,78,East,27,36,0,0,101.4133333,0,0
1/22/2025 2:00,26.9,85,East,24,52,0,0,101.3533333,0,0
1/22/2025 3:00,27.6,84,East,24,32,0,0,101.3166667,0,0
1/22/2025 4:00,27.6,84,East,23,33,0,0,101.2966667,0,0
1/22/2025 5:00,27.4,83,East,30,37,0,0,101.3216667,0,0
1/22/2025 6:00,27.6,81,East,25,35,0,6.266666667,101.3533333,0,0
1/22/2025 7:00,28,78,East,24,34,0,137.3333333,101.3983333,0,0
1/22/2025 8:00,28.5,80,East,27,35,0,393.8333333,101.4233333,0,0
1/22/2025 9:00,28.7,77,East,30,38,0,586.2333333,101.4583333,0,0
1/22/2025 10:00,28.8,78,East,28,37,0,833.85,101.4616667,0,0
1/22/2025 11:00,28.8,80,East,28,35,0,912.7,101.4333333,0,0
1/22/2025 12:00,29.1,81,East,28,37,0,1031.733333,101.37,0,0
1/22/2025 13:00,28.9,78,East,28,36,0,1040.916667,101.3033333,0,0
1/22/2025 14:00,29,78,East,29,41,0.2,829.1833333,101.2483333,0,0
1/22/2025 15:00,29.3,79,East,26,36,0,828.5,101.215,0,0
1/22/2025 16:00,29.1,79,East,26,48,0,544.7333333,101.175,0,0
1/22/2025 17:00,29.1,78,East,30,37,0,409.3166667,101.19,0,0
1/22/2025 18:00,28.4,81,East,23,37,0,122.0666667,101.255,0,0
1/22/2025 19:00,28.5,80,East,30,40,0,12.46666667,101.325,0,0
1/22/2025 20:00,28.5,82,East,26,37,0,0,101.415,0,0
1/22/2025 21:00,27.6,81,East South-East,26,45,0.2,0,101.4566667,0,0
1/22/2025 22:00,28.1,83,East,23,37,0,0,101.4883333,0,0
1/22/2025 23:00,28.3,80,East,28,48,0,0,101.5066667,0,0
1/23/2025 0:00,27.8,83,East,29,44,0,0,101.4616667,0,0
1/23/2025 1:00,27.7,87,East South-East,18,41,0,0,101.4216667,0,0
1/23/2025 2:00,27.4,85,East,25,50,6.6,0,101.36,0,0
1/23/2025 3:00,27.9,84,NA,24,37,0,0,101.3,0,0
1/23/2025 4:00,26.9,87,NA,17,46,3.6,0,101.315,0,0
1/23/2025 5:00,27.6,84,NA,21,34,0,0,101.325,0,0
1/23/2025 6:00,27.3,86,East South-East,20,29,0,6.683333333,101.3516667,0,0
1/23/2025 7:00,28.2,85,East South-East,12,28,0,146.4833333,101.425,0,0
1/23/2025 8:00,28.14230159,85.29872358,East,21.77086265,31.64736603,0,340.3166667,101.4216667,1,0
1/23/2025 9:00,28.6,78,East,22,32,0,596.25,101.445,0,0
1/23/2025 10:00,28.7,79,East,20,32,0,742.9833333,101.4683333,0,0
1/23/2025 11:00,29,79,East,19,27,0,1018.433333,101.4566667,0,0
1/23/2025 12:00,28.6,81,East,19,30,0,821.25,101.3983333,0,0
1/23/2025 13:00,28.4,81,East South-East,20,31,0,325.1,101.3533333,0,0
1/23/2025 14:00,28.9,78,East,16,25,0,966.7833333,101.285,0,0
1/23/2025 15:00,26.5,84,East,27,41,0,366.8833333,101.2766667,0,0
1/23/2025 16:00,27.1,83,South-East,15,32,0,158.1333333,101.2316667,0,0
1/23/2025 17:00,28.5,79,East South-East,18,24,0,376.3,101.2083333,0,0
1/23/2025 18:00,28.2,82,East South-East,20,34,0,97.9,101.2333333,0,0
1/23/2025 19:00,28.3,84,East South-East,19,30,0,13.51666667,101.2783333,0,0
1/23/2025 20:00,27.9,85,East South-East,21,29,0,0,101.315,0,0
1/23/2025 21:00,28.1,84,East,27,35,0,0,101.3433333,0,0
1/23/2025 22:00,28.3,83,East,23,33,0,0,101.3616667,0,0
1/23/2025 23:00,28,81,East,24,35,0,0,101.3716667,0,0
1/24/2025 0:00,28.2,83,East,22,30,0,0,101.3266667,0,0
1/24/2025 1:00,28,83,East,23,30,0,0,101.2583333,0,0
1/24/2025 2:00,27.5,83,East South-East,16,38,0,0,101.1933333,0,0
1/24/2025 3:00,28.1,80,East,23,31,0,0,101.1733333,0,0
1/24/2025 4:00,28.1,83,East,21,29,0,0,101.1716667,0,0
1/24/2025 5:00,27.8,82,East,22,28,0,0,101.1833333,0,0
1/24/2025 6:00,28,79,East,22,30,0,4.566666667,101.2166667,0,0
1/24/2025 7:00,28.5,78,East,21,28,0,117.4666667,101.2583333,0,0
1/24/2025 8:00,28.5,78,East,21,30,0,334.6,101.2733333,0,0
1/24/2025 9:00,28.6,79,East,23,31,0,602.6166667,101.2766667,0,0
1/24/2025 10:00,28.46553071,83.6390261,East,23.98710083,34.92952372,0,848.3666667,101.2866667,1,0
1/24/2025 11:00,28.51859818,83.3673991,East,24.00556948,33.45821165,0,947.1,101.26,1,0
1/24/2025 12:00,28.61186828,82.64688496,East,26.70814882,37.04217695,0,856.5833333,101.1866667,1,0
1/24/2025 13:00,28.78071931,80.44738005,East,26.28952605,34.62771612,0,1038.266667,101.1133333,1,0
1/24/2025 14:00,28.88202993,79.74133194,East,25.55077999,36.09902819,0,954.8333333,101.0266667,1,0
1/24/2025 15:00,28.9978135,80.40629121,East,25.25528157,33.94864901,0,767.0666667,100.9933333,1,0
1/24/2025 16:00,29.01550265,80.50633082,East,24.23950574,31.45873627,0,636.5333333,100.98,1,0
1/24/2025 17:00,29.05892149,80.27546415,East,24.33184899,33.68456736,0,423.8833333,100.9666667,1,0
1/24/2025 18:00,29.06535391,77.61880348,East,23.34685425,32.89232239,0,146.9333333,101.005,1,0
1/24/2025 19:00,28.98494865,77.11900995,East,23.02673095,31.34555842,0,12.76666667,101.0483333,1,0
1/24/2025 20:00,28.89650288,78.46387818,East,23.50691589,32.74141859,0,0,101.1033333,1,0
1/24/2025 21:00,28.7,78,East,22,33,0,0,101.1816667,0,0
1/24/2025 22:00,28.7,81,East,21,28,0,0,101.22,0,0
1/24/2025 23:00,28.2,81,East South-East,17,30,0,0,101.2383333,0,0
1/25/2025 0:00,28.6,80,East,19,28,0,0,101.1933333,0,0
1/25/2025 1:00,27.2,82,East,27,36,0.2,0,101.1166667,0,0
1/25/2025 2:00,28.1,82,East,14,21,0,0,101.0766667,0,0
1/25/2025 3:00,28.4,80,East,21,27,0,0,101.0516667,0,0
1/25/2025 4:00,28.3,78,East,23,28,0,0,101.035,0,0
1/25/2025 5:00,27.9,83,East,22,33,0.4,0,101.0316667,0,0
1/25/2025 6:00,28.2,81,East,26,34,0,3.383333333,101.0633333,0,0
1/25/2025 7:00,28.4,78,East,25,34,0,69.11666667,101.13,0,0
1/25/2025 8:00,28.6,80,East,23,42,0.4,327.75,101.145,0,0
1/25/2025 9:00,28.52020629,82.49579564,East,25.6246546,36.51401364,0,583.5666667,101.1716667,1,0
1/25/2025 10:00,29.1,78,East North-East,28,37,0,817.45,101.1766667,0,0
1/25/2025 11:00,29.1,74,East North-East,29,39,0,978.5833333,101.17,0,0
1/25/2025 12:00,29.3,74,East North-East,27,37,0,1074.65,101.1333333,0,0
1/25/2025 13:00,29.4,75,East North-East,26,39,0,1000.8,101.0766667,0,0
1/25/2025 14:00,29.4,73,East North-East,26,34,0,920.5666667,101.0266667,0,0
1/25/2025 15:00,29.5,75,East North-East,23,33,0,850.5166667,100.9883333,0,0
1/25/2025 16:00,29.6,76,East,25,35,0,655.6333333,100.9516667,0,0
1/25/2025 17:00,29.3,76,East,23,32,0,411.7166667,100.96,0,0
1/25/2025 18:00,29.3,77,East,23,32,0,138.6833333,101.0366667,0,0
1/25/2025 19:00,28.5,81,East,30,41,0,16.5,101.1033333,0,0
1/25/2025 20:00,29,77,East,23,36,0,0,101.1933333,0,0
1/25/2025 21:00,29,79,East,23,31,0,0,101.2466667,0,0
1/25/2025 22:00,28.8,77,East,22,32,0,0,101.3016667,0,0
1/25/2025 23:00,28.8,75,East,25,33,0,0,101.33,0,0
1/26/2025 0:00,28.8,75,East,24,33,0,0,101.315,0,0
1/26/2025 1:00,28.5,77,East,20,37,0,0,101.285,0,0
1/26/2025 2:00,28.3,77,East,19,33,0,0,101.2433333,0,0
1/26/2025 3:00,28.2,75,East,24,31,0,0,101.2016667,0,0
1/26/2025 4:00,28.2,76,East,23,30,0,0,101.195,0,0
1/26/2025 5:00,28.1,77,East,24,31,0,0,101.2183333,0,0
1/26/2025 6:00,28.1,77,East,22,30,0,3.483333333,101.2416667,0,0
1/26/2025 7:00,28.3,78,East,24,31,0,108.6666667,101.2766667,0,0
1/26/2025 8:00,28.4,76,East,27,35,0,372.7333333,101.285,0,0
1/26/2025 9:00,28.7,78,East,27,36,0,616.9833333,101.3183333,0,0
1/26/2025 10:00,28.9,76,East,28,36,0,838.3,101.31,0,0
1/26/2025 11:00,28.8,79,East,27,36,0,903.3166667,101.2933333,0,0
1/26/2025 12:00,29.2,78,East,28,37,0,1067.816667,101.2483333,0,0
1/26/2025 13:00,29.3,76,East,26,36,0,1055.033333,101.1966667,0,0
1/26/2025 14:00,29.3,76,East,28,41,0,863.2833333,101.14,0,0
1/26/2025 15:00,29.4,75,East,26,36,0,803.6833333,101.1166667,0,0
1/26/2025 16:00,29.3,77,East,21,36,0,656.25,101.11,0,0
1/26/2025 17:00,29.5,74,East,25,35,0,413.3666667,101.1333333,0,0
1/26/2025 18:00,29.2,76,East,26,35,0,147.6,101.1916667,0,0
1/26/2025 19:00,28.9,80,East,23,34,0,17.38333333,101.27,0,0
1/26/2025 20:00,28.4,74,East,31,40,0,0,101.355,0,0
1/26/2025 21:00,27.8,79,East,23,44,0,0,101.4083333,0,0
1/26/2025 22:00,28.7,80,East,27,35,0,0,101.45,0,0
1/26/2025 23:00,27.9,77,East,34,48,0,0,101.475,0,0
1/27/2025 0:00,28.5,79,East,28,36,0,0,101.4516667,0,0
1/27/2025 1:00,28.5,80,East,30,39,0,0,101.3916667,0,0
1/27/2025 2:00,28.2,79,East,30,37,0,0,101.3216667,0,0
1/27/2025 3:00,27.8,80,East,26,41,0,0,101.3,0,0
1/27/2025 4:00,28.3,81,East,27,41,0,0,101.3183333,0,0
1/27/2025 5:00,28.2,77,East,25,36,0,0,101.3483333,0,0
1/27/2025 6:00,28.1,78,East,26,35,0,4.25,101.385,0,0
1/27/2025 7:00,28.5,78,East,26,36,0,118.5666667,101.4066667,0,0
1/27/2025 8:00,28.6,77,East,24,46,0,307.05,101.435,0,0
1/27/2025 9:00,28.9,75,East,28,38,0,616.1833333,101.44,0,0
1/27/2025 10:00,29,76,East,29,36,0,833.0666667,101.4316667,0,0
1/27/2025 11:00,28.65528711,80.44543639,East,28.84435618,39.53208969,0,993.1166667,101.4216667,1,0
1/27/2025 12:00,29.2,76,East,27,37,0,1053.566667,101.4016667,0,0
1/27/2025 13:00,29.3,73,East,27,35,0,1020.1,101.3566667,0,0
1/27/2025 14:00,29.7,74,East,22,36,0,949.9333333,101.3,0,0
1/27/2025 15:00,28.3,81,East,27,38,0,707.4,101.2366667,0,0
1/27/2025 16:00,29.3,72,East South-East,27,35,0,423.1,101.2066667,0,0
1/27/2025 17:00,27.1,91,East South-East,41,66,1.2,442.7,101.2033333,0,0
1/27/2025 18:00,27.8,80,South-East,24,67,2.4,37.38333333,101.27,0,0
1/27/2025 19:00,28,82,East South-East,33,44,0,16.38333333,101.3216667,0,0
1/27/2025 20:00,28.2,83,South-East,32,47,0,0,101.2333333,0,0
1/27/2025 21:00,27.7,88,East South-East,42,57,5.1,0,101.2416667,0,0
1/27/2025 22:00,28.1,83,East North-East,40,60,0.2,0,101.2966667,0,0
1/27/2025 23:00,28,78,North-East,35,50,0,0,101.36,0,0
1/28/2025 0:00,27.6,84,East North-East,26,44,0.2,0,101.3966667,0,0
1/28/2025 1:00,28,78,East North-East,25,41,0,0,101.3566667,0,0
1/28/2025 2:00,28.3,79,East North-East,28,35,0,0,101.2783333,0,0
1/28/2025 3:00,27.7,82,East North-East,36,47,0,0,101.2133333,0,0
1/28/2025 4:00,28.1,79,East North-East,34,44,0,0,101.1683333,0,0
1/28/2025 5:00,27.9,81,East North-East,33,47,0,0,101.1716667,0,0
1/28/2025 6:00,28.2,78,East North-East,32,42,0,4.016666667,101.2,0,0
1/28/2025 7:00,28.5,76,East North-East,33,44,0,92.6,101.295,0,0
1/28/2025 8:00,28.8,77,East,29,41,0,343.9666667,101.3483333,0,0
1/28/2025 9:00,28.7,74,East North-East,32,45,0,524.4166667,101.3766667,0,0
1/28/2025 10:00,29,78,East North-East,27,40,0,646.5333333,101.4,0,0
1/28/2025 11:00,29.3,76,East North-East,28,39,0,1012.216667,101.3766667,0,0
1/28/2025 12:00,28.4,82,East North-East,17,55,1,690.3333333,101.3716667,0,0
1/28/2025 13:00,29.4,77,East,27,40,0,1086.466667,101.3183333,0,0
1/28/2025 14:00,26.9,89,East,36,65,0.6,629.1666667,101.2983333,0,0
1/28/2025 15:00,27.8,74,East,22,60,6.8,128.6333333,101.3066667,0,0
1/28/2025 16:00,28.8,80,East,21,34,0,313.9333333,101.2416667,0,0
1/28/2025 17:00,29,78,East,28,36,0,175.7833333,101.2433333,0,0
1/28/2025 18:00,28.7,76,East,31,42,0,65.83333333,101.255,0,0
1/28/2025 19:00,28.6,77,East,30,39,0,11.23333333,101.2983333,0,0
1/28/2025 20:00,28.5,78,East,36,44,0,0,101.3183333,0,0
1/28/2025 21:00,28.6,79,East,35,46,0,0,101.3266667,0,0
1/28/2025 22:00,28.4,78,East,36,49,0,0,101.325,0,0
1/28/2025 23:00,28.4,80,East,33,44,0,0,101.37,0,0
1/29/2025 0:00,28.4,79,East,34,48,0,0,101.36,0,0
1/29/2025 1:00,28.3,77,East,33,46,0,0,101.3066667,0,0
1/29/2025 2:00,28.4,77,East,31,48,0,0,101.2383333,0,0
1/29/2025 3:00,28.2,77,East,28,40,0,0,101.19,0,0
1/29/2025 4:00,28.2,80,East,30,40,0,0,101.185,0,0
1/29/2025 5:00,26.5,83,East,34,48,0.6,0,101.2,0,0
1/29/2025 6:00,28.2,78,East,28,40,0,2.3,101.245,0,0
1/29/2025 7:00,28.3,78,East,28,39,0,66.1,101.2966667,0,0
1/29/2025 8:00,28.5,77,East,31,42,0,348.9833333,101.3133333,0,0
1/29/2025 9:00,28.52342249,80.92849379,East,31.31299926,44.3232854,0,580.8166667,101.3216667,1,0
1/29/2025 10:00,28.8,79,East,27,41,0,828.45,101.3183333,0,0
1/29/2025 11:00,29.1,75,East,33,44,0,983.8166667,101.2933333,0,0
1/29/2025 12:00,29.1,77,East,33,44,0,1054.283333,101.2733333,0,0
1/29/2025 13:00,29.1,78,East,28,42,0,1006.95,101.2133333,0,0
1/29/2025 14:00,29.4,76,East,27,42,0,944.9333333,101.1633333,0,0
1/29/2025 15:00,29.3,75,East,30,49,0.8,601.7666667,101.155,0,0
1/29/2025 16:00,29.2,74,East,28,37,0,610.1166667,101.135,0,0
1/29/2025 17:00,29.2,76,East,28,39,0,411.5,101.14,0,0
1/29/2025 18:00,28.8,80,East,26,36,0,170.2,101.175,0,0
1/29/2025 19:00,28.6,79,East,27,39,0,11.81666667,101.2166667,0,0
1/29/2025 20:00,28.6,78,East,27,38,0,0,101.275,0,0
1/29/2025 21:00,28.7,78,East,27,38,0,0,101.34,0,0
1/29/2025 22:00,28.5,77,East,26,39,0,0,101.4033333,0,0
1/29/2025 23:00,27.7,83,East South-East,20,43,0.2,0,101.4366667,0,0
1/30/2025 0:00,28.3,77,East,25,38,0,0,101.4283333,0,0
1/30/2025 1:00,28.4,80,East South-East,27,43,0,0,101.36,0,0
1/30/2025 2:00,28.1,80,East South-East,30,43,0,0,101.285,0,0
1/30/2025 3:00,28.2,78,East South-East,30,40,0,0,101.2233333,0,0
1/30/2025 4:00,28,82,East South-East,27,39,0,0,101.2183333,0,0
1/30/2025 5:00,28.3,80,East South-East,26,38,0,0,101.2316667,0,0
1/30/2025 6:00,28.1,78,East South-East,27,39,0,2.8,101.26,0,0
1/30/2025 7:00,27.5,79,East,31,43,0,52.33333333,101.3116667,0,0
1/30/2025 8:00,28.7,77,East,28,43,0.2,388.2833333,101.3383333,0,0
1/30/2025 9:00,28.9,77,East,31,40,0,627.55,101.3583333,0,0
1/30/2025 10:00,29.1,75,East,27,40,0,833.8833333,101.3766667,0,0
1/30/2025 11:00,29.2,77,East South-East,30,52,0,922.8666667,101.3483333,0,0
1/30/2025 12:00,28.84986782,81.06237441,East,31.09137544,41.00340176,0,999.05,101.3033333,1,0
1/30/2025 13:00,28.91580014,79.8947617,East,30.42034777,44.21010755,0,985.0333333,101.245,1,0
1/30/2025 14:00,28.97690813,79.40968062,East,29.1029173,39.30573398,0,935.0333333,101.1783333,1,0
1/30/2025 15:00,28.98334055,80.52672199,East,30.91284514,41.56929102,0,788.0666667,101.1316667,1,0
1/30/2025 16:00,29.3,73,East,29,41,0,654.05,101.1133333,0,0
1/30/2025 17:00,29.2,74,East,28,37,0,404.7833333,101.1016667,0,0
1/30/2025 18:00,28.9,75,East,31,39,0,143.6666667,101.1433333,0,0
1/30/2025 19:00,28.93831361,77.15617304,East,31.46690469,44.66281896,0,16.58333333,101.215,1,0
1/30/2025 20:00,28.7,78,East,29,42,0,0,101.2516667,0,0
1/30/2025 21:00,28.6,79,East South-East,27,37,0,0,101.2816667,0,0
1/30/2025 22:00,28.5,80,East,27,38,0,0,101.3083333,0,0
1/30/2025 23:00,28.6,80,East South-East,27,36,0,0,101.3166667,0,0
1/31/2025 0:00,28.3,82,East South-East,24,38,0,0,101.2966667,0,0
1/31/2025 1:00,28.1,85,East North-East,24,35,0,0,101.2666667,0,0
1/31/2025 2:00,27.3,85,East North-East,28,41,0,0,101.2133333,0,0
1/31/2025 3:00,27.2,85,East North-East,22,37,0,0,101.1883333,0,0
1/31/2025 4:00,28,85,East North-East,22,30,0,0,101.18,0,0
1/31/2025 5:00,28.1,81,East,22,31,0,0,101.19,0,0
1/31/2025 6:00,28.3,80,East,19,27,0,6.95,101.2083333,0,0
1/31/2025 7:00,28.5,80,East,20,27,0,38.43333333,101.2883333,0,0
1/31/2025 8:00,28.9,77,East North-East,21,26,0,215.3833333,101.3166667,0,0
1/31/2025 9:00,29.2,80,East,22,30,0,494.9666667,101.3066667,0,0
1/31/2025 10:00,29.1,78,East,22,30,0,701.7833333,101.31,0,0
1/31/2025 11:00,29.2,81,East,22,28,0,771.0833333,101.2933333,0,0
1/31/2025 12:00,28.4,81,East,27,39,0,917.9,101.2866667,0,0
1/31/2025 13:00,28.9,78,East,13,41,1.8,446.6666667,101.2766667,0,0
1/31/2025 14:00,29.3,80,East,17,24,0,794.65,101.1783333,0,0
1/31/2025 15:00,28.7,82,East South-East,15,40,0.2,633.2166667,101.1166667,0,0
1/31/2025 16:00,28.7,81,East,17,26,0,544.5,101.08,0,0
1/31/2025 17:00,29,80,East,22,28,0,432.6666667,101.085,0,0
1/31/2025 18:00,29.1,80,East,22,29,0,204.1,101.1283333,0,0
1/31/2025 19:00,28.7,82,East,16,28,0,19.88333333,101.1933333,0,0
1/31/2025 20:00,28.9,80,East,20,25,0,0,101.2433333,0,0
1/31/2025 21:00,28.8,79,East,22,28,0,0,101.2683333,0,0
1/31/2025 22:00,28.6,79,East,23,36,0,0,101.275,0,0
1/31/2025 23:00,28.5,77,East,19,29,0,0,101.3033333,0,0
2/1/2025 0:00,28.4,79,East,20,26,0,0,101.2633333,0,0
2/1/2025 1:00,28.4,81,East,22,28,0,0,101.175,0,0
2/1/2025 2:00,28.3,80,East,22,27,0,0,101.115,0,0
2/1/2025 3:00,27.9,82,East North-East,16,33,0.2,0,101.1016667,0,0
2/1/2025 4:00,28.2,80,East North-East,25,31,0,0,101.115,0,0
2/1/2025 5:00,28.2,79,East North-East,24,30,0,0,101.1166667,0,0
2/1/2025 6:00,28.2,80,East,21,31,0,2.8,101.1216667,0,0
2/1/2025 7:00,28.6,74,East,20,28,0,120.3666667,101.1833333,0,0
2/1/2025 8:00,28.9,76,East North-East,20,26,0,319.35,101.24,0,0
2/1/2025 9:00,29,75,East North-East,19,32,0,560.6166667,101.255,0,0
2/1/2025 10:00,29.1,75,East North-East,20,26,0,825.5666667,101.24,0,0
2/1/2025 11:00,29.3,75,East North-East,18,28,0,1000.116667,101.2166667,0,0
2/1/2025 12:00,29.4,76,East,17,26,0,1040.816667,101.1983333,0,0
2/1/2025 13:00,29.5,76,East,17,24,0,1014.066667,101.1516667,0,0
2/1/2025 14:00,29.4,75,East,19,28,0,945.0666667,101.095,0,0
2/1/2025 15:00,29.7,76,East,19,31,0,808.2166667,101.03,0,0
2/1/2025 16:00,29.4,77,East,21,27,0,632.9,101,0,0
2/1/2025 17:00,29.3,77,East North-East,20,28,0,295.45,101.0166667,0,0
2/1/2025 18:00,29.1,78,East North-East,19,27,0,108.0666667,101.0733333,0,0
2/1/2025 19:00,29.2,77,East North-East,20,27,0,14.65,101.1333333,0,0
2/1/2025 20:00,29,77,East,20,26,0,0,101.2066667,0,0
2/1/2025 21:00,29,78,East,22,28,0,0,101.2466667,0,0
2/1/2025 22:00,28.9,78,East,21,27,0,0,101.2683333,0,0
2/1/2025 23:00,28.7,79,East,22,32,0,0,101.265,0,0
2/2/2025 0:00,28.5,80,East North-East,19,31,0,0,101.2133333,0,0
2/2/2025 1:00,28.3,78,East North-East,21,28,0,0,101.1466667,0,0
2/2/2025 2:00,28.4,80,North-East,21,31,0,0,101.0616667,0,0
2/2/2025 3:00,28.2,79,North-East,17,27,0,0,101.03,0,0
2/2/2025 4:00,28.2,79,East North-East,16,27,0,0,101.0366667,0,0
2/2/2025 5:00,28.2,78,East North-East,18,25,0,0,101.05,0,0
2/2/2025 6:00,28.2,78,East North-East,17,23,0,2.5,101.1066667,0,0
2/2/2025 7:00,28.6,77,East North-East,15,22,0,131.7166667,101.1933333,0,0
2/2/2025 8:00,29.3,75,East North-East,15,22,0,496.45,101.2083333,0,0
2/2/2025 9:00,28.9,76,East North-East,14,22,0,454.5,101.2466667,0,0
2/2/2025 10:00,29.4,72,East North-East,14,22,0,791.6166667,101.2316667,0,0
2/2/2025 11:00,29.2,74,East,16,25,0,851.8333333,101.2083333,0,0
2/2/2025 12:00,29.3,74,East,13,23,0,1053.366667,101.175,0,0
2/2/2025 13:00,29.7,72,East North-East,15,22,0,904.6666667,101.1283333,0,0
2/2/2025 14:00,29.3,74,East,14,24,0,666.8166667,101.0866667,0,0
2/2/2025 15:00,29.2,77,East,17,26,0,532.15,101.0383333,0,0
2/2/2025 16:00,29.6,74,East North-East,17,24,0,488.8,100.995,0,0
2/2/2025 17:00,29.6,73,East North-East,12,28,0,405.9166667,100.9966667,0,0
2/2/2025 18:00,29.1,75,East North-East,9,18,0,127.4333333,101.0516667,0,0
2/2/2025 19:00,29.1,74,East North-East,13,19,0,12.16666667,101.1083333,0,0
2/2/2025 20:00,29,77,East North-East,12,26,0,0,101.155,0,0
2/2/2025 21:00,28.8,77,East North-East,12,17,0,0,101.1933333,0,0
2/2/2025 22:00,28.5,76,East North-East,17,26,0,0,101.2133333,0,0
2/2/2025 23:00,28.9,75,North-East,17,23,0,0,101.2466667,0,0
2/3/2025 0:00,28.7,78,East North-East,15,28,0,0,101.2216667,0,0
2/3/2025 1:00,28.6,71,East North-East,18,25,0,0,101.1766667,0,0
2/3/2025 2:00,28.4,76,North-East,14,24,0,0,101.115,0,0
2/3/2025 3:00,28.3,78,North-East,17,23,0,0,101.09,0,0
2/3/2025 4:00,28.3,78,North-East,16,23,0,0,101.0933333,0,0
2/3/2025 5:00,28.3,75,East North-East,14,23,0,0,101.0983333,0,0
2/3/2025 6:00,28.3,75,East North-East,13,22,0,2.4,101.135,0,0
2/3/2025 7:00,28.7,71,East North-East,13,22,0,117.6166667,101.1883333,0,0
2/3/2025 8:00,29,74,East North-East,14,22,0,365.95,101.2316667,0,0
2/3/2025 9:00,29.4,72,East North-East,12,21,0,620.8833333,101.25,0,0
2/3/2025 10:00,29.4,73,North-East,13,20,0,786.35,101.2316667,0,0
2/3/2025 11:00,29.3,72,East North-East,12,21,0,866.4833333,101.215,0,0
2/3/2025 12:00,29.9,66,North-East,11,21,0,1043.633333,101.1816667,0,0
2/3/2025 13:00,29.8,68,North-East,13,24,0,1007.15,101.12,0,0
2/3/2025 14:00,30,68,North-East,10,19,0,923.5,101.06,0,0
2/3/2025 15:00,29.5,71,East North-East,13,20,0,592.75,101.025,0,0
2/3/2025 16:00,29.9,68,North-East,12,22,0,532.1166667,101.0016667,0,0
2/3/2025 17:00,29.2,72,East North-East,17,27,0,409.6833333,100.97,0,0
2/3/2025 18:00,29.2,73,North-East,14,22,0,165.1833333,101.0266667,0,0
2/3/2025 19:00,28.8,71,North-East,14,22,0,13.21666667,101.0933333,0,0
2/3/2025 20:00,28.8,74,North-East,14,22,0,0,101.145,0,0
2/3/2025 21:00,28.6,72,North-East,12,21,0,0,101.2083333,0,0
2/3/2025 22:00,28.6,74,East North-East,10,17,0,0,101.2283333,0,0
2/3/2025 23:00,28.4,74,East North-East,12,19,0,0,101.23,0,0
2/4/2025 0:00,28.3,73,East North-East,11,17,0,0,101.2,0,0
2/4/2025 1:00,28.3,74,East North-East,12,17,0,0,101.1633333,0,0
2/4/2025 2:00,28.1,73,East North-East,10,19,0,0,101.1033333,0,0
2/4/2025 3:00,28.1,74,East North-East,12,19,0,0,101.0816667,0,0
2/4/2025 4:00,28.1,76,East North-East,13,19,0,0,101.0966667,0,0
2/4/2025 5:00,28.1,76,East North-East,13,18,0,0,101.1283333,0,0
2/4/2025 6:00,28.1,76,East,12,18,0,2.55,101.175,0,0
2/4/2025 7:00,28.7,72,East North-East,10,18,0,121.7166667,101.215,0,0
2/4/2025 8:00,29,74,East,9,15,0,353.1166667,101.2433333,0,0
2/4/2025 9:00,29.1,74,East,12,17,0,626.4166667,101.2583333,0,0
2/4/2025 10:00,29.2,74,East North-East,14,21,0,828.7166667,101.25,0,0
2/4/2025 11:00,29.5,72,East North-East,14,22,0,981.2833333,101.2116667,0,0
2/4/2025 12:00,29.5,74,East North-East,17,23,0,1097.816667,101.1883333,0,0
2/4/2025 13:00,29.5,71,East North-East,15,22,0,944.15,101.1566667,0,0
2/4/2025 14:00,29.6,74,East North-East,14,21,0,787.8,101.1133333,0,0
2/4/2025 15:00,29.5,72,East North-East,17,24,0,759.1333333,101.075,0,0
2/4/2025 16:00,29.7,72,East North-East,18,32,0,618.4166667,101.0616667,0,0
2/4/2025 17:00,29.6,74,East North-East,19,28,0,357.95,101.0733333,0,0
2/4/2025 18:00,29.2,75,East North-East,19,26,0,98.75,101.1316667,0,0
2/4/2025 19:00,29.2,78,East North-East,19,25,0,10.01666667,101.195,0,0
2/4/2025 20:00,29,76,East North-East,19,25,0,0,101.2766667,0,0
2/4/2025 21:00,29,78,East North-East,18,28,0,0,101.3433333,0,0
2/4/2025 22:00,28.6,78,East North-East,21,31,0,0,101.385,0,0
2/4/2025 23:00,28.5,78,East North-East,16,26,0,0,101.4033333,0,0
2/5/2025 0:00,28.4,76,East North-East,17,25,0,0,101.3866667,0,0
2/5/2025 1:00,28.4,76,East North-East,15,23,0,0,101.3283333,0,0
2/5/2025 2:00,28.1,79,East North-East,19,32,0,0,101.265,0,0
2/5/2025 3:00,28.1,77,East North-East,14,21,0,0,101.195,0,0
2/5/2025 4:00,28.2,78,East North-East,18,25,0,0,101.1666667,0,0
2/5/2025 5:00,28.2,77,East North-East,19,26,0,0,101.1783333,0,0
2/5/2025 6:00,28.3,79,East North-East,18,26,0,2.316666667,101.21,0,0
2/5/2025 7:00,28.5,77,East North-East,18,25,0,101.5,101.2666667,0,0
2/5/2025 8:00,28.8,75,East North-East,19,27,0,338.6,101.3083333,0,0
2/5/2025 9:00,29,73,East North-East,23,29,0,610.4166667,101.3083333,0,0
2/5/2025 10:00,28.7163951,80.4622192,East North-East,20.17024619,28.55383808,0,801.7833333,101.3133333,1,0
2/5/2025 11:00,29.3,74,East North-East,20,30,0,969.9833333,101.2916667,0,0
2/5/2025 12:00,29.5,75,East North-East,20,26,0,1091.116667,101.2716667,0,0
2/5/2025 13:00,28.8,74,East,19,45,0,875.4333333,101.23,0,0
2/5/2025 14:00,29.1,72,North-East,10,38,0,834.7333333,101.215,0,0
2/5/2025 15:00,29.5,74,East North-East,18,25,0,806.8666667,101.15,0,0
2/5/2025 16:00,29.4,75,East North-East,19,27,0,627.7833333,101.1183333,0,0
2/5/2025 17:00,29.2,75,East North-East,15,24,0,418.4333333,101.1266667,0,0
2/5/2025 18:00,29.1,73,East,14,24,0,151.8333333,101.1916667,0,0
2/5/2025 19:00,28.8,76,East North-East,17,28,0,14.23333333,101.2566667,0,0
2/5/2025 20:00,28.7,78,East,16,28,0,0,101.3066667,0,0
2/5/2025 21:00,28.8,79,East,23,30,0,0,101.35,0,0
2/5/2025 22:00,27.9,79,East,21,36,0,0,101.405,0,0
2/5/2025 23:00,28.3,80,East,18,26,0,0,101.4383333,0,0
2/6/2025 0:00,28.5,77,East,18,26,0,0,101.405,0,0
2/6/2025 1:00,28.2,79,East,14,36,0,0,101.3516667,0,0
2/6/2025 2:00,27.5,79,East,21,33,0,0,101.2983333,0,0
2/6/2025 3:00,28.2,78,East,17,27,0,0,101.2433333,0,0
2/6/2025 4:00,27.7,79,East South-East,15,35,0,0,101.2233333,0,0
2/6/2025 5:00,27.9,82,East,18,31,0,0,101.2316667,0,0
2/6/2025 6:00,26.8,76,East South-East,25,42,0.2,2.366666667,101.2416667,0,0
2/6/2025 7:00,28.1,78,East South-East,23,33,0.2,64.05,101.3,0,0
2/6/2025 8:00,28.7,73,East South-East,21,32,0.4,365.9,101.3066667,0,0
2/6/2025 9:00,28.9,74,East South-East,20,31,0,538.9166667,101.3266667,0,0
2/6/2025 10:00,28.49286849,79.75613642,East South-East,25.39071835,38.81529663,0,790.9833333,101.3066667,1,0
2/6/2025 11:00,29,74,East South-East,23,35,0,965.3,101.2783333,0,0
2/6/2025 12:00,29,74,East,24,33,0,975.9666667,101.2466667,0,0
2/6/2025 13:00,29.2,73,East,24,39,0,977.1166667,101.1633333,0,0
2/6/2025 14:00,29.3,72,East,25,37,0,910.3833333,101.0883333,0,0
2/6/2025 15:00,29.3,77,East,22,33,0,798.05,101.0466667,0,0
2/6/2025 16:00,29.1,77,East,22,35,0,520.15,101.0166667,0,0
2/6/2025 17:00,29.1,79,East,23,32,0,424.3166667,101.015,0,0
2/6/2025 18:00,29,76,East,19,33,0,164.0166667,101.0583333,0,0
2/6/2025 19:00,28.7,77,East,19,31,0,7.183333333,101.1583333,0,0
2/6/2025 20:00,28.7,76,East North-East,23,28,0,0,101.22,0,0
2/6/2025 21:00,28.8,79,East North-East,20,29,0,0,101.275,0,0
2/6/2025 22:00,28.5,77,East North-East,20,27,0,0,101.3066667,0,0
2/6/2025 23:00,28.1,80,East North-East,22,28,0,0,101.3216667,0,0
2/7/2025 0:00,28.2,79,East,18,28,0,0,101.2883333,0,0
2/7/2025 1:00,28.1,77,East,15,25,0,0,101.245,0,0
2/7/2025 2:00,27.9,78,East,14,25,0,0,101.1866667,0,0
2/7/2025 3:00,27.7,79,East,17,33,0,0,101.1466667,0,0
2/7/2025 4:00,27.5,79,North-East,10,27,0,0,101.125,0,0
2/7/2025 5:00,27.7,82,East,11,15,0,0,101.14,0,0
2/7/2025 6:00,26.2,78,East,19,33,0.6,1.633333333,101.1716667,0,0
2/7/2025 7:00,27.8,79,East,11,17,0,40.31666667,101.2416667,0,0
2/7/2025 8:00,28,77,East North-East,14,19,0,60.35,101.3066667,0,0
2/7/2025 9:00,27.1,84,East,12,27,0.8,128.4166667,101.33,0,0
2/7/2025 10:00,28.6,76,East North-East,15,21,0,722.95,101.285,0,0
2/7/2025 11:00,28.1,80,East North-East,16,23,0,397.1833333,101.2783333,0,0
2/7/2025 12:00,28.6,72,North-East,16,30,0,655.1166667,101.2566667,0,0
2/7/2025 13:00,27.3,83,North,27,41,0,475.2666667,101.2383333,0,0
2/7/2025 14:00,28.1,74,North North-East,18,40,0,788.8,101.14,0,0
2/7/2025 15:00,27.1,78,North,12,26,0,348.45,101.1033333,0,0
2/7/2025 16:00,27.7,74,North North-East,7,13,0,99.95,101.0483333,0,0
2/7/2025 17:00,28,79,East North-East,22,31,0,199.3,101.015,0,0
2/7/2025 18:00,28.2,71,East North-East,17,27,0,188.5,101.1133333,0,0
2/7/2025 19:00,27.8,74,East North-East,8,22,0,16.08333333,101.1516667,0,0
2/7/2025 20:00,28,77,North-East,16,23,0,0,101.2116667,0,0
2/7/2025 21:00,27.8,78,East North-East,12,24,0,0,101.275,0,0
2/7/2025 22:00,27.8,78,East,12,17,0,0,101.2833333,0,0
2/7/2025 23:00,27.8,79,East South-East,13,20,0,0,101.2966667,0,0
2/8/2025 0:00,27.7,75,East,9,15,0,0,101.2833333,0,0
2/8/2025 1:00,27.8,72,East North-East,12,17,0,0,101.2366667,0,0
2/8/2025 2:00,26.9,76,North-East,5,18,0,0,101.1933333,0,0
2/8/2025 3:00,27.6,75,East North-East,9,14,0,0,101.1633333,0,0
2/8/2025 4:00,25.4,83,North-East,2,12,0,0,101.1566667,0,0
2/8/2025 5:00,27.6,77,North-East,12,16,0,0,101.19,0,0
2/8/2025 6:00,27.7,78,East North-East,13,20,0,1.166666667,101.185,0,0
2/8/2025 7:00,27.6,74,East North-East,8,20,0,50.26666667,101.2566667,0,0
2/8/2025 8:00,27.9,75,East North-East,10,18,0,99.45,101.3516667,0,0
2/8/2025 9:00,24.1,92,North North-West,19,35,10.8,58.55,101.43,0,0
2/8/2025 10:00,23.1,94,NA,14,34,29.6,161.2666667,101.52,0,0
2/8/2025 11:00,26.9,77,NA,7,24,0,782.0833333,101.4266667,0,0
2/8/2025 12:00,28.24682841,79.94973483,NA,NA,NA,0,1069.783333,101.3183333,1,0
2/8/2025 13:00,28.3,64,East South-East,6,18,0,971.7833333,101.255,0,0
2/8/2025 14:00,28.6,65,East South-East,10,15,0,884.85,101.1683333,0,0
2/8/2025 15:00,29.2,68,East,8,14,0,798.3333333,101.1166667,0,0
2/8/2025 16:00,28.5,67,East North-East,7,15,0,470.9166667,101.1016667,0,0
2/8/2025 17:00,28.3,66,East South-East,6,12,0,159.6,101.09,0,0
2/8/2025 18:00,28.5,69,East,5,12,0,120.05,101.1216667,0,0
2/8/2025 19:00,28.1,72,East,8,15,0,11.23333333,101.17,0,0
2/8/2025 20:00,28.1,72,East,10,15,0,0,101.21,0,0
2/8/2025 21:00,28,73,East,7,14,0,0,101.2533333,0,0
2/8/2025 22:00,28,74,East,6,13,0,0,101.285,0,0
2/8/2025 23:00,27.9,74,South-East,8,11,0,0,101.3,0,0
2/9/2025 0:00,27.8,75,East South-East,8,15,0,0,101.2583333,0,0
2/9/2025 1:00,27.8,75,East South-East,9,12,0,0,101.2083333,0,0
2/9/2025 2:00,27.7,76,East South-East,8,12,0,0,101.1533333,0,0
2/9/2025 3:00,27.6,76,East South-East,10,15,0,0,101.1116667,0,0
2/9/2025 4:00,27.7,76,East South-East,10,14,0,0,101.1116667,0,0
2/9/2025 5:00,27.7,76,South-East,12,17,0,0,101.1183333,0,0
2/9/2025 6:00,27.8,78,East South-East,13,18,0,2.433333333,101.1433333,0,0
2/9/2025 7:00,28.1,78,East South-East,14,25,0,71.73333333,101.215,0,0
2/9/2025 8:00,28.4,74,East South-East,15,23,0,323.1666667,101.265,0,0
2/9/2025 9:00,28.7,72,East South-East,17,23,0,608.8833333,101.2866667,0,0
2/9/2025 10:00,28.8,73,East,17,23,0,829.9833333,101.295,0,0
2/9/2025 11:00,29.1,75,East,18,24,0,995.3666667,101.2866667,0,0
2/9/2025 12:00,29.1,75,East,18,27,0,1101.9,101.2683333,0,0
2/9/2025 13:00,29,76,East,16,24,0,935.3666667,101.2166667,0,0
2/9/2025 14:00,29.1,72,East North-East,18,25,0,874.1166667,101.16,0,0
2/9/2025 15:00,29.3,73,East North-East,18,26,0,796.7333333,101.1066667,0,0
2/9/2025 16:00,29.3,70,East North-East,14,25,0,630.1,101.0666667,0,0
2/9/2025 17:00,29.4,72,East North-East,14,22,0,413.9833333,101.0533333,0,0
2/9/2025 18:00,29.3,76,East North-East,12,19,0,162.7833333,101.12,0,0
2/9/2025 19:00,28.8,72,North-East,12,20,0,10.31666667,101.2066667,0,0
2/9/2025 20:00,28.9,70,North-East,10,19,0,0,101.285,0,0
2/9/2025 21:00,28.7,70,East North-East,7,15,0,0,101.335,0,0
2/9/2025 22:00,28.6,70,East,6,14,0,0,101.3666667,0,0
2/9/2025 23:00,28.5,72,East,8,14,0,0,101.3716667,0,0
2/10/2025 0:00,28.3,73,East,6,15,0,0,101.345,0,0
2/10/2025 1:00,28.2,73,East,6,12,0,0,101.2933333,0,0
2/10/2025 2:00,28.1,76,East,9,15,0,0,101.235,0,0
2/10/2025 3:00,27.7,78,East South-East,7,14,0,0,101.21,0,0
2/10/2025 4:00,27.8,76,South-East,9,15,0,0,101.2266667,0,0
2/10/2025 5:00,27.9,78,South-East,10,21,0,0,101.2316667,0,0
2/10/2025 6:00,27.7,76,East South-East,9,16,0,1.75,101.2516667,0,0
2/10/2025 7:00,28.4,73,East South-East,9,17,0,119.5833333,101.2833333,0,0
2/10/2025 8:00,28.6,73,East South-East,12,19,0,350.9333333,101.3166667,0,0
2/10/2025 9:00,28.7,73,East,14,19,0,614.8833333,101.3416667,0,0
2/10/2025 10:00,29.1,72,East,13,19,0,839.2666667,101.35,0,0
2/10/2025 11:00,29.1,71,East North-East,16,21,0,1015.25,101.3333333,0,0
2/10/2025 12:00,29.2,74,East North-East,13,22,0,987.8333333,101.2883333,0,0
2/10/2025 13:00,29.3,73,East,14,22,0,950.7166667,101.225,0,0
2/10/2025 14:00,29.2,72,East North-East,16,25,0,743.3666667,101.175,0,0
2/10/2025 15:00,29.7,72,East North-East,13,22,0,800.6833333,101.145,0,0
2/10/2025 16:00,29.6,69,North-East,11,23,0,643.6666667,101.0933333,0,0
2/10/2025 17:00,29.2,72,East North-East,9,18,0,364.0666667,101.105,0,0
2/10/2025 18:00,29,72,East,9,14,0,119.3333333,101.1583333,0,0
2/10/2025 19:00,28.7,73,East North-East,8,14,0,8.666666667,101.2266667,0,0
2/10/2025 20:00,28.7,75,East North-East,9,18,0,0,101.3,0,0
2/10/2025 21:00,28.7,75,East,8,18,0,0,101.365,0,0
2/10/2025 22:00,28.7,74,East North-East,8,14,0,0,101.4,0,0
2/10/2025 23:00,28.6,77,East,11,18,0,0,101.4133333,0,0
2/11/2025 0:00,28.4,77,East,10,18,0,0,101.3966667,0,0
2/11/2025 1:00,28.3,78,East,7,14,0,0,101.3466667,0,0
2/11/2025 2:00,28.2,76,East,10,15,0,0,101.2883333,0,0
2/11/2025 3:00,28.2,76,East,11,18,0,0,101.245,0,0
2/11/2025 4:00,28.1,76,East North-East,11,17,0,0,101.25,0,0
2/11/2025 5:00,28.1,78,East North-East,13,20,0,0,101.2616667,0,0
2/11/2025 6:00,28.1,78,East North-East,11,19,0,1.75,101.2933333,0,0
2/11/2025 7:00,28.4,77,East North-East,12,19,0,68.96666667,101.3483333,0,0
2/11/2025 8:00,29.2,74,East North-East,11,19,0,327.5,101.36,0,0
2/11/2025 9:00,29.3,70,East North-East,13,19,0,529.3666667,101.3883333,0,0
2/11/2025 10:00,29.3,72,North-East,14,21,0,804.5833333,101.4066667,0,0
2/11/2025 11:00,29.8,67,North-East,12,22,0,1002.283333,101.3833333,0,0
2/11/2025 12:00,30,67,North-East,11,22,0,1055.066667,101.3433333,0,0
2/11/2025 13:00,30.1,70,North-East,9,22,0,1046.316667,101.2816667,0,0
2/11/2025 14:00,30.1,67,North-East,12,21,0,872.9333333,101.2116667,0,0
2/11/2025 15:00,30,68,North North-East,10,21,0,759.7,101.155,0,0
2/11/2025 16:00,29.9,67,North-East,9,19,0,606.6833333,101.1183333,0,0
2/11/2025 17:00,30.1,66,North-East,6,18,0,430.3166667,101.1233333,0,0
2/11/2025 18:00,29.4,66,North North-East,7,14,0,181.4166667,101.1666667,0,0
2/11/2025 19:00,28.6,69,North-East,5,12,0,6.583333333,101.2383333,0,0
2/11/2025 20:00,28.8,71,North-East,8,14,0,0,101.305,0,0
2/11/2025 21:00,28.5,71,North-East,5,14,0,0,101.365,0,0
2/11/2025 22:00,28.4,71,East North-East,4,10,0,0,101.415,0,0
2/11/2025 23:00,27.2,69,North,16,38,0,0,101.4516667,0,0
2/12/2025 0:00,26.5,72,North,0,24,0,0,101.41,0,0
2/12/2025 1:00,25.9,79,West,0,3,0,0,101.34,0,0
2/12/2025 2:00,25.5,85,West,2,5,0,0,101.2483333,0,0
2/12/2025 3:00,25.2,87,West South-West,0,6,0,0,101.205,0,0
2/12/2025 4:00,28,76,East North-East,10,14,0,0,101.175,0,0
2/12/2025 5:00,28,75,North-East,8,14,0,0,101.1716667,0,0
2/12/2025 6:00,28.1,76,East North-East,10,17,0,1.516666667,101.1916667,0,0
2/12/2025 7:00,28.8,72,North-East,10,17,0,100.9833333,101.2133333,0,0
2/12/2025 8:00,29.2,69,North-East,11,16,0,354.2666667,101.2433333,0,0
2/12/2025 9:00,29.4,66,North-East,13,19,0,600.4166667,101.2816667,0,0
2/12/2025 10:00,29.7,69,North-East,13,24,0,806.4666667,101.2816667,0,0
2/12/2025 11:00,29.9,67,North North-East,12,24,0,990.7,101.245,0,0
2/12/2025 12:00,30,66,North-East,10,23,0,1081.85,101.1883333,0,0
2/12/2025 13:00,30.2,60,North-East,8,17,0,1032.5,101.1333333,0,0
2/12/2025 14:00,29.3,69,North North-East,7,27,0,403.2166667,101.1033333,0,0
2/12/2025 15:00,30.9,64,North,8,27,0,615.2833333,101.06,0,0
2/12/2025 16:00,30.7,64,North North-West,6,18,0,714.15,101.01,0,0
2/12/2025 17:00,30.3,61,North-West,7,17,0,453.0833333,101.01,0,0
2/12/2025 18:00,29.3,63,North-West,4,13,0,154.7333333,101.065,0,0
2/12/2025 19:00,28.4,71,North North-West,5,9,0,10.08333333,101.135,0,0
2/12/2025 20:00,27.7,74,West North-West,4,8,0,0,101.2066667,0,0
2/12/2025 21:00,26.4,80,West,2,8,0,0,101.2533333,0,0
2/12/2025 22:00,28,73,North-West,6,10,0,0,101.2733333,0,0
2/12/2025 23:00,27.7,73,North North-West,5,11,0,0,101.2883333,0,0
2/13/2025 0:00,27.1,78,North North-West,5,13,0,0,101.2466667,0,0
2/13/2025 1:00,25.8,81,North-West,4,12,0,0,101.18,0,0
2/13/2025 2:00,27.7,76,North,6,14,0,0,101.1216667,0,0
2/13/2025 3:00,27,77,West North-West,5,10,0,0,101.0883333,0,0
2/13/2025 4:00,25.4,82,West North-West,3,8,0,0,101.0733333,0,0
2/13/2025 5:00,24.8,85,West,2,5,0,0,101.0833333,0,0
2/13/2025 6:00,24.7,84,West,2,6,0,2,101.0966667,0,0
2/13/2025 7:00,28.1,76,West North-West,3,7,0,124.7666667,101.1183333,0,0
2/13/2025 8:00,29.3,64,North North-East,6,11,0,313.8333333,101.1516667,0,0
2/13/2025 9:00,30.4,63,North-East,5,14,0,590.7333333,101.1566667,0,0
2/13/2025 10:00,30.2,64,North-East,7,17,0,873.5166667,101.1666667,0,0
2/13/2025 11:00,30.1,67,North-East,8,22,0,1009.8,101.1483333,0,0
2/13/2025 12:00,29.8,66,North,7,17,0,638.7166667,101.1383333,0,0
2/13/2025 13:00,30.2,64,North,5,17,0,681.7,101.095,0,0
2/13/2025 14:00,30.6,61,North North-East,8,21,0,701,101.0316667,0,0
2/13/2025 15:00,30.3,62,North North-East,8,19,0,789.2666667,101.0033333,0,0
2/13/2025 16:00,30.4,61,North North-East,6,20,0,637.9833333,100.985,0,0
2/13/2025 17:00,30,67,North North-East,9,25,0,487.8333333,100.985,0,0
2/13/2025 18:00,29,70,North North-West,9,18,0,147.9333333,101.0583333,0,0
2/13/2025 19:00,28.6,72,North,10,18,0,9.816666667,101.145,0,0
2/13/2025 20:00,28.3,71,North North-West,5,14,0,0,101.23,0,0
2/13/2025 21:00,28.2,71,North North-West,4,13,0,0,101.2933333,0,0
2/13/2025 22:00,28.3,71,North,6,15,0,0,101.3316667,0,0
2/13/2025 23:00,28.2,72,North,7,17,0,0,101.3466667,0,0
2/14/2025 0:00,28,72,North,9,17,0,0,101.2983333,0,0
2/14/2025 1:00,27.8,73,North North-West,7,17,0,0,101.2283333,0,0
2/14/2025 2:00,27.8,71,North North-West,6,14,0,0,101.195,0,0
2/14/2025 3:00,27.8,74,North North-West,5,13,0,0,101.1766667,0,0
2/14/2025 4:00,27.7,75,North North-West,5,10,0,0,101.21,0,0
2/14/2025 5:00,26.4,80,West North-West,4,8,0,0,101.2566667,0,0
2/14/2025 6:00,25.6,85,West,4,8,0,1.266666667,101.3233333,0,0
2/14/2025 7:00,28.5,78,South-West,2,6,0,98.93333333,101.38,0,0
2/14/2025 8:00,27,75,West South-West,6,24,0,209.5833333,101.44,0,0
2/14/2025 9:00,28.2,76,South-West,6,13,0.4,324.3833333,101.4966667,0,0
2/14/2025 10:00,28.9,71,North North-West,8,15,0,635.9833333,101.475,0,0
2/14/2025 11:00,28.6,76,East North-East,10,15,0,935.5166667,101.4316667,0,0
2/14/2025 12:00,29.4,71,North-East,11,19,0,1056.333333,101.3916667,0,0
2/14/2025 13:00,29.9,70,North-East,12,21,0,978.4333333,101.3433333,0,0
2/14/2025 14:00,30.6,67,North North-West,10,28,0,798.95,101.31,0,0
2/14/2025 15:00,30.8,65,North-West,7,20,0,842.1833333,101.2933333,0,0
2/14/2025 16:00,30.7,66,North North-West,6,18,0,672.55,101.27,0,0
2/14/2025 17:00,30.4,66,North-West,8,15,0,483.5,101.2866667,0,0
2/14/2025 18:00,29.1,69,North-West,5,21,0,108.1666667,101.345,0,0
2/14/2025 19:00,28.3,74,North-West,6,11,0,9.6,101.4166667,0,0
2/14/2025 20:00,28.2,74,North North-West,3,9,0,0,101.4683333,0,0
2/14/2025 21:00,28.2,74,North North-West,5,10,0,0,101.525,0,0
2/14/2025 22:00,28.2,77,North North-West,6,13,0,0,101.5616667,0,0
2/14/2025 23:00,28.1,76,North,7,16,0,0,101.5666667,0,0
2/15/2025 0:00,28,73,North North-West,5,10,0,0,101.545,0,0
2/15/2025 1:00,27.7,74,North North-West,3,9,0,0,101.475,0,0
2/15/2025 2:00,27.7,75,North North-West,5,9,0,0,101.4066667,0,0
2/15/2025 3:00,27.9,76,North North-West,5,11,0,0,101.3416667,0,0
2/15/2025 4:00,27.5,79,North North-West,9,15,0,0,101.3216667,0,0
2/15/2025 5:00,27.7,76,North North-West,7,13,0,0,101.3316667,0,0
2/15/2025 6:00,27.6,76,North North-West,5,15,0,0.933333333,101.3366667,0,0
2/15/2025 7:00,28.4,74,North North-West,6,12,0,68.66666667,101.355,0,0
2/15/2025 8:00,29.5,70,North-West,10,17,0,340.9166667,101.3616667,0,0
2/15/2025 9:00,29.4,70,North-West,14,24,0,461.6166667,101.395,0,0
2/15/2025 10:00,30.2,67,North-West,14,21,0,785.2,101.3866667,0,0
2/15/2025 11:00,30.3,70,North-West,14,25,0,946.65,101.3683333,0,0
2/15/2025 12:00,30.6,69,North-West,15,24,0,1011.7,101.3166667,0,0
2/15/2025 13:00,30.7,68,North-West,18,28,0,944.95,101.2483333,0,0
2/15/2025 14:00,30.7,69,North-West,13,33,0,856.4166667,101.175,0,0
2/15/2025 15:00,30.4,72,North-West,15,32,0,760.1333333,101.11,0,0
2/15/2025 16:00,30.1,69,North-West,15,39,0,536.8333333,101.0566667,0,0
2/15/2025 17:00,29.6,72,West North-West,10,32,0,250.8833333,101.0366667,0,0
2/15/2025 18:00,27,83,West North-West,19,46,0.6,84.08333333,101.0733333,0,0
2/15/2025 19:00,28.1,82,North-West,21,38,3.4,3.983333333,101.145,0,0
2/15/2025 20:00,25.1,91,West,26,53,14.2,0,101.16,0,0
2/15/2025 21:00,26.4,85,NA,11,40,2.8,0,101.2066667,0,0
2/15/2025 22:00,26.6,84,NA,8,55,1.4,0,101.2216667,0,0
2/15/2025 23:00,27.5,83,NA,9,38,0,0,101.21,0,0
2/16/2025 0:00,27.9,80,NA,9,36,0,0,101.1266667,0,0
2/16/2025 1:00,26.3,89,West North-West,14,51,0.4,0,101.0566667,0,0
2/16/2025 2:00,25.6,93,West North-West,28,80,2.4,0,100.98,0,0
2/16/2025 3:00,26.4,85,West North-West,21,64,1.6,0,100.9183333,0,0
2/16/2025 4:00,27.5,79,West North-West,20,51,0,0,100.87,0,0
2/16/2025 5:00,27.8,81,West North-West,19,52,0,0,100.8683333,0,0
2/16/2025 6:00,25.2,88,North-West,26,60,1.8,0,100.8716667,0,0
2/16/2025 7:00,26.5,83,NA,15,54,3.5,14.96666667,100.935,0,0
2/16/2025 8:00,27.06004685,78.51623673,North North-West,23.87628892,47.680895,0,29.28333333,100.99,1,0
2/16/2025 9:00,28.4,79,West North-West,15,46,0,92.26666667,101.0033333,0,0
2/16/2025 10:00,29.6,72,West North-West,15,55,0,407.9166667,100.9466667,0,0
2/16/2025 11:00,26.3,80,West North-West,17,60,0.6,335.6333333,100.9116667,0,0
2/16/2025 12:00,29.4,77,West North-West,14,48,0.2,337.25,100.8833333,0,0
2/16/2025 13:00,25.6,87,West,18,82,3.6,109.4166667,100.855,0,0
2/16/2025 14:00,28.7,77,West North-West,17,59,0,398.0333333,100.7766667,0,0
2/16/2025 15:00,26.9,81,West,18,65,0.2,435.65,100.7366667,0,0
2/16/2025 16:00,28.1,79,West North-West,13,62,0,165.4166667,100.725,0,0
2/16/2025 17:00,26.9,80,West,20,62,0,90.25,100.74,0,0
2/16/2025 18:00,27.5,73,West,22,60,0,41.2,100.7966667,0,0
2/16/2025 19:00,27.4,73,West,19,58,0,3.2,100.8416667,0,0
2/16/2025 20:00,28,75,West,14,46,0,0,100.8983333,0,0
2/16/2025 21:00,28.1,74,West North-West,13,49,0,0,100.96,0,0
2/16/2025 22:00,28.5,72,West North-West,17,47,0,0,100.9933333,0,0
2/16/2025 23:00,26.7,81,West North-West,27,67,0.2,0,100.9983333,0,0
2/17/2025 0:00,28.1,78,West South-West,19,73,2.7,0,100.9483333,0,0
2/17/2025 1:00,24.6,88,West North-West,17,66,4.1,0,100.8716667,0,0
2/17/2025 2:00,27.9,81,NA,24,44,0,0,100.7983333,0,0
2/17/2025 3:00,27,85,NA,10,47,0.4,0,100.74,0,0
2/17/2025 4:00,28.4,80,North-West,18,47,0,0,100.72,0,0
2/17/2025 5:00,25.6,91,West,8,62,7.5,0,100.7566667,0,0
2/17/2025 6:00,25.5,93,NA,25,53,4.4,0.016666667,100.8116667,0,0
2/17/2025 7:00,26.3,82,NA,15,43,0.4,16.86666667,100.8683333,0,0
2/17/2025 8:00,25.7,82,NA,18,48,2,66.18333333,100.9283333,0,0
2/17/2025 9:00,29.5,78,NA,35,50,0.4,274.2333333,100.9416667,0,0
2/17/2025 10:00,29.2,75,North-West,39,53,0,456.1833333,100.8916667,0,0
2/17/2025 11:00,29.6,75,North-West,37,53,0,273.1833333,100.8616667,0,0
2/17/2025 12:00,24.7,93,North-West,13,82,12.5,180.1833333,100.9016667,0,0
2/17/2025 13:00,26.8,92,NA,15,48,10.9,155.15,100.895,0,0
2/17/2025 14:00,25.1,89,NA,21,71,2.6,152.55,100.82,0,0
2/17/2025 15:00,25.3,86,NA,19,57,4.2,109.6833333,100.825,0,0
2/17/2025 16:00,28,83,NA,22,44,0.4,119.8333333,100.82,0,0
2/17/2025 17:00,28.9,77,NA,23,44,0,93.21666667,100.795,0,0
2/17/2025 18:00,28.8,76,West North-West,24,47,0,47.4,100.8416667,0,0
2/17/2025 19:00,29,75,West North-West,29,53,0,2.016666667,100.9083333,0,0
2/17/2025 20:00,28.9,74,North-West,19,44,0,0,100.9716667,0,0
2/17/2025 21:00,28.9,76,North-West,31,48,0,0,101.03,0,0
2/17/2025 22:00,28.7,78,North-West,30,47,0,0,101.0516667,0,0
2/17/2025 23:00,28,78,North-West,38,82,7.2,0,101.0516667,0,0
2/18/2025 0:00,28.3,79,North-West,36,57,0,0,101.0116667,0,0
2/18/2025 1:00,28.4,78,North-West,37,57,0,0,100.9766667,0,0
2/18/2025 2:00,28.4,78,North-West,35,57,0,0,100.93,0,0
2/18/2025 3:00,25.3,88,North-West,36,62,2.6,0,100.9183333,0,0
2/18/2025 4:00,26.6,87,North-West,31,64,0.6,0,100.9366667,0,0
2/18/2025 5:00,28,76,North-West,26,47,0,0,100.9,0,0
2/18/2025 6:00,28.1,78,North-West,33,47,0,0.833333333,100.9166667,0,0
2/18/2025 7:00,28.4,82,North-West,26,49,0,46.31666667,100.9833333,0,0
2/18/2025 8:00,29.2,71,North-West,37,58,0,282.4,101.0133333,0,0
2/18/2025 9:00,29.4,71,North-West,34,54,0,509.8333333,101.05,0,0
2/18/2025 10:00,29.6,69,North-West,34,52,0,688.0833333,101.055,0,0
2/18/2025 11:00,29.8,69,North-West,33,49,0,607.2,101.0433333,0,0
2/18/2025 12:00,30.2,68,North-West,34,52,0,831.5666667,101.0133333,0,0
2/18/2025 13:00,29.9,66,North-West,38,54,0,871.8833333,100.9566667,0,0
2/18/2025 14:00,29.7,70,North-West,33,54,0,615.85,100.9133333,0,0
2/18/2025 15:00,29.6,74,North-West,35,51,0,422.4,100.89,0,0
2/18/2025 16:00,29.4,74,North-West,35,52,0,274.0333333,100.8916667,0,0
2/18/2025 17:00,29.2,74,North-West,34,48,0,152.6333333,100.92,0,0
2/18/2025 18:00,29.1,76,North-West,26,46,0,60.13333333,100.9983333,0,0
2/18/2025 19:00,28.6,71,North-West,26,49,0,6.166666667,101.0716667,0,0
2/18/2025 20:00,28.5,76,North-West,23,39,0,0,101.1333333,0,0
2/18/2025 21:00,28.4,78,North-West,24,34,0,0,101.1733333,0,0
2/18/2025 22:00,27.7,76,North-West,31,53,0,0,101.21,0,0
2/18/2025 23:00,28.8,78,North-West,30,42,0,0,101.215,0,0
2/19/2025 0:00,28.7,75,North-West,27,42,0,0,101.1683333,0,0
2/19/2025 1:00,28.8,73,North-West,28,44,0,0,101.135,0,0
2/19/2025 2:00,28.6,75,North-West,24,43,0,0,101.07,0,0
2/19/2025 3:00,28.4,74,North-West,24,43,0,0,101.0133333,0,0
2/19/2025 4:00,28.4,74,North-West,24,43,0,0,101.0133333,0,0
2/19/2025 5:00,27.6,73,North North-West,24,56,0,0,101.045,0,0
2/19/2025 6:00,28.3,74,North-West,23,59,0,1.333333333,101.0983333,0,0
2/19/2025 7:00,28.6,73,North North-West,25,44,0,118.6833333,101.1533333,0,0
2/19/2025 8:00,29.2,71,North North-West,27,42,0,361.8666667,101.185,0,0
2/19/2025 9:00,29.6,68,North North-West,24,41,0,526.5166667,101.22,0,0
2/19/2025 10:00,29.6,68,North North-West,25,41,0,800.2833333,101.215,0,0
2/19/2025 11:00,30.3,66,North North-West,23,41,0,830.5666667,101.1933333,0,0
2/19/2025 12:00,30.4,68,North North-West,24,42,0,1072.433333,101.14,0,0
2/19/2025 13:00,30.3,65,North North-West,24,40,0,1031.316667,101.1016667,0,0
2/19/2025 14:00,30.2,66,North North-West,21,38,0,847.1333333,101.04,0,0
2/19/2025 15:00,29.8,68,North North-West,17,34,0,681.0833333,101.0266667,0,0
2/19/2025 16:00,29.3,66,North North-West,17,31,0,565.0166667,101.045,0,0
2/19/2025 17:00,29.3,68,North North-West,14,26,0,275.2,101.0833333,0,0
2/19/2025 18:00,28.7,71,North North-West,10,23,0,105.9833333,101.1533333,0,0
2/19/2025 19:00,28.3,72,North North-West,7,16,0,9.433333333,101.24,0,0
2/19/2025 20:00,28.4,73,North,10,17,0,0,101.295,0,0
2/19/2025 21:00,28.5,74,North North-East,12,20,0,0,101.3283333,0,0
2/19/2025 22:00,28.4,76,North North-East,12,21,0,0,101.3633333,0,0
2/19/2025 23:00,28.6,77,North-East,17,23,0,0,101.3666667,0,0
2/20/2025 0:00,25.4,89,North North-East,5,42,2,0,101.3466667,0,0
2/20/2025 1:00,27.4,83,North-East,15,22,0,0,101.2766667,0,0
2/20/2025 2:00,27.6,82,East North-East,15,23,0,0,101.2233333,0,0
2/20/2025 3:00,28,79,East North-East,16,22,0,0,101.1866667,0,0
2/20/2025 4:00,28,81,East North-East,14,22,0,0,101.1966667,0,0
2/20/2025 5:00,25.9,75,North North-East,21,63,2,0,101.255,0,0
2/20/2025 6:00,27.1,74,North,8,28,0,0.65,101.2383333,0,0
2/20/2025 7:00,28.1,73,North North-East,13,22,0,41.51666667,101.3016667,0,0
2/20/2025 8:00,28.8,76,North-East,15,20,0,219.8666667,101.36,0,0
2/20/2025 9:00,28.9,74,East North-East,15,21,0,430.25,101.3866667,0,0
2/20/2025 10:00,28.8,77,East North-East,17,24,0,777.05,101.3716667,0,0
2/20/2025 11:00,28.9,77,East,16,23,0,968.1166667,101.35,0,0
2/20/2025 12:00,28.6,79,East,23,33,0,917.3333333,101.3133333,0,0
2/20/2025 13:00,27.8,80,East North-East,23,31,0,990.1333333,101.2433333,0,0
2/20/2025 14:00,29,77,East North-East,15,26,0,845.25,101.1783333,0,0
2/20/2025 15:00,28.3,79,East,19,31,0,727.95,101.1533333,0,0
2/20/2025 16:00,29.3,77,East,14,27,0,633.95,101.1416667,0,0
2/20/2025 17:00,26.9,84,North,22,36,0,208.4666667,101.1816667,0,0
2/20/2025 18:00,25.8,88,North North-West,6,35,0,55.28333333,101.285,0,0
2/20/2025 19:00,25.8,88,West North-West,2,7,0,4.85,101.3583333,0,0
2/20/2025 20:00,26.3,90,South South-West,4,13,0.2,0,101.3966667,0,0
2/20/2025 21:00,25.8,89,West,4,16,0.8,0,101.46,0,0
2/20/2025 22:00,25.9,91,West North-West,3,12,0.4,0,101.4766667,0,0
2/20/2025 23:00,25.7,93,West North-West,3,14,2,0,101.5,0,0
2/21/2025 0:00,26.7,86,North,9,16,0,0,101.4533333,0,0
2/21/2025 1:00,26.2,91,West,4,13,0,0,101.43,0,0
2/21/2025 2:00,27.3,84,North North-West,3,13,0,0,101.41,0,0
2/21/2025 3:00,26.3,89,West,6,20,0,0,101.365,0,0
2/21/2025 4:00,25.7,88,South,8,27,2,0,101.375,0,0
2/21/2025 5:00,25.1,94,South-West,3,9,0,0,101.3933333,0,0
2/21/2025 6:00,27.5,83,East,14,18,0,0.516666667,101.41,0,0
2/21/2025 7:00,27.9,81,East North-East,11,19,0,55.03333333,101.4633333,0,0
2/21/2025 8:00,27.74188342,84.61094318,East,12.09944548,20.48048467,0,122.9833333,101.5266667,1,0
2/21/2025 9:00,28.5,79,East,11,19,0,463.3166667,101.555,0,0
2/21/2025 10:00,28.8,78,East,13,18,0,742.3833333,101.56,0,0
2/21/2025 11:00,29,76,East,14,21,0,922.7666667,101.535,0,0
2/21/2025 12:00,29.5,75,East North-East,13,25,0,815.0833333,101.515,0,0
2/21/2025 13:00,29.2,75,North-East,14,21,0,918.4166667,101.4583333,0,0
2/21/2025 14:00,30.1,74,North North-East,12,29,0,805.6666667,101.4133333,0,0
2/21/2025 15:00,29.3,74,North-East,21,33,0,720.65,101.385,0,0
2/21/2025 16:00,29.3,72,East North-East,18,31,0,496.3333333,101.365,0,0
2/21/2025 17:00,29.4,73,North-East,17,28,0,366.2333333,101.3433333,0,0
2/21/2025 18:00,29,76,East North-East,21,28,0,114.9833333,101.4016667,0,0
2/21/2025 19:00,28.9,74,East North-East,19,28,0,8.35,101.475,0,0
2/21/2025 20:00,29.1,76,East North-East,19,27,0,0,101.535,0,0
2/21/2025 21:00,28.9,74,East North-East,21,27,0,0,101.585,0,0
2/21/2025 22:00,28.9,77,East North-East,19,27,0,0,101.6066667,0,0
2/21/2025 23:00,28.7,76,East North-East,17,24,0,0,101.6216667,0,0
2/22/2025 0:00,28.7,76,East North-East,15,22,0,0,101.61,0,0
2/22/2025 1:00,28.3,59,East North-East,27,42,0,0,101.5733333,0,0
2/22/2025 2:00,28.5,70,East North-East,8,27,0,0,101.5166667,0,0
2/22/2025 3:00,28.6,79,East,17,22,0,0,101.4533333,0,0
2/22/2025 4:00,28.5,80,East North-East,21,27,0,0,101.4283333,0,0
2/22/2025 5:00,28.3,70,East North-East,21,33,0,0,101.44,0,0
2/22/2025 6:00,28.3,71,East North-East,17,28,0,0.716666667,101.4766667,0,0
2/22/2025 7:00,28.7,72,East,18,25,0,98.08333333,101.5433333,0,0
2/22/2025 8:00,28.8,73,East North-East,19,26,0,333.35,101.5983333,0,0
2/22/2025 9:00,29,72,East North-East,18,27,0,525.3,101.665,0,0
2/22/2025 10:00,28.68905732,78.27739515,East North-East,18.99440871,30.36468371,0,653.6833333,101.6983333,1,0
2/22/2025 11:00,29.1,73,East,21,26,0,881.0333333,101.68,0,0
2/22/2025 12:00,29.3,67,East,21,30,0,950.4833333,101.645,0,0
2/22/2025 13:00,29.2,69,East,20,28,0,1032.283333,101.585,0,0
2/22/2025 14:00,29.3,69,East,20,27,0,872.7,101.5116667,0,0
2/22/2025 15:00,29.3,66,East,21,30,0,733.8833333,101.4783333,0,0
2/22/2025 16:00,29.2,70,East,20,28,0,593.4166667,101.46,0,0
2/22/2025 17:00,29.1,70,East,22,29,0,304.9,101.4883333,0,0
2/22/2025 18:00,28.9,72,East,23,34,0,131.4833333,101.545,0,0
2/22/2025 19:00,28.8,73,East,26,33,0,11.28333333,101.6116667,0,0
2/22/2025 20:00,28.8,71,East,25,33,0,0,101.6966667,0,0
2/22/2025 21:00,28.8,74,East,26,35,0,0,101.76,0,0
2/22/2025 22:00,28.6,74,East,25,36,0,0,101.8183333,0,0
2/22/2025 23:00,28.6,75,East,25,33,0,0,101.8266667,0,0
2/23/2025 0:00,28.4,74,East,24,33,0,0,101.7983333,0,0
2/23/2025 1:00,28.3,74,East,22,32,0,0,101.7566667,0,0
2/23/2025 2:00,28.3,76,East South-East,21,29,0,0,101.7183333,0,0
2/23/2025 3:00,28.2,77,East South-East,21,31,0,0,101.665,0,0
2/23/2025 4:00,28.1,75,East South-East,22,30,0,0,101.6466667,0,0
2/23/2025 5:00,28.1,76,East South-East,20,27,0,0,101.6616667,0,0
2/23/2025 6:00,28.1,77,East,22,29,0,0.8,101.7233333,0,0
2/23/2025 7:00,28.3,75,East South-East,25,34,0,82,101.7683333,0,0
2/23/2025 8:00,28.6,71,East,25,33,0,328.6166667,101.7916667,0,0
2/23/2025 9:00,28.8,73,East,24,32,0,515.8333333,101.84,0,0
2/23/2025 10:00,28.8,73,East,26,33,0,795.75,101.8566667,0,0
2/23/2025 11:00,28.9,70,East South-East,24,36,0,972.9333333,101.8116667,0,0
2/23/2025 12:00,29.1,73,East South-East,22,35,0,1015.3,101.74,0,0
2/23/2025 13:00,29.1,74,East,25,33,0,1006.05,101.685,0,0
2/23/2025 14:00,29.3,71,East,24,34,0,784.3833333,101.62,0,0
2/23/2025 15:00,29.2,74,East,30,38,0,761.0833333,101.58,0,0
2/23/2025 16:00,29.1,74,East South-East,28,42,0,494.8666667,101.585,0,0
2/23/2025 17:00,29.2,73,East South-East,25,36,0,393.35,101.5516667,0,0
2/23/2025 18:00,28.9,73,East South-East,28,39,0,213.4333333,101.5566667,0,0
2/23/2025 19:00,28.7,75,East South-East,30,39,0,9.3,101.6266667,0,0
2/23/2025 20:00,28.6,75,East South-East,32,41,0,0,101.685,0,0
2/23/2025 21:00,28.5,77,East South-East,32,42,0,0,101.705,0,0
2/23/2025 22:00,28.4,78,East South-East,30,42,0,0,101.715,0,0
2/23/2025 23:00,28.3,75,East South-East,32,51,0,0,101.72,0,0
2/24/2025 0:00,28.3,75,East South-East,33,43,0,0,101.695,0,0
2/24/2025 1:00,28.1,75,East South-East,30,44,0,0,101.6266667,0,0
2/24/2025 2:00,28.2,74,East South-East,32,44,0,0,101.5566667,0,0
2/24/2025 3:00,28.1,74,East South-East,31,40,0,0,101.53,0,0
2/24/2025 4:00,28,74,East South-East,32,41,0,0,101.4983333,0,0
2/24/2025 5:00,28,78,East South-East,30,41,0,0,101.5183333,0,0
2/24/2025 6:00,27.9,77,East South-East,33,42,0,0.683333333,101.5416667,0,0
2/24/2025 7:00,28.3,76,East South-East,32,43,0,91.98333333,101.5683333,0,0
2/24/2025 8:00,28.4,77,East South-East,28,41,0,305.2666667,101.5966667,0,0
2/24/2025 9:00,28.6,76,East South-East,30,42,0,474.5833333,101.6466667,0,0
2/24/2025 10:00,29,76,East South-East,32,41,0,789,101.6366667,0,0
2/24/2025 11:00,29,76,East South-East,34,43,0,944.3,101.585,0,0
2/24/2025 12:00,29.2,79,East South-East,30,43,0,983.2,101.5433333,0,0
2/24/2025 13:00,29,81,East South-East,31,44,0,725.95,101.48,0,0
2/24/2025 14:00,29.2,80,East South-East,25,38,0,854.5833333,101.4233333,0,0
2/24/2025 15:00,29.6,79,East,27,38,0,728.1166667,101.3966667,0,0
2/24/2025 16:00,29.3,78,East South-East,26,37,0,506.4666667,101.37,0,0
2/24/2025 17:00,29.4,78,East South-East,25,35,0,311.9333333,101.3683333,0,0
2/24/2025 18:00,29.1,81,East South-East,29,41,0,152.9166667,101.3933333,0,0
2/24/2025 19:00,29,81,East South-East,30,37,0,7.75,101.455,0,0
2/24/2025 20:00,29.1,80,East,26,36,0,0,101.5166667,0,0
2/24/2025 21:00,29.2,81,East,26,36,0,0,101.5733333,0,0
2/24/2025 22:00,28.9,79,East,24,34,0,0,101.6083333,0,0
2/24/2025 23:00,28.8,80,East South-East,24,32,0,0,101.595,0,0
2/25/2025 0:00,28.7,80,East,24,33,0,0,101.5533333,0,0
2/25/2025 1:00,28.7,76,East,21,29,0,0,101.4833333,0,0
2/25/2025 2:00,28.4,80,East South-East,22,32,0,0,101.4233333,0,0
2/25/2025 3:00,28.4,80,East,22,31,0,0,101.3633333,0,0
2/25/2025 4:00,28.3,80,East,21,29,0,0,101.355,0,0
2/25/2025 5:00,28.2,78,East,22,32,0,0,101.365,0,0
2/25/2025 6:00,28.2,77,East South-East,21,29,0,0.783333333,101.4133333,0,0
2/25/2025 7:00,28.4,77,East South-East,22,29,0,94.23333333,101.4683333,0,0
2/25/2025 8:00,28.36422009,83.19547988,East,23.10676178,34.96724967,0,315.8333333,101.5116667,1,0
2/25/2025 9:00,28.50090902,82.52891056,East South-East,24.79356528,34.43908637,0,528.25,101.5716667,1,0
2/25/2025 10:00,28.63598985,82.58614663,East South-East,25.23681292,34.06182686,0,793.3166667,101.6066667,1,0
2/25/2025 11:00,28.75981394,82.58792981,East South-East,26.70814882,38.89074853,0,898.7166667,101.585,1,0
2/25/2025 12:00,28.96565139,80.05186134,East South-East,25.59387351,36.43856174,0,1061.683333,101.5516667,1,0
2/25/2025 13:00,28.9350974,80.90372505,East,26.33261957,36.06130224,0,1044.433333,101.425,1,0
2/25/2025 14:00,28.93027309,81.50467346,East,26.78817964,36.89127315,0,865.25,101.3183333,1,0
2/25/2025 15:00,29.08465117,81.82166322,East,25.88937194,35.08042752,0,716.7833333,101.2983333,1,0
2/25/2025 16:00,29.19882663,81.715887,East South-East,27.65620626,41.38066126,0,505.45,101.2983333,1,0
2/25/2025 17:00,29.35320472,78.73415749,East,27.68698735,39.38118588,0,372.25,101.2983333,1,0
2/25/2025 18:00,29.34033988,79.0977357,East South-East,25.4461243,37.64579216,0,155.2833333,101.3683333,1,0
2/25/2025 19:00,29.2213401,77.59844299,East South-East,25.95093411,35.19360538,0,6.116666667,101.4416667,1,0
2/25/2025 20:00,29.08465117,79.16341968,East South-East,24.63350363,34.77861992,0,0,101.5166667,1,0
2/25/2025 21:00,29.10394844,78.01244112,East South-East,25.96324654,36.17448009,0,0,101.58,1,0
2/25/2025 22:00,28.99298918,78.12006528,East,25.00903288,35.60859083,0,0,101.6233333,1,0
2/25/2025 23:00,28.90132719,78.4903942,East,24.96593936,33.91092306,0,0,101.6083333,1,0
2/26/2025 0:00,28.82092193,78.35134206,East South-East,26.0555898,35.34450918,0,0,101.5716667,1,0
2/26/2025 1:00,28.68423301,79.07767702,East,25.15062588,35.00497562,0,0,101.5216667,1,0
2/26/2025 2:00,28.5266387,80.44676509,East,24.55347281,35.26905728,0,0,101.45,1,0
2/26/2025 3:00,28.50573334,78.65762095,East,24.76894041,36.13675414,0,0,101.3866667,1,0
2/26/2025 4:00,28.3674363,79.6255723,East,22.43573411,30.36468371,0,0,101.3966667,1,0
2/26/2025 5:00,28.39316598,79.52126547,East,23.98094462,35.60859083,0,0,101.4083333,1,0
2/26/2025 6:00,28.37386872,79.72486012,East,23.38994777,34.32590851,0,0.616666667,101.4433333,1,0
2/26/2025 7:00,28.34653094,80.74645536,East South-East,25.21834427,35.26905728,0,88.8,101.49,1,0
2/26/2025 8:00,28.57166565,81.28052994,East,23.78394567,33.0432262,0,314.6,101.5233333,1,0
2/26/2025 9:00,28.66654384,81.3611295,East,24.59041011,38.70211878,0,495.3333333,101.5716667,1,0
2/26/2025 10:00,28.72282753,82.13816603,East South-East,25.39687456,35.00497562,0,772,101.5616667,1,0
2/26/2025 11:00,28.80484089,82.16961722,East,27.08367807,39.30573398,0,860.8333333,101.5183333,1,0
2/26/2025 12:00,28.98494865,81.22387491,East,26.63427421,36.13675414,0,992.2166667,101.465,1,0
2/26/2025 13:00,28.96243518,80.70815236,East,27.12061537,38.09850357,0,759.1833333,101.4,1,0
2/26/2025 14:00,29.13611053,79.59639393,East,26.5234623,38.28713332,0,843.0166667,101.325,1,0
2/26/2025 15:00,29.158624,80.43820036,East,27.20680241,35.94812439,0,550.9666667,101.2633333,1,0
2/26/2025 16:00,29.17148885,81.30903625,East South-East,27.847049,37.34398456,0,357.3166667,101.2366667,1,0
2/26/2025 17:00,29.219732,79.38461234,East South-East,29.10907351,45.19098227,0,189.35,101.2733333,1,0
2/26/2025 18:00,29.23098873,77.62438574,East South-East,28.22873446,38.32485927,0,174.7166667,101.325,1,0
2/26/2025 19:00,29.07821875,77.28977035,East South-East,27.66236248,38.47576307,0,10.26666667,101.4116667,1,0
2/26/2025 20:00,29.00907023,77.00041933,East South-East,28.22873446,37.68351811,0,0,101.475,1,0
2/26/2025 21:00,28.88846235,77.17895196,East South-East,28.57348262,40.09797894,0,0,101.5316667,1,0
2/26/2025 22:00,28.81770573,77.60437773,East South-East,28.52423288,41.19203151,0,0,101.5716667,1,0
2/26/2025 23:00,28.72765184,78.60981088,East South-East,27.79779926,38.43803712,0,0,101.5916667,1,0
2/27/2025 0:00,28.59096291,79.37850447,East South-East,27.43458245,39.23028208,0,0,101.5766667,1,0
2/27/2025 1:00,28.4623145,79.5643076,East South-East,27.18833376,37.1553548,0,0,101.5183333,1,0
2/27/2025 2:00,28.4012065,79.51312145,East South-East,28.23489068,37.90987381,0,0,101.4433333,1,0
2/27/2025 3:00,28.41728756,79.49545831,East South-East,28.782794,41.15430556,0,0,101.395,1,0
2/27/2025 4:00,28.32884177,78.96156727,East South-East,26.08637089,35.75949463,0,0,101.3933333,1,0
2/27/2025 5:00,28.29667967,80.14293728,East South-East,25.28606265,35.19360538,0,0,101.4116667,1,0
2/27/2025 6:00,28.1,83,East South-East,28,36,0,0.383333333,101.4483333,0,0
2/27/2025 7:00,28.1,84,East South-East,23,44,0,57.2,101.505,0,0
2/27/2025 8:00,28.7,79,East South-East,30,42,0.2,195.3833333,101.5716667,0,0
2/27/2025 9:00,28.7,81,East South-East,24,37,0,392.4833333,101.5766667,0,0
2/27/2025 10:00,28.6858411,82.56067049,East,27.60080031,38.02305167,0,770.0833333,101.545,1,0
2/27/2025 11:00,29.2,78,East,24,32,0,949.3333333,101.4783333,0,0
2/27/2025 12:00,29.4,76,East,23,31,0,1047.166667,101.45,0,0
2/27/2025 13:00,29.5,75,East,27,35,0,815.0666667,101.435,0,0
2/27/2025 14:00,29.6,70,East,29,40,0,781.1166667,101.405,0,0
2/27/2025 15:00,29.4,76,East,26,36,0,633.55,101.3566667,0,0
2/27/2025 16:00,29.5,73,East,24,35,0,529.0166667,101.3166667,0,0
2/27/2025 17:00,29.3,73,East South-East,25,35,0,347,101.3033333,0,0
2/27/2025 18:00,29.1,74,East South-East,24,36,0,141.65,101.3366667,0,0
2/27/2025 19:00,28.9,75,East South-East,22,34,0,7.233333333,101.3616667,0,0
2/27/2025 20:00,28.76624637,76.17982398,East South-East,25.13831344,34.55226422,0,0,101.3866667,1,0
2/27/2025 21:00,28.7,76,East South-East,22,35,0,0,101.4166667,0,0
2/27/2025 22:00,28.6,78,East South-East,22,31,0,0,101.4683333,0,0
2/27/2025 23:00,28.5,80,East South-East,24,30,0,0,101.4983333,0,0
2/28/2025 0:00,27.2,89,East South-East,26,43,0,0,101.4666667,0,0
2/28/2025 1:00,26.9,89,South-East,32,41,0,0,101.4133333,0,0
2/28/2025 2:00,27.8,86,South-East,24,33,0,0,101.32,0,0
2/28/2025 3:00,27.9,84,East South-East,27,34,0,0,101.25,0,0
2/28/2025 4:00,28,84,East South-East,28,36,0,0,101.2483333,0,0
2/28/2025 5:00,28.4,80,East South-East,27,38,0,0,101.275,0,0
2/28/2025 6:00,28.4,81,East South-East,25,35,0,0.65,101.3166667,0,0
2/28/2025 7:00,28.7,79,East,25,33,0,51.75,101.38,0,0
2/28/2025 8:00,28.81609762,82.88491626,East,23.51307211,34.13727876,0,324,101.4583333,1,0
2/28/2025 9:00,28.8,81,East,20,29,0,363.5333333,101.535,0,0
2/28/2025 10:00,29,81,East,12,37,0,580.8,101.5416667,0,0
2/28/2025 11:00,29.6,76,East North-East,21,31,0,953.2833333,101.465,0,0
2/28/2025 12:00,29.6,77,East,21,29,0,1016.4,101.4183333,0,0
2/28/2025 13:00,29.5,76,East,21,28,0,963.9,101.3266667,0,0
2/28/2025 14:00,29.7,79,East,18,32,0,869.5333333,101.245,0,0
2/28/2025 15:00,29.6,79,East,24,30,0,559.8,101.195,0,0
2/28/2025 16:00,29.6,78,East South-East,21,30,0,496.8666667,101.15,0,0
2/28/2025 17:00,29.5,79,East South-East,19,30,0,266.85,101.1716667,0,0
2/28/2025 18:00,29.3,79,East South-East,21,28,0,116.1,101.2,0,0
2/28/2025 19:00,29.29209673,79.78679546,East South-East,24.84281502,36.5517396,0,8.25,101.2616667,1,0
2/28/2025 20:00,29.3,81,East South-East,25,33,0,0,101.315,0,0
2/28/2025 21:00,29,82,East South-East,27,35,0,0,101.3516667,0,0
2/28/2025 22:00,29.1,81,East,28,37,0,0,101.38,0,0
2/28/2025 23:00,29.1,81,East,30,40,0,0,101.3633333,0,0
3/1/2025 0:00,28.8,83,East,31,50,0,0,101.3,0,0
3/1/2025 1:00,28.8,81,East,29,37,0,0,101.2316667,0,0
3/1/2025 2:00,27.8,82,East,32,49,0,0,101.17,0,0
3/1/2025 3:00,26.1,85,North-East,28,45,2.6,0,101.1766667,0,0
3/1/2025 4:00,26.2,88,North North-East,24,50,0.4,0,101.1516667,0,0
3/1/2025 5:00,27.2,86,North,14,27,0,0,101.155,0,0
3/1/2025 6:00,27.8,82,North-East,18,27,0,3.716666667,101.1733333,0,0
3/1/2025 7:00,28.5,80,East North-East,15,22,0,164.6666667,101.2033333,0,0
3/1/2025 8:00,28.5,80,East North-East,18,26,0,296.0666667,101.2666667,0,0
3/1/2025 9:00,28.7,79,East,18,26,0,440.8666667,101.3166667,0,0
3/1/2025 10:00,29,79,East,18,26,0,745,101.315,0,0
3/1/2025 11:00,28.9,81,East North-East,19,44,0,769.9,101.2916667,0,0
3/1/2025 12:00,29.2,79,East North-East,18,40,0.4,915.5833333,101.2583333,0,0
3/1/2025 13:00,29.5,77,East North-East,22,29,0,953.4666667,101.205,0,0
3/1/2025 14:00,29.4,75,East North-East,22,32,0,821.0833333,101.1533333,0,0
3/1/2025 15:00,29.5,76,East North-East,20,30,0,406.5166667,101.1316667,0,0
3/1/2025 16:00,29.8,76,North-East,18,27,0,522.2166667,101.105,0,0
3/1/2025 17:00,29.5,75,East North-East,15,24,0,361.6,101.1316667,0,0
3/1/2025 18:00,29.3,79,East North-East,19,25,0,121.5666667,101.1916667,0,0
3/1/2025 19:00,29.2,78,East North-East,16,26,0,3.316666667,101.2916667,0,0
3/1/2025 20:00,29.1,76,East,19,29,0,0,101.35,0,0
3/1/2025 21:00,29.1,76,East,20,33,0,0,101.375,0,0
3/1/2025 22:00,29,79,East,25,33,0,0,101.38,0,0
3/1/2025 23:00,28.7,79,East,27,34,0,0,101.3633333,0,0
3/2/2025 0:00,28.8,79,East,23,33,0,0,101.3266667,0,0
3/2/2025 1:00,28.8,76,East,24,32,0,0,101.2966667,0,0
3/2/2025 2:00,28.5,77,East,22,31,0,0,101.255,0,0
3/2/2025 3:00,28.3,78,East,22,27,0,0,101.1983333,0,0
3/2/2025 4:00,28.3384904,78.86833345,East,20.80433656,30.25150586,0,0,101.1533333,1,0
3/2/2025 5:00,28.2,78,East,18,26,0,0,101.1966667,0,0
3/2/2025 6:00,28.2,79,East,20,25,0,1.166666667,101.2383333,0,0
3/2/2025 7:00,28.5,75,East,21,31,0,91.08333333,101.285,0,0
3/2/2025 8:00,28.8,76,East North-East,18,26,0,286.2333333,101.345,0,0
3/2/2025 9:00,28.9,75,East,18,26,0,563.0666667,101.3866667,0,0
3/2/2025 10:00,29,74,East,16,23,0,797.1,101.3966667,0,0
3/2/2025 11:00,29.3,78,East,18,23,0,956.3333333,101.3833333,0,0
3/2/2025 12:00,29.3,76,East,17,24,0,1044.316667,101.34,0,0
3/2/2025 13:00,29.2,77,East,19,24,0,1014.3,101.2716667,0,0
3/2/2025 14:00,29.3,77,East,19,27,0,814.8,101.2016667,0,0
3/2/2025 15:00,29.5,75,East,18,28,0,717.05,101.1616667,0,0
3/2/2025 16:00,29.4,74,East,17,24,0,548.1333333,101.155,0,0
3/2/2025 17:00,29.3,77,East,17,26,0,285.8,101.1566667,0,0
3/2/2025 18:00,29.2,78,East,15,24,0,118.6833333,101.2116667,0,0
3/2/2025 19:00,29.1,80,East,17,24,0,4.683333333,101.28,0,0
3/2/2025 20:00,29,80,East,15,22,0,0,101.3433333,0,0
3/2/2025 21:00,29,79,East,17,22,0,0,101.3883333,0,0
3/2/2025 22:00,28.9,79,East,17,23,0,0,101.4266667,0,0
3/2/2025 23:00,28.8,80,East,19,26,0,0,101.4366667,0,0
3/3/2025 0:00,28.7,80,East,17,26,0,0,101.395,0,0
3/3/2025 1:00,28,83,East,14,28,0,0,101.355,0,0
3/3/2025 2:00,28.4,81,East,15,24,0,0,101.305,0,0
3/3/2025 3:00,28.6,80,East North-East,17,23,0,0,101.2466667,0,0
3/3/2025 4:00,28.4,79,East,16,24,0,0,101.245,0,0
3/3/2025 5:00,27.9,85,East North-East,14,37,0,0,101.3,0,0
3/3/2025 6:00,28.4,81,East,13,21,0,0.766666667,101.3483333,0,0
3/3/2025 7:00,28.7,78,East North-East,13,18,0,55.33333333,101.4116667,0,0
3/3/2025 8:00,29.4,75,East North-East,11,18,0,347.6333333,101.4433333,0,0
3/3/2025 9:00,29.1,76,East North-East,9,14,0,445.6333333,101.4966667,0,0
3/3/2025 10:00,29.6,73,East North-East,8,14,0,550.5,101.505,0,0
3/3/2025 11:00,29.7,71,East,8,14,0,877.5666667,101.4783333,0,0
3/3/2025 12:00,29.7,75,East,12,17,0,955.6,101.4466667,0,0
3/3/2025 13:00,29.8,75,East,11,17,0,1018.583333,101.3716667,0,0
3/3/2025 14:00,30,74,East,11,17,0,878.5666667,101.2916667,0,0
3/3/2025 15:00,30,74,East,11,17,0,708.8666667,101.255,0,0
3/3/2025 16:00,30.1,74,East,9,18,0,544,101.2266667,0,0
3/3/2025 17:00,29.8,75,East,10,18,0,348.8,101.2183333,0,0
3/3/2025 18:00,29.4,76,East,9,17,0,127.25,101.2616667,0,0
3/3/2025 19:00,29.3,76,East,13,20,0,5.266666667,101.3266667,0,0
3/3/2025 20:00,29.2,77,East,15,20,0,0,101.3533333,0,0
3/3/2025 21:00,29.2,78,East,13,21,0,0,101.3883333,0,0
3/3/2025 22:00,29.2,79,East South-East,12,19,0,0,101.4383333,0,0
3/3/2025 23:00,28.6,80,East South-East,14,21,0,0,101.44,0,0
3/4/2025 0:00,28.8,79,East South-East,11,16,0,0,101.42,0,0
3/4/2025 1:00,28.9,79,East South-East,11,19,0,0,101.3883333,0,0
3/4/2025 2:00,28.8,78,East South-East,14,19,0,0,101.3283333,0,0
3/4/2025 3:00,28,77,East South-East,19,27,0,0,101.2666667,0,0
3/4/2025 4:00,28,77,East South-East,15,22,0,0,101.2866667,0,0
3/4/2025 5:00,28.1,81,East South-East,15,22,0,0,101.315,0,0
3/4/2025 6:00,28.3,83,East South-East,19,25,0,0.466666667,101.3383333,0,0
3/4/2025 7:00,28.9,75,East South-East,18,26,0,119.9,101.3566667,0,0
3/4/2025 8:00,28.2,75,East South-East,23,35,0,258.8166667,101.4366667,0,0
3/4/2025 9:00,29.5,73,East South-East,20,27,0,481.3833333,101.46,0,0
3/4/2025 10:00,29.3,75,East,19,27,0,788.7166667,101.4283333,0,0
3/4/2025 11:00,29.4,78,East South-East,17,26,0,945.6,101.3933333,0,0
3/4/2025 12:00,29.6,79,East South-East,14,25,0,952.8166667,101.3633333,0,0
3/4/2025 13:00,29.6,76,East South-East,19,26,0,901.05,101.26,0,0
3/4/2025 14:00,29.8,76,East,19,28,0,858.3833333,101.17,0,0
3/4/2025 15:00,29.7,74,East,18,27,0,700.1,101.1166667,0,0
3/4/2025 16:00,29.7,77,East,18,26,0,504.85,101.1066667,0,0
3/4/2025 17:00,29.4,76,East,20,27,0,152.5333333,101.1366667,0,0
3/4/2025 18:00,29.5,78,East,20,27,0,117.1166667,101.1816667,0,0
3/4/2025 19:00,29.3,78,East,24,34,0.2,7.833333333,101.2416667,0,0
3/4/2025 20:00,29,80,East,23,38,0,0,101.2883333,0,0
3/4/2025 21:00,29.1,75,East,28,37,0,0,101.3283333,0,0
3/4/2025 22:00,28.5,81,East,24,37,0,0,101.4016667,0,0
3/4/2025 23:00,29,81,East,26,34,0,0,101.4016667,0,0
3/5/2025 0:00,28.8,82,East,24,32,0,0,101.3316667,0,0
3/5/2025 1:00,28.6,81,East,22,32,0,0,101.275,0,0
3/5/2025 2:00,28.6,82,East,21,28,0,0,101.25,0,0
3/5/2025 3:00,28.6,81,East North-East,18,28,0,0,101.1916667,0,0
3/5/2025 4:00,28,83,East North-East,18,26,0,0,101.1816667,0,0
3/5/2025 5:00,28.3,81,East,15,23,0,0,101.2133333,0,0
3/5/2025 6:00,26.2,83,East North-East,23,49,0.4,0.416666667,101.2533333,0,0
3/5/2025 7:00,26.56475049,81.9350556,South-East,12.09944548,38.51348902,0.76388786,123.2,101.28,1,0
3/5/2025 8:00,29.1,79,East,17,22,0,285.5333333,101.315,0,0
3/5/2025 9:00,29.4,75,North-East,20,27,0,424.4333333,101.3633333,0,0
3/5/2025 10:00,29.9,70,North-East,13,28,0,766.9333333,101.3616667,0,0
3/5/2025 11:00,28.9,77,North-East,21,35,0,722.0833333,101.3433333,0,0
3/5/2025 12:00,29.11198896,77.40171258,North North-East,11.3176059,25.04532468,0,1033.783333,101.3133333,1,0
3/5/2025 13:00,30.5,70,North-East,16,27,0,961.5666667,101.2583333,0,0
3/5/2025 14:00,30.3,69,North-East,14,26,0,899.0333333,101.175,0,0
3/5/2025 15:00,30.2,72,North-East,11,24,0,707.1,101.1333333,0,0
3/5/2025 16:00,30,74,North-East,10,21,0,393.0166667,101.125,0,0
3/5/2025 17:00,29.7,71,North-East,12,18,0,204.7833333,101.1533333,0,0
3/5/2025 18:00,29.3,71,North-East,10,18,0,130.5666667,101.2066667,0,0
3/5/2025 19:00,29.26636705,74.7850651,East North-East,12.45650608,21.68771509,0,4.366666667,101.2966667,1,0
3/5/2025 20:00,29.1,76,East,12,25,0,0,101.3766667,0,0
3/5/2025 21:00,28,78,North,6,35,0,0,101.4416667,0,0
3/5/2025 22:00,28.2,75,East,12,22,0,0,101.4883333,0,0
3/5/2025 23:00,28.4,78,East South-East,6,11,0,0,101.4566667,0,0
3/6/2025 0:00,28.2,77,East South-East,8,11,0,0,101.4116667,0,0
3/6/2025 1:00,28.6,77,East,16,21,0,0,101.3566667,0,0
3/6/2025 2:00,28.5,78,East,15,21,0,0,101.3183333,0,0
3/6/2025 3:00,28.2,78,East North-East,9,30,0,0,101.27,0,0
3/6/2025 4:00,28.4,77,East,14,21,0,0,101.2366667,0,0
3/6/2025 5:00,28.3,76,East,17,24,0,0,101.255,0,0
3/6/2025 6:00,28.4,78,East North-East,10,21,0,0.1,101.3166667,0,0
3/6/2025 7:00,28.4,76,East,12,17,0,31.86666667,101.375,0,0
3/6/2025 8:00,28.9,74,East,17,23,0,184.6333333,101.42,0,0
3/6/2025 9:00,29.1,74,East North-East,15,28,0,479.7166667,101.4483333,0,0
3/6/2025 10:00,29.3,67,North-East,15,31,0,705.4166667,101.4516667,0,0
3/6/2025 11:00,28.9,75,East North-East,15,23,0,616.2666667,101.4083333,0,0
3/6/2025 12:00,29.2,75,East North-East,16,27,0,713.0666667,101.3666667,0,0
3/6/2025 13:00,28.9,78,East,15,30,0,477.25,101.315,0,0
3/6/2025 14:00,28.2,76,East South-East,13,32,0,370.7833333,101.2383333,0,0
3/6/2025 15:00,28.4,76,East South-East,14,23,0,319.5833333,101.1933333,0,0
3/6/2025 16:00,28.6,75,East,8,19,0,239.65,101.1916667,0,0
3/6/2025 17:00,28.6,73,East South-East,8,15,0,97.38333333,101.2233333,0,0
3/6/2025 18:00,28.6,76,East South-East,12,17,0,48.7,101.2716667,0,0
3/6/2025 19:00,28.5,81,East South-East,19,26,0,2.316666667,101.335,0,0
3/6/2025 20:00,27.9,80,East South-East,16,28,0,0,101.3466667,0,0
3/6/2025 21:00,28.4,79,East,17,24,0,0,101.3883333,0,0
3/6/2025 22:00,28.6,75,East North-East,21,27,0,0,101.4583333,0,0
3/6/2025 23:00,28.6,76,East North-East,22,27,0,0,101.45,0,0
3/7/2025 0:00,28.4,80,East North-East,21,41,0.2,0,101.4183333,0,0
3/7/2025 1:00,28.3,79,East North-East,20,26,0,0,101.3616667,0,0
3/7/2025 2:00,28,81,East North-East,19,27,0.2,0,101.31,0,0
3/7/2025 3:00,26.9,82,North North-East,7,25,0,0,101.2566667,0,0
3/7/2025 4:00,24.9,89,North,5,36,11,0,101.24,0,0
3/7/2025 5:00,24.4,94,NA,6,14,0,0,101.29,0,0
3/7/2025 6:00,27.8,82,NA,11,15,0,0.716666667,101.3366667,0,0
3/7/2025 7:00,28.4,78,NA,11,18,0,68.15,101.3883333,0,0
3/7/2025 8:00,28.7,77,East North-East,12,17,0,237.4,101.4366667,0,0
3/7/2025 9:00,29.5,72,East North-East,11,18,0,583.0166667,101.4966667,0,0
3/7/2025 10:00,29.5,71,East,9,16,0,841.3833333,101.495,0,0
3/7/2025 11:00,29.3,72,East,13,18,0,857.6833333,101.49,0,0
3/7/2025 12:00,29.4,73,East North-East,15,22,0,1038.833333,101.4383333,0,0
3/7/2025 13:00,29.4,72,East North-East,10,19,0,962.9666667,101.3616667,0,0
3/7/2025 14:00,29.7,69,East,12,19,0,811.1333333,101.3133333,0,0
3/7/2025 15:00,29.4,70,East,12,22,0,710.4333333,101.2583333,0,0
3/7/2025 16:00,28.3,75,East North-East,7,32,0.2,380.3666667,101.2466667,0,0
3/7/2025 17:00,29.4,71,East South-East,13,20,0,224.6166667,101.2683333,0,0
3/7/2025 18:00,28.9,76,East South-East,19,27,0,45.86666667,101.305,0,0
3/7/2025 19:00,28.5,79,East South-East,18,27,0,1.75,101.3816667,0,0
3/7/2025 20:00,28.5,76,East South-East,21,27,0,0,101.445,0,0
3/7/2025 21:00,28.5,76,East South-East,17,26,0,0,101.5083333,0,0
3/7/2025 22:00,28.4,78,East South-East,19,26,0,0,101.5433333,0,0
3/7/2025 23:00,28.3,80,East South-East,18,24,0,0,101.54,0,0
3/8/2025 0:00,28.2,79,East South-East,17,26,0,0,101.5166667,0,0
3/8/2025 1:00,28.2,79,East South-East,17,24,0,0,101.46,0,0
3/8/2025 2:00,28,78,East South-East,16,25,0,0,101.4016667,0,0
3/8/2025 3:00,28,79,East South-East,17,23,0,0,101.37,0,0
3/8/2025 4:00,27.6,80,East,15,28,0,0,101.3583333,0,0
3/8/2025 5:00,27.9,78,East,17,24,0,0,101.4016667,0,0
3/8/2025 6:00,27.9,81,East,15,21,0,0.15,101.4166667,0,0
3/8/2025 7:00,27.7,83,East South-East,13,19,0,20.68333333,101.475,0,0
3/8/2025 8:00,28.1,83,East,15,19,0,91.56666667,101.535,0,0
3/8/2025 9:00,28.5,79,East,21,28,0.2,244.9333333,101.585,0,0
3/8/2025 10:00,28.4,82,East North-East,19,25,0,233.45,101.5833333,0,0
3/8/2025 11:00,28.34974714,82.98805025,East North-East,18.4526616,26.2525551,0,647.15,101.5283333,1,0
3/8/2025 12:00,29.4,75,East North-East,15,24,0,924.1,101.47,0,0
3/8/2025 13:00,27.8,87,North-East,22,47,7,173,101.4483333,0,0
3/8/2025 14:00,28.1,81,NA,21,34,0,615.0666667,101.3883333,0,0
3/8/2025 15:00,28.9,75,North-East,18,26,0,665,101.3333333,0,0
3/8/2025 16:00,28.6,81,East,15,26,0,525.9333333,101.295,0,0
3/8/2025 17:00,28.7,78,East,22,28,0,391.5166667,101.3383333,0,0
3/8/2025 18:00,28.7,78,East North-East,19,27,0,157.8,101.4,0,0
3/8/2025 19:00,28.6,80,East,22,28,0,7.133333333,101.4616667,0,0
3/8/2025 20:00,28,82,East,30,46,0,0,101.545,0,0
3/8/2025 21:00,28.8,78,East,27,36,0.2,0,101.5783333,0,0
3/8/2025 22:00,29,80,East,31,40,0,0,101.6133333,0,0
3/8/2025 23:00,28.3,80,East,27,45,0,0,101.6016667,0,0
3/9/2025 0:00,28.4,82,East,27,37,0,0,101.585,0,0
3/9/2025 1:00,28.4,78,East,28,37,0,0,101.5266667,0,0
3/9/2025 2:00,28.3,81,East,24,35,0,0,101.455,0,0
3/9/2025 3:00,28,83,East South-East,20,33,0,0,101.4166667,0,0
3/9/2025 4:00,28.1,81,East South-East,24,31,0,0,101.3833333,0,0
3/9/2025 5:00,28.1,81,East South-East,27,38,0,0,101.405,0,0
3/9/2025 6:00,26.9,82,East North-East,27,52,0,0.016666667,101.515,0,0
3/9/2025 7:00,27.4,77,East North-East,18,30,0,20.1,101.61,0,0
3/9/2025 8:00,26.9,84,East South-East,22,38,0,42.26666667,101.6516667,0,0
3/9/2025 9:00,26.4,87,East South-East,20,31,0.6,29.66666667,101.68,0,0
3/9/2025 10:00,27.6,84,East South-East,21,31,0,148.5833333,101.68,0,0
3/9/2025 11:00,27.9,85,East,20,38,0.4,140.8833333,101.6333333,0,0
3/9/2025 12:00,28.7,73,East North-East,23,36,0.2,516.1833333,101.5533333,0,0
3/9/2025 13:00,28.8,79,East,31,39,0,1026.366667,101.4466667,0,0
3/9/2025 14:00,28.7,76,East South-East,27,40,0,805.55,101.385,0,0
3/9/2025 15:00,28.8,76,East South-East,22,36,0,515.8,101.375,0,0
3/9/2025 16:00,28.3,81,East,23,37,0,246.5666667,101.3666667,0,0
3/9/2025 17:00,25.3,91,East,18,66,3.2,26.71666667,101.4316667,0,0
3/9/2025 18:00,26.7,78,South-East,19,30,0.6,3.633333333,101.4866667,0,0
3/9/2025 19:00,27.2,86,East South-East,20,28,0.2,0.1,101.5433333,0,0
3/9/2025 20:00,26.6,86,East South-East,19,41,0.6,0,101.6033333,0,0
3/9/2025 21:00,27,85,East South-East,22,31,0.8,0,101.6633333,0,0
3/9/2025 22:00,27.4,86,East South-East,19,30,0,0,101.6733333,0,0
3/9/2025 23:00,25.7,88,East North-East,20,40,0.6,0,101.685,0,0
3/10/2025 0:00,26.5,89,East South-East,26,33,0.4,0,101.6166667,0,0
3/10/2025 1:00,26.6,84,East South-East,19,39,0,0,101.5316667,0,0
3/10/2025 2:00,27.2,85,East South-East,24,31,0,0,101.4816667,0,0
3/10/2025 3:00,27.1,86,East South-East,25,34,0,0,101.4016667,0,0
3/10/2025 4:00,27.2,84,East South-East,22,29,0,0,101.4066667,0,0
3/10/2025 5:00,27.2,85,East South-East,21,28,0,0,101.4366667,0,0
3/10/2025 6:00,26.2,81,East South-East,34,50,0,0,101.4816667,0,0
3/10/2025 7:00,27.4,85,East South-East,19,48,0.4,14.25,101.5433333,0,0
3/10/2025 8:00,24.6,89,East South-East,33,68,7.2,48.61666667,101.6133333,0,0
3/10/2025 9:00,27,80,NA,23,39,2.6,109.6833333,101.62,0,0
3/10/2025 10:00,27.7,85,South-East,23,38,0,555.4,101.5883333,0,0
3/10/2025 11:00,28.6,73,East South-East,21,30,0,576.7833333,101.5633333,0,0
3/10/2025 12:00,29,79,East,19,29,0,914.55,101.4633333,0,0
3/10/2025 13:00,29.2,76,East,25,31,0,725.15,101.37,0,0
3/10/2025 14:00,29.3,78,East,28,37,0,626.15,101.285,0,0
3/10/2025 15:00,29.4,77,East,29,38,0,652.0666667,101.2,0,0
3/10/2025 16:00,29.1,77,East South-East,28,42,0,410.5166667,101.195,0,0
3/10/2025 17:00,29.2,74,East,30,38,0,126.3,101.2283333,0,0
3/10/2025 18:00,29,77,East,27,36,0,37.85,101.2583333,0,0
3/10/2025 19:00,28.9,75,East,28,37,0,1.966666667,101.3216667,0,0
3/10/2025 20:00,28.9,76,East,30,38,0,0,101.3633333,0,0
3/10/2025 21:00,28.8,78,East,26,39,0,0,101.405,0,0
3/10/2025 22:00,28.85469214,80.49151226,East,26.11099575,36.32538389,0,0,101.44,1,0
3/10/2025 23:00,28.7,80,East,24,34,0,0,101.425,0,0
3/11/2025 0:00,28.2,84,East,24,41,0,0,101.4066667,0,0
3/11/2025 1:00,28.2,83,East,27,36,0,0,101.37,0,0
3/11/2025 2:00,28,83,East,25,40,0,0,101.3266667,0,0
3/11/2025 3:00,27.9,80,East,30,44,0,0,101.2933333,0,0
3/11/2025 4:00,28.1,82,East,27,36,0,0,101.27,0,0
3/11/2025 5:00,28.4,78,East,26,37,0,0,101.2883333,0,0
3/11/2025 6:00,28.5,77,East,30,44,0,0.266666667,101.3116667,0,0
3/11/2025 7:00,28.5,76,East,27,35,0,51.66666667,101.375,0,0
3/11/2025 8:00,28.9,75,East,26,37,0,291.6666667,101.4216667,0,0
3/11/2025 9:00,29,75,East South-East,25,36,0,540.4166667,101.4766667,0,0
3/11/2025 10:00,29.1,72,East South-East,26,36,0,756.9666667,101.4866667,0,0
3/11/2025 11:00,29.3,74,East,26,34,0,939.8,101.47,0,0
3/11/2025 12:00,29.3,76,East South-East,25,34,0,999.9166667,101.405,0,0
3/11/2025 13:00,29.2,76,East South-East,24,45,0,955.4666667,101.3366667,0,0
3/11/2025 14:00,29.3,79,East South-East,23,45,0,760.1666667,101.2816667,0,0
3/11/2025 15:00,28.5,78,East South-East,29,40,0,673.9833333,101.2416667,0,0
3/11/2025 16:00,28.3995984,83.53677043,East,25.52615512,36.89127315,0,485.8,101.2166667,1,0
3/11/2025 17:00,28.7,81,East South-East,26,36,0,267.2,101.2216667,0,0
3/11/2025 18:00,28.8,80,East South-East,22,34,0,108.5333333,101.2683333,0,0
3/11/2025 19:00,28.9,77,East South-East,27,35,0,2.516666667,101.3083333,0,0
3/11/2025 20:00,28.8,78,East South-East,27,36,0,0,101.3483333,0,0
3/11/2025 21:00,28.8,78,East South-East,26,36,0,0,101.385,0,0
3/11/2025 22:00,27.9,82,East South-East,24,45,0.6,0,101.44,0,0
3/11/2025 23:00,28.7,80,East South-East,24,34,0,0,101.4483333,0,0
3/12/2025 0:00,28.7,78,East South-East,24,34,0,0,101.4133333,0,0
3/12/2025 1:00,28.6,78,East South-East,23,32,0,0,101.3833333,0,0
3/12/2025 2:00,28.5,77,East South-East,22,30,0,0,101.3516667,0,0
3/12/2025 3:00,28.3,79,East South-East,21,28,0,0,101.32,0,0
3/12/2025 4:00,28.3,78,East South-East,23,31,0,0,101.3116667,0,0
3/12/2025 5:00,28.4,78,East South-East,23,31,0,0,101.3183333,0,0
3/12/2025 6:00,28.2,79,East South-East,23,31,0,0.2,101.3533333,0,0
3/12/2025 7:00,28.5,80,East South-East,22,32,0,61.05,101.3916667,0,0
3/12/2025 8:00,28.6,81,East South-East,23,34,0,216.8833333,101.435,0,0
3/12/2025 9:00,28.8,79,East South-East,26,35,0,436.2833333,101.4733333,0,0
3/12/2025 10:00,28.8,81,East South-East,26,36,0,596.1,101.46,0,0
3/12/2025 11:00,29.3,79,East South-East,24,35,0,939.5666667,101.4216667,0,0
3/12/2025 12:00,29.1,80,East South-East,26,34,0,985.5666667,101.3516667,0,0
3/12/2025 13:00,28.9,82,East South-East,29,40,0,863.7666667,101.2983333,0,0
3/12/2025 14:00,28.9,86,East South-East,33,41,0,817.55,101.2183333,0,0
3/12/2025 15:00,28.8,82,East South-East,27,40,0,744.95,101.1616667,0,0
3/12/2025 16:00,28.8,82,East South-East,28,40,0,513.0666667,101.1433333,0,0
3/12/2025 17:00,28.9,77,East South-East,22,37,0,240.8,101.1583333,0,0
3/12/2025 18:00,28.5,82,East South-East,25,37,0,109.4166667,101.21,0,0
3/12/2025 19:00,28.3,82,East South-East,25,36,0,5.6,101.29,0,0
3/12/2025 20:00,28.4,82,East South-East,23,35,0,0,101.3416667,0,0
3/12/2025 21:00,28.7,81,East,22,32,0,0,101.4333333,0,0
3/12/2025 22:00,28.8,78,East,24,31,0,0,101.4566667,0,0
3/12/2025 23:00,28.6,80,East,26,35,0,0,101.4666667,0,0
3/13/2025 0:00,28.7,78,East,26,34,0,0,101.4566667,0,0
3/13/2025 1:00,28.6,80,East,23,31,0,0,101.4183333,0,0
3/13/2025 2:00,28.5,79,East,23,29,0,0,101.3733333,0,0
3/13/2025 3:00,28.6,81,East,23,29,0,0,101.3183333,0,0
3/13/2025 4:00,28.4,80,East,24,35,0.2,0,101.3166667,0,0
3/13/2025 5:00,28.3,84,East,28,40,0,0,101.3366667,0,0
3/13/2025 6:00,27.7,84,East,26,41,0,1.3,101.39,0,0
3/13/2025 7:00,28.3,79,East,27,35,0,84.78333333,101.425,0,0
3/13/2025 8:00,27.1,84,East,31,57,0,157.4833333,101.4683333,0,0
3/13/2025 9:00,27.1,83,East,32,44,0,365.0666667,101.5016667,0,0
3/13/2025 10:00,28.09566654,83.14301446,East,27.18833376,47.56771715,0,590.45,101.4783333,1,0
3/13/2025 11:00,29.1,78,East,28,36,0,896.9166667,101.4483333,0,0
3/13/2025 12:00,28.6,77,East,32,43,0,902.9166667,101.3833333,0,0
3/13/2025 13:00,29.3,77,East,26,35,0,1002.483333,101.3133333,0,0
3/13/2025 14:00,29.6,78,East,28,39,0,869.1166667,101.2583333,0,0
3/13/2025 15:00,29.5,73,East,27,35,0,532.5833333,101.23,0,0
3/13/2025 16:00,29.5,73,East,28,36,0,450.0166667,101.235,0,0
3/13/2025 17:00,29.3,74,East,30,42,0,255.5666667,101.2583333,0,0
3/13/2025 18:00,29.1,75,East,26,39,0,110.2166667,101.305,0,0
3/13/2025 19:00,28.9,75,East,27,36,0,1.916666667,101.385,0,0
3/13/2025 20:00,29,77,East,26,36,0,0,101.4483333,0,0
3/13/2025 21:00,28.9,78,East South-East,25,36,0,0,101.4933333,0,0
3/13/2025 22:00,28.1,79,East,27,43,0,0,101.5333333,0,0
3/13/2025 23:00,28.5,78,East South-East,24,35,0,0,101.535,0,0
3/14/2025 0:00,28.4,77,East South-East,24,39,0,0,101.51,0,0
3/14/2025 1:00,28.6,76,East South-East,24,34,0,0,101.4866667,0,0
3/14/2025 2:00,28.5,74,East South-East,26,35,0,0,101.4533333,0,0
3/14/2025 3:00,28.4,76,East,22,36,0,0,101.4083333,0,0
3/14/2025 4:00,28.4,74,East South-East,22,32,0,0,101.3983333,0,0
3/14/2025 5:00,28.2,73,East South-East,22,35,0,0,101.4216667,0,0
3/14/2025 6:00,28.2,73,East South-East,22,30,0,0.383333333,101.4533333,0,0
3/14/2025 7:00,28.5,73,East South-East,23,28,0,70.91666667,101.495,0,0
3/14/2025 8:00,28.7,73,East South-East,24,32,0,300.3333333,101.5266667,0,0
3/14/2025 9:00,29,73,East South-East,23,33,0,558.1166667,101.5666667,0,0
3/14/2025 10:00,29.1,73,East South-East,23,33,0,753.6666667,101.57,0,0
3/14/2025 11:00,29.3,74,East,23,34,0,916.9166667,101.5333333,0,0
3/14/2025 12:00,29.3,73,East,21,32,0,915.9166667,101.4866667,0,0
3/14/2025 13:00,29.7,73,East,20,27,0,835.1166667,101.4116667,0,0
3/14/2025 14:00,29.5,72,East,21,31,0,778.3666667,101.3366667,0,0
3/14/2025 15:00,29.3,73,East South-East,23,31,0,649.7,101.28,0,0
3/14/2025 16:00,29.2,74,East South-East,23,32,0,452.3833333,101.245,0,0
3/14/2025 17:00,29.4,75,East South-East,23,33,0,318.35,101.2583333,0,0
3/14/2025 18:00,29,74,East South-East,26,35,0,119.1166667,101.31,0,0
3/14/2025 19:00,28.8,73,East South-East,26,34,0,2.4,101.3716667,0,0
3/14/2025 20:00,28.90936772,75.76735312,East South-East,26.56655582,35.91039844,0,0,101.4183333,1,0
3/14/2025 21:00,28.7,76,East South-East,25,35,0,0,101.47,0,0
3/14/2025 22:00,28.7,77,East South-East,25,37,0,0,101.5033333,0,0
3/14/2025 23:00,28.6,78,East South-East,26,36,0,0,101.485,0,0
3/15/2025 0:00,28.6,77,East South-East,23,33,0,0,101.4483333,0,0
3/15/2025 1:00,28.3,80,East,28,37,0,0,101.3916667,0,0
3/15/2025 2:00,28.5,79,East South-East,25,37,0,0,101.315,0,0
3/15/2025 3:00,28.4,77,East South-East,26,37,0,0,101.2483333,0,0
3/15/2025 4:00,28.3,79,East South-East,22,35,0,0,101.2216667,0,0
3/15/2025 5:00,28.3,78,East South-East,24,35,0,0,101.2333333,0,0
3/15/2025 6:00,28.4,79,East South-East,25,32,0,0.266666667,101.2716667,0,0
3/15/2025 7:00,28.3,78,East South-East,27,36,0,57.15,101.29,0,0
3/15/2025 8:00,28.4,81,East South-East,28,39,0,198.7666667,101.32,0,0
3/15/2025 9:00,28.9,75,East South-East,29,38,0,446.8333333,101.3383333,0,0
3/15/2025 10:00,28.6,79,East South-East,27,39,0,636.7,101.3333333,0,0
3/15/2025 11:00,29.3,77,East,28,36,0,923.2166667,101.2966667,0,0
3/15/2025 12:00,29.2,78,East South-East,27,37,0,858.2166667,101.24,0,0
3/15/2025 13:00,29.4,78,East,26,37,0,883.3,101.1666667,0,0
3/15/2025 14:00,29.4,76,East,26,35,0,836.5833333,101.1183333,0,0
3/15/2025 15:00,29.5,76,East,23,41,0.2,436.15,101.0833333,0,0
3/15/2025 16:00,29.5,75,East,25,32,0,494.6833333,101.0683333,0,0
3/15/2025 17:00,28.8,78,East,22,46,0,208.35,101.09,0,0
3/15/2025 18:00,29.1,76,East South-East,22,35,0,84.11666667,101.1416667,0,0
3/15/2025 19:00,28.7,81,East,19,42,0.2,1.566666667,101.2066667,0,0
3/15/2025 20:00,26.2,84,East,8,44,2.4,0,101.285,0,0
3/15/2025 21:00,28.2,85,East South-East,14,19,0,0,101.3266667,0,0
3/15/2025 22:00,28.3,80,East South-East,18,34,0,0,101.3333333,0,0
3/15/2025 23:00,28.4,82,East South-East,21,27,0,0,101.3116667,0,0
3/16/2025 0:00,28.6,79,East South-East,21,32,0,0,101.27,0,0
3/16/2025 1:00,28.6,81,East South-East,19,32,0,0,101.23,0,0
3/16/2025 2:00,28.2,85,East South-East,20,26,0.6,0,101.1583333,0,0
3/16/2025 3:00,27.5,87,East South-East,34,41,0,0,101.115,0,0
3/16/2025 4:00,27.4,86,South-East,34,45,0,0,101.0883333,0,0
3/16/2025 5:00,27.1,84,South-East,30,48,0.6,0,101.1216667,0,0
3/16/2025 6:00,27.9,83,East South-East,31,37,0,0.233333333,101.145,0,0
3/16/2025 7:00,28.1,83,East South-East,27,38,0,42.81666667,101.1916667,0,0
3/16/2025 8:00,28.3,81,East South-East,27,36,0,219.2166667,101.2566667,0,0
3/16/2025 9:00,27.8,85,East South-East,27,49,0.4,223.1166667,101.3133333,0,0
3/16/2025 10:00,28.2,81,East South-East,31,39,0,387.4833333,101.3083333,0,0
3/16/2025 11:00,29.1,81,East South-East,27,40,0,832.0833333,101.2716667,0,0
3/16/2025 12:00,29,79,East South-East,32,46,0.2,725.8,101.2083333,0,0
3/16/2025 13:00,29.1,79,East South-East,34,45,0,700.65,101.1466667,0,0
3/16/2025 14:00,28.6,80,East South-East,33,49,0,723.7,101.075,0,0
3/16/2025 15:00,28.6,83,East South-East,30,44,0,667.6166667,101.0366667,0,0
3/16/2025 16:00,27.9,85,East South-East,33,49,0,484.3833333,101.0116667,0,0
3/16/2025 17:00,28.7,82,East South-East,29,43,0,315.8333333,101.015,0,0
3/16/2025 18:00,27.2,88,East South-East,31,48,0.6,94.35,101.0733333,0,0
3/16/2025 19:00,28.4,85,East South-East,26,43,0.4,1.333333333,101.1433333,0,0
3/16/2025 20:00,28.8,81,East South-East,31,42,0,0,101.1816667,0,0
3/16/2025 21:00,28.6,82,East South-East,32,47,0,0,101.2316667,0,0
3/16/2025 22:00,28.9,81,East South-East,33,45,0,0,101.27,0,0
3/16/2025 23:00,28.7,80,East South-East,34,46,0,0,101.2633333,0,0
3/17/2025 0:00,28.7,82,East South-East,33,46,0,0,101.2483333,0,0
3/17/2025 1:00,28.6,82,East,31,48,0,0,101.205,0,0
3/17/2025 2:00,28.5,79,East,31,45,0,0,101.155,0,0
3/17/2025 3:00,28.5,81,East,29,41,0,0,101.1283333,0,0
3/17/2025 4:00,28.4,84,East,24,40,0,0,101.1316667,0,0
3/17/2025 5:00,28.5,80,East South-East,31,42,0,0,101.1633333,0,0
3/17/2025 6:00,28.4,80,East South-East,29,41,0,0.283333333,101.2016667,0,0
3/17/2025 7:00,28.5,79,East South-East,29,39,0,42.01666667,101.2733333,0,0
3/17/2025 8:00,28.5,77,East,27,46,0,264.85,101.3316667,0,0
3/17/2025 9:00,28.8,79,East South-East,32,45,0,513.8166667,101.3666667,0,0
3/17/2025 10:00,27.4,82,East South-East,31,50,0.4,579.7,101.3666667,0,0
3/17/2025 11:00,28.7,82,East,31,40,0,879.9833333,101.3583333,0,0
3/17/2025 12:00,29,81,East South-East,28,40,0,965.2166667,101.2916667,0,0
3/17/2025 13:00,28.9,83,East South-East,28,42,0,988.6833333,101.2216667,0,0
3/17/2025 14:00,28.8,79,East,31,41,0,804.3166667,101.175,0,0
3/17/2025 15:00,29.1,82,East South-East,23,35,0,656.7333333,101.1333333,0,0
3/17/2025 16:00,29,82,East South-East,25,35,0,469.8833333,101.11,0,0
3/17/2025 17:00,29.4,77,East South-East,27,36,0,311.2833333,101.14,0,0
3/17/2025 18:00,29.2,81,East,27,36,0,60.26666667,101.2033333,0,0
3/17/2025 19:00,29.1,78,East,27,38,0,1.6,101.28,0,0
3/17/2025 20:00,29.1,81,East,23,35,0,0,101.325,0,0
3/17/2025 21:00,29.1,80,East,25,33,0,0,101.385,0,0
3/17/2025 22:00,28.6,82,East,28,36,0,0,101.4283333,0,0
3/17/2025 23:00,28.2,82,East,17,36,0,0,101.44,0,0
3/18/2025 0:00,28.30150399,81.54016999,East South-East,20.87821116,35.15587943,0,0,101.4183333,1,0
3/18/2025 1:00,26.7,83,East South-East,23,40,0.6,0,101.3616667,0,0
3/18/2025 2:00,28.3,83,East,20,27,0.2,0,101.335,0,0
3/18/2025 3:00,28.2,83,East South-East,17,24,0,0,101.2983333,0,0
3/18/2025 4:00,28.1,85,East South-East,23,29,0,0,101.285,0,0
3/18/2025 5:00,27.7,83,East North-East,18,30,0,0,101.3183333,0,0
3/18/2025 6:00,27.8,83,East,24,32,0,0.166666667,101.3766667,0,0
3/18/2025 7:00,28.4,82,East North-East,16,30,0,72.45,101.415,0,0
3/18/2025 8:00,28.8,79,East,18,24,0,314.5833333,101.4583333,0,0
3/18/2025 9:00,28.3,80,East,27,33,0,273.1333333,101.5183333,0,0
3/18/2025 10:00,29.3,76,East,12,27,0,790.9,101.4883333,0,0
3/18/2025 11:00,29.2,80,East North-East,7,39,3.4,685.15,101.505,0,0
3/18/2025 12:00,28.9,78,East North-East,18,26,0,808.0666667,101.4416667,0,0
3/18/2025 13:00,29.1,82,East North-East,17,25,0,358.75,101.4,0,0
3/18/2025 14:00,27.3,80,East,12,30,0.2,194.1666667,101.3516667,0,0
3/18/2025 15:00,28.2,77,East,17,31,0,171.7333333,101.3283333,0,0
3/18/2025 16:00,28.4,81,East,18,24,0,349.1833333,101.2783333,0,0
3/18/2025 17:00,28.27899052,84.09151574,East South-East,18.85281572,27.12025196,0,144.5333333,101.2916667,1,0
3/18/2025 18:00,28.7,80,East South-East,19,30,0,58.71666667,101.3033333,0,0
3/18/2025 19:00,28.4,84,East South-East,16,28,0,4.083333333,101.3483333,0,0
3/18/2025 20:00,28.4,85,East South-East,18,27,0,0,101.3666667,0,0
3/18/2025 21:00,28.5,80,East South-East,17,31,0,0,101.4166667,0,0
3/18/2025 22:00,28.7,81,East,21,27,0,0,101.4416667,0,0
3/18/2025 23:00,28.7,80,East,19,28,0,0,101.4333333,0,0
3/19/2025 0:00,28.7,80,East,19,25,0,0,101.4166667,0,0
3/19/2025 1:00,28.3,82,East,15,41,1,0,101.3783333,0,0
3/19/2025 2:00,28.5,82,East,20,28,0,0,101.3166667,0,0
3/19/2025 3:00,28.2,83,East,18,26,0,0,101.2733333,0,0
3/19/2025 4:00,28.4,80,East,16,28,0,0,101.2716667,0,0
3/19/2025 5:00,28.4,80,East,17,28,0,0,101.3033333,0,0
3/19/2025 6:00,28.4,77,East,19,25,0,0.333333333,101.3283333,0,0
3/19/2025 7:00,28.6,81,East,18,26,0,49.55,101.3633333,0,0
3/19/2025 8:00,28.9,77,East South-East,17,24,0,297,101.3883333,0,0
3/19/2025 9:00,29.1,78,East,17,26,0,487.7333333,101.4316667,0,0
3/19/2025 10:00,29.3,78,East,17,24,0,683.5833333,101.4316667,0,0
3/19/2025 11:00,29.3,80,East,17,27,0,818.9666667,101.395,0,0
3/19/2025 12:00,29.6,74,East,18,24,0,955.3333333,101.3183333,0,0
3/19/2025 13:00,29.5,75,East,15,23,0,989.5,101.2483333,0,0
3/19/2025 14:00,29.6,74,East,17,25,0,793.3333333,101.1733333,0,0
3/19/2025 15:00,29.6,77,East,18,24,0,709.25,101.125,0,0
3/19/2025 16:00,29.6,74,East,16,23,0,425.7666667,101.1083333,0,0
3/19/2025 17:00,29.5,77,East South-East,19,28,0,264.3666667,101.1333333,0,0
3/19/2025 18:00,29.5,73,East South-East,16,24,0,88.65,101.2,0,0
3/19/2025 19:00,29.1,76,East South-East,18,30,1.8,4.066666667,101.2816667,0,0
3/19/2025 20:00,28.9,80,East South-East,24,31,0,0,101.325,0,0
3/19/2025 21:00,29,76,East South-East,17,26,0,0,101.3666667,0,0
3/19/2025 22:00,29,79,East South-East,16,22,0,0,101.4166667,0,0
3/19/2025 23:00,28.8,80,East,10,31,0,0,101.4183333,0,0
3/20/2025 0:00,28.3,79,East South-East,11,30,0,0,101.3766667,0,0
3/20/2025 1:00,28.5,80,East,14,21,0,0,101.3216667,0,0
3/20/2025 2:00,28.5,80,East,10,19,0,0,101.26,0,0
3/20/2025 3:00,28.3,80,East,12,37,0.8,0,101.2133333,0,0
3/20/2025 4:00,28.2,81,East South-East,14,19,0,0,101.185,0,0
3/20/2025 5:00,28.2,79,East,14,18,0,0,101.2,0,0
3/20/2025 6:00,28.2,80,East South-East,10,18,0,0.266666667,101.245,0,0
3/20/2025 7:00,28.7,79,East South-East,11,18,0,62.46666667,101.29,0,0
3/20/2025 8:00,28.9,78,East South-East,15,23,0,299.9333333,101.285,0,0
3/20/2025 9:00,28.7,77,South-East,17,24,0,428.85,101.3016667,0,0
3/20/2025 10:00,29.1,76,South-East,17,24,0,666.5666667,101.285,0,0
3/20/2025 11:00,29.1,79,South-East,17,21,0,766.7,101.265,0,0
3/20/2025 12:00,29.4,77,South-East,14,21,0,828.8833333,101.1966667,0,0
3/20/2025 13:00,29.3,75,South-East,13,20,0,646.6666667,101.1383333,0,0
3/20/2025 14:00,29.3,77,South-East,11,22,0,502.1666667,101.0666667,0,0
3/20/2025 15:00,29.3,75,East,9,15,0,310.4833333,101.0383333,0,0
3/20/2025 16:00,28.1,85,South South-West,5,23,0.4,205.8833333,101.0583333,0,0
3/20/2025 17:00,25.1,91,South-East,4,47,13.3,110.5333333,101.1466667,0,0
3/20/2025 18:00,27,83,NA,19,27,0,109.4,101.1966667,0,0
3/20/2025 19:00,27.6,78,NA,15,26,0,0.666666667,101.2216667,0,0
3/20/2025 20:00,28,80,South-East,13,22,0,0,101.2866667,0,0
3/20/2025 21:00,28.3,78,South-East,17,22,0,0,101.335,0,0
3/20/2025 22:00,28.4,76,East South-East,12,22,0,0,101.35,0,0
3/20/2025 23:00,28.6,74,East South-East,9,15,0,0,101.3416667,0,0
3/21/2025 0:00,28.3,74,East South-East,11,15,0,0,101.325,0,0
3/21/2025 1:00,28.2,78,East South-East,12,19,0,0,101.2716667,0,0
3/21/2025 2:00,28.2,78,East South-East,13,19,0,0,101.23,0,0
3/21/2025 3:00,28.1,81,East South-East,11,18,0,0,101.195,0,0
3/21/2025 4:00,28,80,South-East,11,21,0,0,101.1783333,0,0
3/21/2025 5:00,28.1,81,South-East,13,17,0,0,101.19,0,0
3/21/2025 6:00,27.8,83,South-East,13,23,0,0.133333333,101.225,0,0
3/21/2025 7:00,28.2,79,South-East,13,19,0,58.61666667,101.2683333,0,0
3/21/2025 8:00,28.8,74,South-East,15,21,0,267.6666667,101.325,0,0
3/21/2025 9:00,29,75,South-East,14,22,0,524.85,101.3683333,0,0
3/21/2025 10:00,29.2,71,South-East,10,20,0,708.8333333,101.3716667,0,0
3/21/2025 11:00,29.8,73,South-East,9,16,0,900.7666667,101.365,0,0
3/21/2025 12:00,29.7,70,South-East,8,14,0,955.6333333,101.3233333,0,0
3/21/2025 13:00,29.7,70,South-East,8,13,0,942.1833333,101.2666667,0,0
3/21/2025 14:00,29.8,73,South-East,8,13,0,878.8,101.2116667,0,0
3/21/2025 15:00,29.8,71,South-East,9,14,0,700.15,101.15,0,0
3/21/2025 16:00,30.1,72,South-East,6,12,0,496.05,101.1433333,0,0
3/21/2025 17:00,29.3,70,South-East,10,17,0,216.9666667,101.185,0,0
3/21/2025 18:00,28.1,79,South-East,19,31,0,73.21666667,101.2066667,0,0
3/21/2025 19:00,27.8,81,East South-East,16,30,0,1.183333333,101.2733333,0,0
3/21/2025 20:00,28.4,80,East South-East,19,26,0,0,101.335,0,0
3/21/2025 21:00,28.5,80,East South-East,14,24,0,0,101.375,0,0
3/21/2025 22:00,28.6,81,South-East,18,25,0,0,101.4016667,0,0
3/21/2025 23:00,27.1,84,East South-East,26,36,0,0,101.385,0,0
3/22/2025 0:00,26.6,85,East South-East,19,33,0,0,101.34,0,0
3/22/2025 1:00,26.7,88,East South-East,26,36,0,0,101.29,0,0
3/22/2025 2:00,27.26106,84.0400828,East South-East,28.88129348,38.96620043,0,0,101.215,1,0
3/22/2025 3:00,27.5,86,East South-East,25,35,0,0,101.17,0,0
3/22/2025 4:00,27.3,86,South-East,19,32,0,0,101.1666667,0,0
3/22/2025 5:00,27.5,85,East South-East,29,42,1.8,0,101.19,0,0
3/22/2025 6:00,27.8,80,East South-East,37,53,0,0.166666667,101.2283333,0,0
3/22/2025 7:00,27.9,77,East South-East,35,46,0,80.88333333,101.275,0,0
3/22/2025 8:00,26.9,87,East South-East,39,52,0,209.0166667,101.3516667,0,0
3/22/2025 9:00,26.4,88,East,30,52,0,201.45,101.4433333,0,0
3/22/2025 10:00,25.8,88,East,32,41,0,325.8666667,101.4816667,0,0
3/22/2025 11:00,25.8,93,East,16,41,7.4,277.7833333,101.4666667,0,0
3/22/2025 12:00,25.5,91,East South-East,39,55,2.2,165.0333333,101.4066667,0,0
3/22/2025 13:00,25.7,94,East South-East,33,47,4.6,76.63333333,101.3616667,0,0
3/22/2025 14:00,24.9,91,NA,35,48,13.8,73.03333333,101.31,0,0
3/22/2025 15:00,26.8,83,NA,32,40,4.8,117.9166667,101.2466667,0,0
3/22/2025 16:00,27.2,77,East South-East,26,41,0,217.65,101.2,0,0
3/22/2025 17:00,28,79,East South-East,29,40,0,115.8166667,101.235,0,0
3/22/2025 18:00,27.4,86,East,26,50,0.6,17.45,101.285,0,0
3/22/2025 19:00,27.6,84,East,28,41,0,0.316666667,101.345,0,0
3/22/2025 20:00,27.5,86,East,29,37,0,0,101.36,0,0
3/22/2025 21:00,28,80,East,32,45,0,0,101.4166667,0,0
3/22/2025 22:00,28.2,81,East,31,41,0,0,101.435,0,0
3/22/2025 23:00,28.3,80,East,31,42,0,0,101.4116667,0,0
3/23/2025 0:00,26.2,87,East South-East,45,60,0,0,101.35,0,0
3/23/2025 1:00,27.2,84,East South-East,30,62,1.6,0,101.33,0,0
3/23/2025 2:00,26.7,87,East,36,49,0,0,101.25,0,0
3/23/2025 3:00,27.9,79,East South-East,32,45,0,0,101.2116667,0,0
3/23/2025 4:00,28.3,72,East South-East,37,50,0,0,101.175,0,0
3/23/2025 5:00,28.2,72,East South-East,41,54,0,0,101.185,0,0
3/23/2025 6:00,28.2,73,East South-East,39,53,0,0.1,101.24,0,0
3/23/2025 7:00,28.2,76,East South-East,36,49,0,35.05,101.3066667,0,0
3/23/2025 8:00,28.5,74,East South-East,39,54,0,195.6833333,101.3516667,0,0
3/23/2025 9:00,28.7,73,East South-East,38,53,0,400.2666667,101.375,0,0
3/23/2025 10:00,28.8,73,East South-East,37,51,0,642.05,101.3533333,0,0
3/23/2025 11:00,28.9,70,East South-East,36,49,0,793.5,101.3183333,0,0
3/23/2025 12:00,29.1,68,East South-East,38,51,0,852.2166667,101.255,0,0
3/23/2025 13:00,29.3,68,East South-East,39,54,0,950.9,101.16,0,0
3/23/2025 14:00,29.2,75,East South-East,38,57,0,803.9833333,101.09,0,0
3/23/2025 15:00,29,77,East South-East,40,54,0,602.5166667,101.0583333,0,0
3/23/2025 16:00,29.1,73,East South-East,41,55,0,437.9166667,101.0283333,0,0
3/23/2025 17:00,28.9,76,East South-East,39,55,0,228.95,101.045,0,0
3/23/2025 18:00,29,77,East South-East,40,55,0,31.3,101.0983333,0,0
3/23/2025 19:00,28.7,79,East South-East,39,55,0,0.733333333,101.14,0,0
3/23/2025 20:00,28.6,77,East South-East,41,56,0,0,101.1733333,0,0
3/23/2025 21:00,28.4,75,East South-East,40,62,0,0,101.2166667,0,0
3/23/2025 22:00,28.5,76,East South-East,39,54,0,0,101.2366667,0,0
3/23/2025 23:00,28.5,75,East South-East,40,57,0,0,101.21,0,0
3/24/2025 0:00,28.4,76,East South-East,37,53,0,0,101.2033333,0,0
3/24/2025 1:00,28.3,78,East South-East,34,51,0,0,101.155,0,0
3/24/2025 2:00,28.2,78,East South-East,34,50,0,0,101.1,0,0
3/24/2025 3:00,28.30954451,78.98542279,East South-East,35.96094322,47.03955384,0,0,101.07,1,0
3/24/2025 4:00,28.1,77,East South-East,39,51,0,0,101.0583333,0,0
3/24/2025 5:00,28.2,77,East South-East,39,51,0,0,101.075,0,0
3/24/2025 6:00,28.3,76,East South-East,37,50,0,0.1,101.105,0,0
3/24/2025 7:00,28.3,78,East South-East,32,50,0,63.95,101.1533333,0,0
3/24/2025 8:00,28.7,77,East South-East,41,53,0,229.8833333,101.2116667,0,0
3/24/2025 9:00,28.6,75,East South-East,37,51,0,382.85,101.25,0,0
3/24/2025 10:00,28.8,74,East South-East,37,51,0,610.3666667,101.255,0,0
3/24/2025 11:00,28.7,74,East South-East,38,50,0,765.7833333,101.2033333,0,0
3/24/2025 12:00,29,74,East South-East,36,48,0,849.6166667,101.1166667,0,0
3/24/2025 13:00,29,74,East South-East,34,47,0,632.6,101.0466667,0,0
3/24/2025 14:00,29,74,East South-East,36,50,0,443,100.9716667,0,0
3/24/2025 15:00,26.4,89,East,36,49,0,328.8333333,100.9883333,0,0
3/24/2025 16:00,27.4,88,East North-East,21,50,0.2,261.9333333,101.0066667,0,0
3/24/2025 17:00,28.9,77,East,31,45,0,114.9333333,101.0016667,0,0
3/24/2025 18:00,28.9,76,East,28,44,0,67.18333333,101.035,0,0
3/24/2025 19:00,28.4,75,East,32,44,0,0.633333333,101.0683333,0,0
3/24/2025 20:00,27.8,83,East,33,43,0,0,101.12,0,0
3/24/2025 21:00,28.6,81,East,30,40,0,0,101.1416667,0,0
3/24/2025 22:00,27.7,84,East,29,42,0,0,101.1733333,0,0
3/24/2025 23:00,28.4,81,East South-East,28,40,0,0,101.1633333,0,0
3/25/2025 0:00,28.4,78,East,26,35,0,0,101.0983333,0,0
3/25/2025 1:00,28.5,80,East,24,36,0,0,101.0766667,0,0
3/25/2025 2:00,28.4,78,East,25,32,0,0,101.0133333,0,0
3/25/2025 3:00,28.4,77,East,27,35,0,0,100.9683333,0,0
3/25/2025 4:00,28.5,77,East,27,34,0,0,100.9683333,0,0
3/25/2025 5:00,25.7,89,East,35,47,3.2,0,101,0,0
3/25/2025 6:00,27.2,87,East South-East,27,37,5.8,0,101.0816667,0,0
3/25/2025 7:00,27.7,83,NA,21,32,0,43.48333333,101.1416667,0,0
3/25/2025 8:00,28.2,77,East,23,29,0,153.5666667,101.1966667,0,0
3/25/2025 9:00,27.8946534,84.97341608,East,21.94323673,34.36363446,0.019586869,372.8,101.2183333,1,0
3/25/2025 10:00,28.6,79,East,19,27,0,508.95,101.2233333,0,0
3/25/2025 11:00,28.8,81,East,19,25,0,824.7,101.16,0,0
3/25/2025 12:00,29.1,79,East,19,26,0,890.3666667,101.085,0,0
3/25/2025 13:00,29.2,77,East,22,37,0,926.2166667,101.015,0,0
3/25/2025 14:00,28.9,81,East,22,32,0,872.6166667,100.965,0,0
3/25/2025 15:00,29.1,75,East North-East,18,31,0,687.0666667,100.9183333,0,0
3/25/2025 16:00,28.8,80,East North-East,18,29,0,266.15,100.9733333,0,0
3/25/2025 17:00,28.8,81,East,17,24,0,141.6666667,101.0133333,0,0
3/25/2025 18:00,26.6,89,East South-East,29,53,0,52.58333333,101.0333333,0,0
3/25/2025 19:00,27.1,86,East South-East,24,32,3.2,0.366666667,101.1033333,0,0
3/25/2025 20:00,25.5,90,East South-East,27,43,3,0,101.1916667,0,0
3/25/2025 21:00,26.7,86,East,29,41,0.2,0,101.255,0,0
3/25/2025 22:00,26.3,88,East North-East,24,38,0,0,101.275,0,0
3/25/2025 23:00,26.5,87,East North-East,19,35,0,0,101.215,0,0
3/26/2025 0:00,27,81,East North-East,12,25,0,0,101.2,0,0
3/26/2025 1:00,27.6,82,East,15,21,0,0,101.135,0,0
3/26/2025 2:00,27.5,83,East North-East,21,27,0,0,101.0633333,0,0
3/26/2025 3:00,27.3,87,North-East,16,29,0,0,101.0666667,0,0
3/26/2025 4:00,27.5,85,North North-East,16,26,0,0,101.0766667,0,0
3/26/2025 5:00,26.8,85,North,14,37,0,0,101.06,0,0
3/26/2025 6:00,26.7,82,North North-West,13,21,0,0.033333333,101.0866667,0,0
3/26/2025 7:00,27.3,79,North North-West,14,27,0,42.63333333,101.1833333,0,0
3/26/2025 8:00,28.1,79,North North-West,16,31,0,250.75,101.2266667,0,0
3/26/2025 9:00,28.1,79,North-West,19,33,0,380.0666667,101.275,0,0
3/26/2025 10:00,28.7,76,North-West,17,33,0,435.3,101.2866667,0,0
3/26/2025 11:00,28.8,76,North-West,10,27,0,430.1333333,101.27,0,0
3/26/2025 12:00,28.9,73,North North-West,7,16,0,361.9,101.265,0,0
3/26/2025 13:00,26.9,86,East South-East,26,33,0,335.45,101.2083333,0,0
3/26/2025 14:00,27.5,85,East,21,30,0,473.75,101.15,0,0
3/26/2025 15:00,27.2,87,East North-East,22,33,0,709.0833333,101.1033333,0,0
3/26/2025 16:00,27.5,87,East North-East,17,30,0,478.85,101.075,0,0
3/26/2025 17:00,27.5,85,East North-East,19,24,0,217.6,101.0833333,0,0
3/26/2025 18:00,27.2,83,East North-East,14,26,0,56.21666667,101.125,0,0
3/26/2025 19:00,27.6,84,East North-East,19,25,0,0.333333333,101.19,0,0
3/26/2025 20:00,27.8,84,East,18,27,0,0,101.3033333,0,0
3/26/2025 21:00,27.9,82,East,19,26,0,0,101.3816667,0,0
3/26/2025 22:00,27.9,81,East,18,24,0,0,101.4133333,0,0
3/26/2025 23:00,27.9,82,East,20,26,0,0,101.385,0,0
3/27/2025 0:00,27.9,78,East North-East,18,27,0,0,101.38,0,0
3/27/2025 1:00,27.9,79,East North-East,18,25,0,0,101.3416667,0,0
3/27/2025 2:00,27.9,80,East North-East,19,27,0,0,101.29,0,0
3/27/2025 3:00,28.2,79,East North-East,17,24,0,0,101.2683333,0,0
3/27/2025 4:00,27.9,78,East North-East,18,24,0,0,101.2683333,0,0
3/27/2025 5:00,28,79,East North-East,15,23,0,0,101.2833333,0,0
3/27/2025 6:00,28.1,80,East,19,25,0,0.883333333,101.33,0,0
3/27/2025 7:00,28.4,80,East,19,27,0,100.4833333,101.335,0,0
3/27/2025 8:00,28.7,77,East,20,26,0,300.7666667,101.3666667,0,0
3/27/2025 9:00,28.8,78,East,21,29,0,491.9333333,101.415,0,0
3/27/2025 10:00,28.7,77,East,23,28,0,708.8666667,101.4183333,0,0
3/27/2025 11:00,28.9,76,East North-East,22,31,0,866.0166667,101.3833333,0,0
3/27/2025 12:00,29.1,77,East North-East,21,28,0,901.7166667,101.3533333,0,0
3/27/2025 13:00,29.5,74,East North-East,19,27,0,927.9666667,101.2833333,0,0
3/27/2025 14:00,29.4,76,East North-East,20,28,0,803.1166667,101.2116667,0,0
3/27/2025 15:00,29.5,76,East North-East,21,26,0,579.9666667,101.1666667,0,0
3/27/2025 16:00,29.5,78,East North-East,19,27,0,454.5166667,101.1433333,0,0
3/27/2025 17:00,29.4,77,East,16,24,0,279.65,101.165,0,0
3/27/2025 18:00,28.9,81,East,16,28,0,65.63333333,101.2116667,0,0
3/27/2025 19:00,28.8,80,East,19,28,0,0.583333333,101.26,0,0
3/27/2025 20:00,28.9,84,East South-East,17,24,0,0,101.325,0,0
3/27/2025 21:00,28.5,82,East,26,34,0,0,101.3766667,0,0
3/27/2025 22:00,28.1,80,East,23,35,0,0,101.4,0,0
3/27/2025 23:00,28.62473311,80.81546086,East,19.59156178,27.72386717,0,0,101.39,1,0
3/28/2025 0:00,28.7,83,East,17,24,0,0,101.35,0,0
3/28/2025 1:00,28.8,81,East,19,26,0,0,101.32,0,0
3/28/2025 2:00,28.7,81,East,22,28,0,0,101.27,0,0
3/28/2025 3:00,27.9,87,East South-East,20,27,0,0,101.2616667,0,0
3/28/2025 4:00,27.9,85,South-East,27,37,0,0,101.23,0,0
3/28/2025 5:00,27.4,85,East South-East,22,36,0,0,101.23,0,0
3/28/2025 6:00,27.4,86,South-East,24,32,0,0.05,101.2666667,0,0
3/28/2025 7:00,27.8,83,South-East,23,29,0,45.73333333,101.2966667,0,0
3/28/2025 8:00,28.1,82,East South-East,21,29,0,211.8166667,101.3483333,0,0
3/28/2025 9:00,28.4,81,East South-East,22,30,0,391.6,101.3833333,0,0
3/28/2025 10:00,28.8,82,East South-East,19,28,0,644.5833333,101.405,0,0
3/28/2025 11:00,28.9,78,East South-East,21,30,0,653.7333333,101.375,0,0
3/28/2025 12:00,29.2,77,East South-East,22,31,0,861.3333333,101.2966667,0,0
3/28/2025 13:00,29.2,77,East,24,32,0,771.1666667,101.225,0,0
3/28/2025 14:00,29.5,80,East,23,34,0,750.2333333,101.1583333,0,0
3/28/2025 15:00,29.2,78,East,23,33,0,523.8166667,101.1066667,0,0
3/28/2025 16:00,29.1,79,East,24,32,0,243.05,101.1066667,0,0
3/28/2025 17:00,29.1,84,East South-East,29,36,0,140.15,101.115,0,0
3/28/2025 18:00,28.9,80,East,22,34,0,55.76666667,101.1616667,0,0
3/28/2025 19:00,28.8,81,East South-East,23,32,0,0.45,101.225,0,0
3/28/2025 20:00,28.8,82,East South-East,22,34,0,0,101.285,0,0
3/28/2025 21:00,28.89489477,81.31153801,East South-East,24.14100626,33.3450338,0,0,101.3416667,1,0
3/28/2025 22:00,28.9,80,East South-East,22,30,0,0,101.3833333,0,0
3/28/2025 23:00,28.7,80,East,22,32,0,0,101.3533333,0,0
3/29/2025 0:00,28.6,79,East,23,29,0,0,101.3316667,0,0
3/29/2025 1:00,28.5,82,East,21,28,0,0,101.2683333,0,0
3/29/2025 2:00,28.3,80,East,19,27,0,0,101.2,0,0
3/29/2025 3:00,28.3,80,East,20,28,0,0,101.1566667,0,0
3/29/2025 4:00,27.8,82,East,15,27,0,0,101.1316667,0,0
3/29/2025 5:00,28.2,84,East,19,28,0,0,101.1283333,0,0
3/29/2025 6:00,28.1,82,East,24,32,0,0.2,101.165,0,0
3/29/2025 7:00,27.8,81,East South-East,24,31,0,36.83333333,101.2033333,0,0
3/29/2025 8:00,28.2,76,East South-East,24,32,0,143.0833333,101.2533333,0,0
3/29/2025 9:00,28.5,81,East South-East,27,34,0,415,101.2466667,0,0
3/29/2025 10:00,28.8,79,East South-East,25,35,0,724.8833333,101.2483333,0,0
3/29/2025 11:00,28.6,79,East,26,36,0,847.3,101.235,0,0
3/29/2025 12:00,28.6,83,East South-East,28,37,0,892.1333333,101.1716667,0,0
3/29/2025 13:00,27.9,84,East South-East,27,42,0,701.4166667,101.1066667,0,0
3/29/2025 14:00,27.5,85,South-East,28,41,0,608.3666667,101.0333333,0,0
3/29/2025 15:00,28.2,85,East South-East,23,32,0,594.8333333,100.9766667,0,0
3/29/2025 16:00,25.5,88,East South-East,25,52,2.8,401.6666667,100.9666667,0,0
3/29/2025 17:00,28.7,82,East,28,38,0,111.4333333,101.015,0,0
3/29/2025 18:00,28.6,84,East South-East,29,41,0,44.75,101.0383333,0,0
3/29/2025 19:00,28.54111165,82.17852593,East,30.88206406,43.30468474,0,0.466666667,101.1016667,1,0
3/29/2025 20:00,28.4,81,East,33,40,0,0,101.1783333,0,0
3/29/2025 21:00,28.6,78,East,31,45,0,0,101.2333333,0,0
3/29/2025 22:00,28.5,80,East,28,39,0,0,101.2516667,0,0
3/29/2025 23:00,28.7,76,East,28,38,0,0,101.2233333,0,0
3/30/2025 0:00,28.5,78,East,26,36,0,0,101.2166667,0,0
3/30/2025 1:00,28.3,76,East,26,36,0,0,101.1633333,0,0
3/30/2025 2:00,28.1,83,East,27,34,0,0,101.1116667,0,0
3/30/2025 3:00,26.6,82,East South-East,32,43,0,0,101.0733333,0,0
3/30/2025 4:00,28.2,77,East South-East,28,40,0,0,101.0533333,0,0
3/30/2025 5:00,28,77,East,25,38,0,0,101.06,0,0
3/30/2025 6:00,28.1,78,East,24,36,0,0.166666667,101.1083333,0,0
3/30/2025 7:00,28.3,75,East,25,35,0,65.71666667,101.155,0,0
3/30/2025 8:00,28.6,74,East,26,35,0,272.3666667,101.185,0,0
3/30/2025 9:00,28.7,75,East,23,32,0,482.7166667,101.205,0,0
3/30/2025 10:00,28.9,74,East,24,33,0,724.7666667,101.21,0,0
3/30/2025 11:00,29,76,East,23,31,0,859.5,101.195,0,0
3/30/2025 12:00,29.2,75,East,24,33,0,902.4666667,101.115,0,0
3/30/2025 13:00,29.2,74,East,24,31,0,957.3666667,101.0483333,0,0
3/30/2025 14:00,29.1,71,East,24,33,0,852.9166667,100.9683333,0,0
3/30/2025 15:00,29.3,74,East,23,32,0,677.25,100.9233333,0,0
3/30/2025 16:00,29.4,68,East,26,33,0,454.5666667,100.9233333,0,0
3/30/2025 17:00,29.1,73,East,27,35,0,248.2833333,100.955,0,0
3/30/2025 18:00,28.9,77,East,28,39,0,72.03333333,101.0033333,0,0
3/30/2025 19:00,28.9,76,East,25,36,0,0.316666667,101.0933333,0,0
3/30/2025 20:00,28.7,79,East,30,40,0,0,101.1766667,0,0
3/30/2025 21:00,28.6,77,East,30,40,0,0,101.23,0,0
3/30/2025 22:00,28.6,79,East,28,40,0,0,101.2683333,0,0
3/30/2025 23:00,27.6,82,East,24,42,1,0,101.295,0,0
3/31/2025 0:00,28.5,80,East,27,34,0,0,101.2733333,0,0
3/31/2025 1:00,28.3,78,East,25,34,0,0,101.2433333,0,0
3/31/2025 2:00,28.3,78,East,22,32,0,0,101.2133333,0,0
3/31/2025 3:00,28.2,77,East,24,31,0,0,101.1833333,0,0
3/31/2025 4:00,27.4,82,East South-East,31,39,0,0,101.1533333,0,0
3/31/2025 5:00,27.5,84,East South-East,24,34,0,0,101.155,0,0
3/31/2025 6:00,27,84,East South-East,22,34,1.6,0.05,101.1733333,0,0
3/31/2025 7:00,27.95093708,80.76138019,East South-East,21.47536423,31.87372173,0.019586869,66.78333333,101.25,1,0
3/31/2025 8:00,28.5,77,East,23,33,0,285.1166667,101.2916667,0,0
3/31/2025 9:00,28.8,76,East,23,31,0,454.5166667,101.3433333,0,0
3/31/2025 10:00,28.9,76,East,23,32,0,693.6,101.3616667,0,0
3/31/2025 11:00,29,74,East,23,30,0,863.3166667,101.3333333,0,0
3/31/2025 12:00,29.3,75,East,22,29,0,917.8666667,101.2616667,0,0
3/31/2025 13:00,29.3,74,East,24,32,0,862.3833333,101.1833333,0,0
3/31/2025 14:00,29.4,73,East North-East,23,30,0,881.8166667,101.1116667,0,0
3/31/2025 15:00,29.4,74,East,22,28,0,674.1166667,101.0666667,0,0
3/31/2025 16:00,29.2,76,East,23,32,0,425.2166667,101.045,0,0
3/31/2025 17:00,29.2,77,East,21,31,0,240.4333333,101.08,0,0
3/31/2025 18:00,28.6,77,East,22,33,0,72.65,101.1433333,0,0
3/31/2025 19:00,29.12967811,78.70355302,East,24.64581607,35.19360538,0,0.066666667,101.2066667,1,0
3/31/2025 20:00,29,78,East,25,34,0,0,101.2733333,0,0
3/31/2025 21:00,28.9,74,East,24,31,0,0,101.3166667,0,0
3/31/2025 22:00,28.8,77,East,24,31,0,0,101.3583333,0,0
3/31/2025 23:00,28.7,79,East,23,32,0,0,101.37,0,0
4/1/2025 0:00,28.7,81,East,23,31,0,0,101.355,0,0
4/1/2025 1:00,28.7,79,East,22,31,0,0,101.335,0,0
4/1/2025 2:00,28.5,78,East,25,33,0,0,101.3216667,0,0
4/1/2025 3:00,28.5,79,East,26,35,0,0,101.2983333,0,0
4/1/2025 4:00,28.5,79,East,24,32,0,0,101.27,0,0
4/1/2025 5:00,28.5,79,East,27,33,0,0,101.3083333,0,0
4/1/2025 6:00,28.3,80,East,26,34,0,0.166666667,101.3516667,0,0
4/1/2025 7:00,28.6,81,East,24,33,0,58.86666667,101.39,0,0
4/1/2025 8:00,28.8,79,East,24,36,0,279.5166667,101.435,0,0
4/1/2025 9:00,28.66011143,83.29638158,East,25.86474707,36.21220604,0,463.8333333,101.4933333,1,0
4/1/2025 10:00,29.1,76,East,27,35,0,706.0166667,101.505,0,0
4/1/2025 11:00,29.3,79,East,28,37,0,840.4,101.4566667,0,0
4/1/2025 12:00,29.3,77,East North-East,26,33,0,886.9833333,101.385,0,0
4/1/2025 13:00,29.3,78,East North-East,22,31,0,913.7666667,101.3116667,0,0
4/1/2025 14:00,29.5,75,East North-East,23,33,0,856.3,101.245,0,0
4/1/2025 15:00,29.4,76,East North-East,23,28,0,659.9833333,101.1916667,0,0
4/1/2025 16:00,29.4,78,East,22,29,0,450.8666667,101.1516667,0,0
4/1/2025 17:00,29.2,78,East,21,31,0,244.4,101.1566667,0,0
4/1/2025 18:00,29,81,East,22,29,0,60.71666667,101.1983333,0,0
4/1/2025 19:00,28.8,81,East,23,30,0,0.133333333,101.2516667,0,0
4/1/2025 20:00,28.8,82,East,24,32,0,0,101.3066667,0,0
4/1/2025 21:00,28.7,81,East,23,30,0,0,101.355,0,0
4/1/2025 22:00,28.6,82,East,23,33,0,0,101.3683333,0,0
4/1/2025 23:00,28.6,81,East,24,36,1,0,101.38,0,0
4/2/2025 0:00,28.6,82,East,22,33,0,0,101.3683333,0,0
4/2/2025 1:00,28.4,81,East,22,31,0,0,101.32,0,0
4/2/2025 2:00,28.3,83,East,22,28,0,0,101.2833333,0,0
4/2/2025 3:00,27.9,84,East,23,34,0,0,101.2383333,0,0
4/2/2025 4:00,27.6,83,East,28,38,0,0,101.245,0,0
4/2/2025 5:00,27.6,82,East,18,39,0,0,101.2366667,0,0
4/2/2025 6:00,28,84,East,23,29,0,0.116666667,101.2716667,0,0
4/2/2025 7:00,28.4,82,East,19,34,0,64.18333333,101.3016667,0,0
4/2/2025 8:00,28.4,82,East,19,26,0,190.6,101.355,0,0
4/2/2025 9:00,29.3,78,East,22,29,0,476.5166667,101.385,0,0
4/2/2025 10:00,29.3,75,East North-East,21,30,0,704.5333333,101.3916667,0,0
4/2/2025 11:00,29.3,74,East,22,32,0,850.2833333,101.3316667,0,0
4/2/2025 12:00,29.3,74,East,20,28,0,886.8666667,101.2616667,0,0
4/2/2025 13:00,29.5,78,East North-East,19,27,0,961.15,101.17,0,0
4/2/2025 14:00,29.6,77,East,18,26,0,811.8833333,101.1,0,0
4/2/2025 15:00,29.4,75,East,18,25,0,645.1666667,101.0483333,0,0
4/2/2025 16:00,29.6,76,East,17,26,0,439.2833333,101.02,0,0
4/2/2025 17:00,29.3,75,East North-East,20,27,0,243.3,101.0216667,0,0
4/2/2025 18:00,28.9,76,East North-East,20,28,0,53.4,101.0416667,0,0
4/2/2025 19:00,29,77,East,19,26,0,0.15,101.1116667,0,0
4/2/2025 20:00,28.8,76,East,18,25,0,0,101.1833333,0,0
4/2/2025 21:00,28.8,75,East,19,28,0,0,101.2483333,0,0
4/2/2025 22:00,28.7,75,East,20,25,0,0,101.2683333,0,0
4/2/2025 23:00,28.6,77,East,20,27,0,0,101.2533333,0,0
4/3/2025 0:00,28.7,79,East,21,27,0,0,101.2116667,0,0
4/3/2025 1:00,28.5,78,East,19,26,0,0,101.1766667,0,0
4/3/2025 2:00,28.3,78,East,19,24,0,0,101.135,0,0
4/3/2025 3:00,28.3,79,East,19,25,0,0,101.0916667,0,0
4/3/2025 4:00,28.3,79,East,20,26,0,0,101.0783333,0,0
4/3/2025 5:00,28.1,78,East,16,24,0,0,101.075,0,0
4/3/2025 6:00,28.1,78,East,16,23,0,0.566666667,101.115,0,0
4/3/2025 7:00,28.2,76,East,18,23,0,64.45,101.16,0,0
4/3/2025 8:00,28.6,77,East,16,23,0,226.2166667,101.2,0,0
4/3/2025 9:00,28.47517934,81.38608042,East,17.45535442,24.36625758,0,491.8,101.2233333,1,0
4/3/2025 10:00,29.2,74,East,16,22,0,716.9333333,101.2116667,0,0
4/3/2025 11:00,29.2,72,East,15,21,0,771.0833333,101.165,0,0
4/3/2025 12:00,29.3,72,East,12,21,0,860.8333333,101.1116667,0,0
4/3/2025 13:00,29.2,74,East,13,19,0,701.7333333,101.0316667,0,0
4/3/2025 14:00,29,74,East,10,19,0,402.4833333,100.99,0,0
4/3/2025 15:00,29.2,75,East,10,17,0,303.7333333,100.9733333,0,0
4/3/2025 16:00,29,76,East,12,18,0,288.5666667,100.97,0,0
4/3/2025 17:00,28.9,76,East,12,17,0,145.45,100.9966667,0,0
4/3/2025 18:00,28.79519226,78.46624608,East,13.53384408,19.83914351,0,36.88333333,101.0433333,1,0
4/3/2025 19:00,28.7,75,East,10,15,0,0.016666667,101.1,0,0
4/3/2025 20:00,28.7,78,East,13,17,0,0,101.1583333,0,0
4/3/2025 21:00,28.9,78,East,13,18,0,0,101.205,0,0
4/3/2025 22:00,28.7,80,East,15,22,0,0,101.2,0,0
4/3/2025 23:00,28.5,79,East,20,29,0,0,101.1833333,0,0
4/4/2025 0:00,28.2,79,East,17,25,0,0,101.1683333,0,0
4/4/2025 1:00,28.4,81,East,21,27,0,0,101.1083333,0,0
4/4/2025 2:00,28.4,81,East North-East,20,32,0,0,101.0483333,0,0
4/4/2025 3:00,28.4,81,East,24,31,0,0,100.9916667,0,0
4/4/2025 4:00,28.5,81,East North-East,24,33,0,0,100.965,0,0
4/4/2025 5:00,28.4,81,East North-East,25,33,0,0,100.985,0,0
4/4/2025 6:00,28.3,78,East North-East,25,34,0,0.2,101.0583333,0,0
4/4/2025 7:00,28.7,79,East North-East,25,32,0,50.03333333,101.1283333,0,0
4/4/2025 8:00,28.69227353,82.78363211,East North-East,22.78663848,33.94864901,0,276.35,101.1783333,1,0
4/4/2025 9:00,29.4,76,East North-East,20,31,0,443.2333333,101.2283333,0,0
4/4/2025 10:00,29.7,74,North-East,22,30,0,648.7166667,101.225,0,0
4/4/2025 11:00,29.7,74,East North-East,17,30,0,809.4,101.21,0,0
4/4/2025 12:00,29.9,76,East North-East,16,24,0,889.8666667,101.1716667,0,0
4/4/2025 13:00,29.6,78,East North-East,16,23,0,749.9166667,101.11,0,0
4/4/2025 14:00,29.2,77,East,15,30,0,385.3166667,101.0616667,0,0
4/4/2025 15:00,29.3,76,East,16,25,0,325.05,101.025,0,0
4/4/2025 16:00,29.3,75,East North-East,17,24,0,274.7,101.04,0,0
4/4/2025 17:00,29.1,77,East North-East,15,21,0,169.9833333,101.1033333,0,0
4/4/2025 18:00,27.6,77,East,20,35,0,30.03333333,101.1933333,0,0
4/4/2025 19:00,27.93646414,77.88985556,East South-East,12.34569417,22.5931379,0,0,101.2666667,1,0
4/4/2025 20:00,28.8,82,East,12,18,0,0,101.3483333,0,0
4/4/2025 21:00,28.8,80,East,20,25,0,0,101.3933333,0,0
4/4/2025 22:00,28.9,80,East North-East,18,26,0,0,101.4383333,0,0
4/4/2025 23:00,28.8,79,East North-East,20,24,0,0,101.4533333,0,0
4/5/2025 0:00,28.6,79,East North-East,19,25,0,0,101.4233333,0,0
4/5/2025 1:00,28.5,80,East North-East,17,26,0,0,101.3966667,0,0
4/5/2025 2:00,28.5,81,East North-East,15,20,0,0,101.3466667,0,0
4/5/2025 3:00,28.4,81,East North-East,17,22,0,0,101.3133333,0,0
4/5/2025 4:00,28.6,81,East North-East,15,26,0,0,101.2983333,0,0
4/5/2025 5:00,28.6,81,East North-East,19,26,0,0,101.325,0,0
4/5/2025 6:00,28.6,82,East North-East,16,25,0,0.05,101.39,0,0
4/5/2025 7:00,28.9,79,East North-East,17,22,0,61.36666667,101.475,0,0
4/5/2025 8:00,29.3,78,East North-East,18,24,0,270.95,101.5216667,0,0
4/5/2025 9:00,29.7,78,East North-East,18,25,0,478.4666667,101.5833333,0,0
4/5/2025 10:00,29.6,77,East North-East,20,27,0,619.2666667,101.605,0,0
4/5/2025 11:00,29.5,78,East North-East,21,26,0,707.3666667,101.5616667,0,0
4/5/2025 12:00,29.5,78,East North-East,18,28,0,855.7,101.485,0,0
4/5/2025 13:00,29.8,76,East North-East,21,30,0,864.5,101.4166667,0,0
4/5/2025 14:00,29.7,76,East,20,26,0,850.2333333,101.365,0,0
4/5/2025 15:00,29.7,75,East North-East,21,27,0,655.1,101.3333333,0,0
4/5/2025 16:00,29.7,77,East,21,27,0,441.6166667,101.3333333,0,0
4/5/2025 17:00,29.7,78,East,24,31,0,226.1333333,101.3666667,0,0
4/5/2025 18:00,29.3,81,East,18,29,0,48.15,101.445,0,0
4/5/2025 19:00,29.28888051,81.75002593,East,21.26605284,29.6856166,0,0.033333333,101.5316667,1,0
4/5/2025 20:00,29.2,84,East,24,30,0,0,101.5916667,0,0
4/5/2025 21:00,29.2,83,East,25,35,0,0,101.6383333,0,0
4/5/2025 22:00,29.2,81,East,28,37,0,0,101.6733333,0,0
4/5/2025 23:00,29.1,80,East,28,35,0,0,101.7016667,0,0
4/6/2025 0:00,28.9,82,East,26,36,0,0,101.695,0,0
4/6/2025 1:00,28.9,79,East,26,35,0,0,101.6616667,0,0
4/6/2025 2:00,28.8,82,East,24,33,0,0,101.615,0,0
4/6/2025 3:00,28.7,81,East,26,33,0,0,101.545,0,0
4/6/2025 4:00,28.6,80,East,25,33,0,0,101.5033333,0,0
4/6/2025 5:00,28.6,82,East,25,34,0,0,101.4883333,0,0
4/6/2025 6:00,28.4,80,East,24,33,0,0.1,101.51,0,0
4/6/2025 7:00,28.7,81,East,22,31,0,59.15,101.5716667,0,0
4/6/2025 8:00,28.8,82,East,22,31,0,207.7333333,101.615,0,0
4/6/2025 9:00,29,79,East,23,33,0,411.4666667,101.65,0,0
4/6/2025 10:00,29.2,78,East,24,32,0,623.4,101.6366667,0,0
4/6/2025 11:00,29.1,77,East,24,30,0,811.1666667,101.595,0,0
4/6/2025 12:00,29.3,76,East,23,32,0,803.1,101.5066667,0,0
4/6/2025 13:00,29.5,74,East South-East,21,31,0,917.2166667,101.4333333,0,0
4/6/2025 14:00,29.4,72,East South-East,23,33,0,730.5,101.3833333,0,0
4/6/2025 15:00,29.4,74,East South-East,23,31,0,627.6166667,101.3333333,0,0
4/6/2025 16:00,29.5,78,East South-East,21,32,0,416.6333333,101.3333333,0,0
4/6/2025 17:00,29.4,75,East South-East,26,36,0,190.0333333,101.36,0,0
4/6/2025 18:00,29.2,80,East South-East,26,35,0,47.96666667,101.41,0,0
4/6/2025 19:00,29.1,79,East South-East,29,37,0,0.05,101.4733333,0,0
4/6/2025 20:00,29,79,East South-East,28,36,0,0,101.5433333,0,0
4/6/2025 21:00,28.9,80,East South-East,26,39,0,0,101.59,0,0
4/6/2025 22:00,28.9,80,East South-East,27,38,0,0,101.6066667,0,0
4/6/2025 23:00,28.8,78,East South-East,29,40,0,0,101.5816667,0,0
4/7/2025 0:00,28.6,81,East South-East,29,37,0,0,101.5416667,0,0
4/7/2025 1:00,28.6,77,East South-East,26,37,0,0,101.4916667,0,0
4/7/2025 2:00,28.4,77,East South-East,25,35,0,0,101.4233333,0,0
4/7/2025 3:00,28.3,78,East South-East,25,38,0,0,101.38,0,0
4/7/2025 4:00,28.1,80,East South-East,28,37,0,0,101.3366667,0,0
4/7/2025 5:00,28.4,79,East South-East,27,36,0,0,101.3283333,0,0
4/7/2025 6:00,28,83,East,24,36,0,0.15,101.3683333,0,0
4/7/2025 7:00,28.4,80,East South-East,29,40,0,52.35,101.3966667,0,0
4/7/2025 8:00,28.46070639,82.01512478,East South-East,30.11253691,42.09745432,0,266.6166667,101.41,1,0
4/7/2025 9:00,28.9,78,East South-East,29,37,0,465.9666667,101.4283333,0,0
4/7/2025 10:00,29,76,East South-East,30,39,0,626.9166667,101.4216667,0,0
4/7/2025 11:00,29,76,East South-East,28,38,0,813.85,101.3816667,0,0
4/7/2025 12:00,29.2,76,East South-East,27,36,0,870.0666667,101.2883333,0,0
4/7/2025 13:00,29.1,78,East South-East,29,38,0,909.5333333,101.19,0,0
4/7/2025 14:00,29.3,77,East South-East,28,44,0,831.3833333,101.1333333,0,0
4/7/2025 15:00,29.1,79,East South-East,30,41,0,611.8,101.0866667,0,0
4/7/2025 16:00,29.2,80,East South-East,30,43,0,422.4666667,101.06,0,0
4/7/2025 17:00,29.1,81,East South-East,27,38,0,211.35,101.0816667,0,0
4/7/2025 18:00,28.91901635,81.86136322,East South-East,30.41419155,42.81424738,0,52.2,101.1216667,1,0
4/7/2025 19:00,28.5,83,East South-East,30,37,0,0.1,101.18,0,0
4/7/2025 20:00,28.4,84,East South-East,28,40,0,0,101.24,0,0
4/7/2025 21:00,27.9,82,East South-East,28,44,0,0,101.29,0,0
4/7/2025 22:00,28.4,83,East,18,29,0,0,101.3116667,0,0
4/7/2025 23:00,28.6,80,East,22,32,0,0,101.2933333,0,0
4/8/2025 0:00,27.3,89,East South-East,16,45,0.6,0,101.2866667,0,0
4/8/2025 1:00,28.5,81,East,27,35,0,0,101.2383333,0,0
4/8/2025 2:00,28.4,80,East,29,36,0,0,101.17,0,0
4/8/2025 3:00,28.3,81,East,26,36,0,0,101.1266667,0,0
4/8/2025 4:00,28.2,80,East South-East,26,40,0,0,101.0916667,0,0
4/8/2025 5:00,28.29346347,81.32313616,East South-East,26.20333901,34.85407182,0,0,101.11,1,0
4/8/2025 6:00,28.38030114,80.18066907,East South-East,27.82242413,39.68299349,0,0.116666667,101.1683333,1,0
4/8/2025 7:00,28.3047202,80.83342892,East,28.05636038,38.85302258,0,25.75,101.2333333,1,0
4/8/2025 8:00,28.41246324,80.47228679,East,28.29029663,39.19255613,0,144.65,101.2683333,1,0
4/8/2025 9:00,28.38673356,81.4006465,East,29.9278504,42.55016573,0,366.05,101.2883333,1,0
4/8/2025 10:00,28.51216575,79.97348022,East,30.30337964,41.94655052,0,552.4833333,101.28,1,0
4/8/2025 11:00,28.41407135,79.44139809,East,29.42304059,38.96620043,0,391.5166667,101.2716667,1,0
4/8/2025 12:00,28.5571927,79.6935756,East,28.86282483,39.34345993,0,791.2333333,101.2033333,1,0
4/8/2025 13:00,28.66332764,78.2789996,East,29.4969152,40.89022391,0,885.6,101.1383333,1,0
4/8/2025 14:00,28.75498963,79.85467139,East South-East,30.02634987,41.98427647,0,837.3,101.0916667,1,0
4/8/2025 15:00,28.78875983,78.79021956,East South-East,31.54693551,42.96515118,0,683.8,101.0466667,1,0
4/8/2025 16:00,28.80323278,79.49393446,East South-East,32.69814812,43.9460259,0,471.2333333,101.0283333,1,0
4/8/2025 17:00,28.80644899,78.30144268,East South-East,32.90745951,45.34188607,0,229.35,101.06,1,0
4/8/2025 18:00,28.8096652,77.50886645,East South-East,32.76586651,43.7951221,0,52.41666667,101.1033333,1,0
4/8/2025 19:00,28.66171953,78.87483216,East South-East,32.46421187,49.18993302,0,0.05,101.155,1,0
4/8/2025 20:00,28.62955743,79.78781356,East South-East,32.23643183,43.22923284,0,0,101.215,1,0
4/8/2025 21:00,28.46070639,81.37182029,East,30.8266581,45.41733797,0,0,101.2733333,1,0
4/8/2025 22:00,28.61508448,80.53588892,East South-East,31.06059436,44.05920375,0,0,101.295,1,0
4/8/2025 23:00,28.57809807,81.24183296,East,30.61734672,43.26695879,0,0,101.2766667,1,0
4/9/2025 0:00,28.11818001,82.60508008,East,29.92169418,47.00182789,0.137108077,0,101.2683333,1,0
4/9/2025 1:00,28.40281461,81.83445025,East,29.42919681,43.68194424,0,0,101.245,1,0
4/9/2025 2:00,28.47196313,80.67069832,East,30.05713096,43.45558854,0,0,101.23,1,0
4/9/2025 3:00,28.39477409,80.36670615,East South-East,28.78895022,40.02252704,0,0,101.21,1,0
4/9/2025 4:00,28.240396,80.14478479,East South-East,29.93400661,44.70054491,0,0,101.185,1,0
4/9/2025 5:00,28.2,74,East South-East,34,45,0,0,101.1733333,0,0
4/9/2025 6:00,28.1,73,East South-East,35,48,0,0.166666667,101.2166667,0,0
4/9/2025 7:00,28.2,71,East South-East,33,44,0,93.28333333,101.2733333,0,0
4/9/2025 8:00,28.3,70,East South-East,33,45,0,242.0833333,101.315,0,0
4/9/2025 9:00,28.3,72,East South-East,33,46,0,381.45,101.3833333,0,0
4/9/2025 10:00,28.4,74,East South-East,27,43,0,441.9666667,101.4,0,0
4/9/2025 11:00,28,78,East South-East,30,41,0,571.5166667,101.3633333,0,0
4/9/2025 12:00,28.8,74,East South-East,35,52,0,751,101.295,0,0
4/9/2025 13:00,28.8,71,East South-East,33,48,0,891.8,101.2266667,0,0
4/9/2025 14:00,28.8,70,East South-East,32,43,0,791.7833333,101.1783333,0,0
4/9/2025 15:00,28.9,67,East South-East,29,40,0,654.75,101.1483333,0,0
4/9/2025 16:00,28.9,66,East South-East,30,40,0,436.9166667,101.125,0,0
4/9/2025 17:00,28.7,67,East South-East,26,38,0,230.9166667,101.1616667,0,0
4/9/2025 18:00,28.5,70,East South-East,29,40,0,51.48333333,101.2116667,0,0
4/9/2025 19:00,28.5,73,East South-East,28,40,0,0.05,101.2533333,0,0
4/9/2025 20:00,28.3,73,East South-East,28,39,0,0,101.335,0,0
4/9/2025 21:00,28.2,74,East South-East,27,37,0,0,101.4233333,0,0
4/9/2025 22:00,28.1,73,East South-East,24,37,0,0,101.44,0,0
4/9/2025 23:00,28.1,76,East South-East,28,37,0,0,101.4116667,0,0
4/10/2025 0:00,28.2,74,East South-East,29,43,0,0,101.3616667,0,0
4/10/2025 1:00,28.1,74,East South-East,28,39,0,0,101.3283333,0,0
4/10/2025 2:00,28,72,East South-East,28,40,0,0,101.2666667,0,0
4/10/2025 3:00,27.9,73,East South-East,29,41,0,0,101.24,0,0
4/10/2025 4:00,27.9,71,East South-East,27,39,0,0,101.2433333,0,0
4/10/2025 5:00,27.9,74,East South-East,28,40,0,0,101.2466667,0,0
4/10/2025 6:00,27.9,75,East South-East,26,37,0,0,101.285,0,0
4/10/2025 7:00,27.8,80,East South-East,28,37,0,16.8,101.3266667,0,0
4/10/2025 8:00,28,77,East South-East,33,40,0,80,101.3483333,0,0
4/10/2025 9:00,28.1,78,East South-East,31,45,0,302.0833333,101.3433333,0,0
4/10/2025 10:00,28.1,80,East South-East,31,44,0,470.0666667,101.3566667,0,0
4/10/2025 11:00,28.3,80,East South-East,33,46,0.2,265.6333333,101.3683333,0,0
4/10/2025 12:00,28.3,81,East South-East,32,46,0,700.3166667,101.3016667,0,0
4/10/2025 13:00,28.7,80,East South-East,31,41,0,923.2166667,101.24,0,0
4/10/2025 14:00,29,79,East South-East,27,41,0,666.25,101.1716667,0,0
4/10/2025 15:00,28.8,80,East,24,39,0,594.7666667,101.1383333,0,0
4/10/2025 16:00,29,76,East,26,36,0,408.4333333,101.1333333,0,0
4/10/2025 17:00,29,74,East,26,34,0,207.1166667,101.15,0,0
4/10/2025 18:00,28.8,78,East,27,36,0,39.16666667,101.2583333,0,0
4/10/2025 19:00,28.6,74,East,24,39,0,0.016666667,101.335,0,0
4/10/2025 20:00,28.7,75,East,21,31,0,0,101.37,0,0
4/10/2025 21:00,28.4,76,East South-East,18,27,0,0,101.3966667,0,0
4/10/2025 22:00,28.4,79,East South-East,21,31,0,0,101.4316667,0,0
4/10/2025 23:00,28.4,78,East,25,33,0,0,101.415,0,0
4/11/2025 0:00,28.4,79,East,25,33,0,0,101.405,0,0
4/11/2025 1:00,28.4,80,East,24,34,0,0,101.345,0,0
4/11/2025 2:00,28.1,80,East South-East,23,38,0,0,101.2966667,0,0
4/11/2025 3:00,28.2,79,East South-East,24,32,0,0,101.2583333,0,0
4/11/2025 4:00,28.1,80,East South-East,24,36,0,0,101.245,0,0
4/11/2025 5:00,28,81,East South-East,26,35,0,0,101.2566667,0,0
4/11/2025 6:00,28,80,East South-East,25,36,0,0.033333333,101.2533333,0,0
4/11/2025 7:00,28.2,81,South-East,26,38,0,52.85,101.2266667,0,0
4/11/2025 8:00,28.6,79,East South-East,20,32,0,273.4833333,101.2916667,0,0
4/11/2025 9:00,28.9,77,East South-East,24,33,0,441,101.365,0,0
4/11/2025 10:00,29,79,East South-East,27,36,0,649.1166667,101.3966667,0,0
4/11/2025 11:00,28.9,77,East,23,37,0,701.8166667,101.3633333,0,0
4/11/2025 12:00,29.2,78,East,23,31,0,855.3333333,101.2883333,0,0
4/11/2025 13:00,29.3,79,East,23,32,0,868.1,101.2066667,0,0
4/11/2025 14:00,27.4,87,East,24,42,0,538.7166667,101.16,0,0
4/11/2025 15:00,28.3,84,East North-East,17,27,0,267.1166667,101.1316667,0,0
4/11/2025 16:00,28.2,82,East,21,30,0,256.6166667,101.115,0,0
4/11/2025 17:00,28.1,81,East,19,27,0,110.3,101.1516667,0,0
4/11/2025 18:00,28.1,82,East,20,26,0,25.88333333,101.1866667,0,0
4/11/2025 19:00,28,82,East,19,27,0,0,101.25,0,0
4/11/2025 20:00,28.3,83,East,20,26,0,0,101.3166667,0,0
4/11/2025 21:00,28.2,84,East,23,29,0,0,101.3733333,0,0
4/11/2025 22:00,28.2,82,East,23,30,0,0,101.3916667,0,0
4/11/2025 23:00,28.1,85,East,18,26,0,0,101.37,0,0
4/12/2025 0:00,26,93,North-East,9,42,7.4,0,101.3633333,0,0
4/12/2025 1:00,26.5,90,NA,17,31,0,0,101.2766667,0,0
4/12/2025 2:00,26.5,87,NA,10,23,0,0,101.2133333,0,0
4/12/2025 3:00,26.4,88,NA,7,19,0,0,101.1816667,0,0
4/12/2025 4:00,26.6,84,NA,8,18,0,0,101.16,0,0
4/12/2025 5:00,26.9,84,NA,7,15,0,0,101.175,0,0
4/12/2025 6:00,26.9,85,North,5,11,0,0,101.2316667,0,0
4/12/2025 7:00,27.8,79,North-East,5,12,0,53.96666667,101.2583333,0,0
4/12/2025 8:00,27.4,86,East South-East,9,13,0,167.8833333,101.2983333,0,0
4/12/2025 9:00,28.1,83,East South-East,12,17,0,399.65,101.355,0,0
4/12/2025 10:00,28.1,83,South-East,14,18,0,577.7833333,101.3533333,0,0
4/12/2025 11:00,28.4,81,South-East,13,19,0,608.1833333,101.2966667,0,0
4/12/2025 12:00,28.3,81,South-East,14,21,0,697.0166667,101.215,0,0
4/12/2025 13:00,28.7,78,East South-East,12,21,0,905.6,101.14,0,0
4/12/2025 14:00,28.8,73,East,13,19,0,823.1833333,101.085,0,0
4/12/2025 15:00,28.9,71,East,12,18,0,652.9166667,101.0433333,0,0
4/12/2025 16:00,29,72,East,10,19,0,441.8,101.0166667,0,0
4/12/2025 17:00,28.8,76,South-East,14,23,0,211.0833333,101.0133333,0,0
4/12/2025 18:00,28.3,76,East South-East,13,20,0,28.61666667,101.06,0,0
4/12/2025 19:00,28.4,76,South-East,19,25,0,0.016666667,101.105,0,0
4/12/2025 20:00,28.5,77,South-East,19,25,0,0,101.17,0,0
4/12/2025 21:00,28.5,78,East South-East,20,26,0,0,101.215,0,0
4/12/2025 22:00,28.4,78,East South-East,22,29,0,0,101.2283333,0,0
4/12/2025 23:00,28.3,81,East South-East,21,28,0,0,101.2233333,0,0
4/13/2025 0:00,28.2,81,East South-East,18,27,0,0,101.195,0,0
4/13/2025 1:00,27.9,83,East South-East,23,30,0,0,101.1383333,0,0
4/13/2025 2:00,27.9,80,East South-East,21,28,0,0,101.0916667,0,0
4/13/2025 3:00,28,76,East South-East,21,29,0,0,101.05,0,0
4/13/2025 4:00,27.8,78,East South-East,21,39,0,0,101.0283333,0,0
4/13/2025 5:00,26.4,86,East South-East,30,45,0,0,101.03,0,0
4/13/2025 6:00,27.6,79,South-East,20,52,4,0,101.095,0,0
4/13/2025 7:00,27.7,78,East South-East,20,30,0,12.05,101.1633333,0,0
4/13/2025 8:00,28.2,77,East South-East,21,35,0,174.2833333,101.1833333,0,0
4/13/2025 9:00,28.4,77,East South-East,24,32,0,489.1333333,101.19,0,0
4/13/2025 10:00,28.5,77,East South-East,26,34,0,623.05,101.1983333,0,0
4/13/2025 11:00,28.6,77,East,24,34,0,813.9333333,101.1666667,0,0
4/13/2025 12:00,28.7,77,East,21,35,0,841.2833333,101.1016667,0,0
4/13/2025 13:00,28.8,78,East,21,28,0,878.0333333,101.0483333,0,0
4/13/2025 14:00,28.9,75,East,19,31,0,656.7666667,100.995,0,0
4/13/2025 15:00,29.1,78,East,20,26,0,635.4333333,100.955,0,0
4/13/2025 16:00,28.8,78,East,18,30,0,396.7833333,100.9466667,0,0
4/13/2025 17:00,28.8,78,East South-East,22,31,0,194.4333333,100.9666667,0,0
4/13/2025 18:00,28.7,78,East South-East,24,31,0,28.28333333,101.0183333,0,0
4/13/2025 19:00,28.5,80,East South-East,27,35,0,0,101.065,0,0
4/13/2025 20:00,27.9,84,East,25,34,0,0,101.1383333,0,0
4/13/2025 21:00,28,82,East,23,33,0,0,101.1883333,0,0
4/13/2025 22:00,28.1,82,East,22,33,0,0,101.2166667,0,0
4/13/2025 23:00,27.2,84,East,21,36,0,0,101.21,0,0
4/14/2025 0:00,27.8,82,East,17,26,0,0,101.2216667,0,0
4/14/2025 1:00,27.9,79,East,18,24,0,0,101.165,0,0
4/14/2025 2:00,27,84,East,18,33,0,0,101.1216667,0,0
4/14/2025 3:00,27.5,84,East South-East,18,30,0,0,101.105,0,0
4/14/2025 4:00,27.9,81,East,23,31,0,0,101.0683333,0,0
4/14/2025 5:00,27.7,82,East,23,31,0,0,101.0533333,0,0
4/14/2025 6:00,27.5,82,East,25,37,0.2,0.016666667,101.09,0,0
4/14/2025 7:00,27.9,79,East,27,38,0,27.63333333,101.14,0,0
4/14/2025 8:00,28.3,77,East,30,41,0,248.0333333,101.1783333,0,0
4/14/2025 9:00,28.4,79,East,27,38,0,469.6666667,101.215,0,0
4/14/2025 10:00,28.5,77,East,27,37,0,607.5,101.2483333,0,0
4/14/2025 11:00,28.7,78,East,26,35,0,773.3,101.21,0,0
4/14/2025 12:00,28.8,79,East,22,36,0,929.05,101.15,0,0
4/14/2025 13:00,29,77,East North-East,23,32,0,838.0333333,101.1,0,0
4/14/2025 14:00,28,80,East North-East,19,39,0,621.7333333,101.0583333,0,0
4/14/2025 15:00,28.8,77,East North-East,19,35,0,512.1333333,101.005,0,0
4/14/2025 16:00,28.9,79,East,20,35,0,474.5333333,100.9933333,0,0
4/14/2025 17:00,27.8,85,East,24,38,0,232.4,101.0116667,0,0
4/14/2025 18:00,26.4,89,East South-East,24,46,0.8,37.33333333,101.0533333,0,0
4/14/2025 19:00,28,82,East,18,26,0,0,101.1033333,0,0
4/14/2025 20:00,27.1,90,North-East,9,42,2.2,0,101.1483333,0,0
4/14/2025 21:00,27.7,87,East North-East,22,42,2,0,101.15,0,0
4/14/2025 22:00,28.3,82,East North-East,24,33,0.2,0,101.1416667,0,0
4/14/2025 23:00,28.5,81,East North-East,23,31,0,0,101.1433333,0,0
4/15/2025 0:00,28.3,81,East North-East,22,30,0,0,101.1016667,0,0
4/15/2025 1:00,28.4,83,East North-East,20,30,0,0,101.0466667,0,0
4/15/2025 2:00,27.7,84,East North-East,21,36,1,0,100.9983333,0,0
4/15/2025 3:00,28.2,81,North-East,22,31,0,0,100.9533333,0,0
4/15/2025 4:00,28.2,81,North-East,19,30,0,0,100.9283333,0,0
4/15/2025 5:00,28.2,81,North-East,17,30,0,0,100.9216667,0,0
4/15/2025 6:00,28.1,83,North-East,23,31,0,0.033333333,100.9416667,0,0
4/15/2025 7:00,28.4,83,North-East,15,26,0,43.13333333,101.0316667,0,0
4/15/2025 8:00,28.6,81,North-East,12,23,0,175.4833333,101.1066667,0,0
4/15/2025 9:00,27,87,North-East,27,36,1,335.7166667,101.1283333,0,0
4/15/2025 10:00,29,75,North-East,8,30,0.2,516.6,101.155,0,0
4/15/2025 11:00,29.5,75,North North-East,13,24,0,687.3166667,101.105,0,0
4/15/2025 12:00,28.4,80,North North-East,11,28,0,711.0333333,101.0183333,0,0
4/15/2025 13:00,29.7,80,North-East,12,18,0,743.75,100.9333333,0,0
4/15/2025 14:00,29.6,79,North North-East,10,22,0,566,100.8433333,0,0
4/15/2025 15:00,29.9,76,North,10,20,0,504.8166667,100.8116667,0,0
4/15/2025 16:00,29.2,79,North North-West,9,15,0,208.0333333,100.7916667,0,0
4/15/2025 17:00,28.8,82,North,8,16,0,69.68333333,100.8083333,0,0
4/15/2025 18:00,27.2,87,North-West,5,29,0.4,7.633333333,100.8416667,0,0
4/15/2025 19:00,25.6,94,North North-West,17,35,14,0,100.9083333,0,0
4/15/2025 20:00,25.8,92,NA,13,35,2.4,0,100.9916667,0,0
4/15/2025 21:00,27.4,82,NA,15,32,0,0,100.9833333,0,0
4/15/2025 22:00,27.2,89,NA,5,23,0,0,101.0116667,0,0
4/15/2025 23:00,27,89,NA,3,23,0,0,100.935,0,0
4/16/2025 0:00,27.4,88,North,2,13,0,0,100.8983333,0,0
4/16/2025 1:00,26.3,90,West,4,20,1.6,0,100.83,0,0
4/16/2025 2:00,27,92,West,3,18,0,0,100.78,0,0
4/16/2025 3:00,26.9,87,West,5,18,0,0,100.7133333,0,0
4/16/2025 4:00,26.3,90,West North-West,6,12,0,0,100.695,0,0
4/16/2025 5:00,25.2,90,North-West,4,33,5.9,0,100.7016667,0,0
4/16/2025 6:00,25.9,95,West North-West,11,18,0.6,0,100.7666667,0,0
4/16/2025 7:00,25.5,94,South-West,8,22,15.6,2.05,100.8633333,0,0
4/16/2025 8:00,25.5,94,NA,3,24,10.7,28.46666667,100.9433333,0,0
4/16/2025 9:00,25.7,94,NA,25,36,0.4,47.23333333,101.0216667,0,0
4/16/2025 10:00,24.7,94,NA,9,25,10.1,6.366666667,101.1033333,0,0
4/16/2025 11:00,24.2,93,NA,18,32,8.4,4.116666667,101.1166667,0,0
4/16/2025 12:00,24,93,NA,6,24,1.6,5.533333333,101.055,0,0
4/16/2025 13:00,23.9,86,NA,6,23,4,11.33333333,100.96,0,0
4/16/2025 14:00,25.5,84,NA,17,23,0.8,25.63333333,100.72,0,0
4/16/2025 15:00,26,80,NA,18,26,0,67.73333333,100.725,0,0
4/16/2025 16:00,26.4,81,East North-East,16,23,0,239.2166667,100.745,0,0
4/16/2025 17:00,26.8,83,East North-East,20,26,0,183.0666667,100.7866667,0,0
4/16/2025 18:00,27.1,79,East North-East,22,30,0,20.83333333,100.8416667,0,0
4/16/2025 19:00,27.1,87,North-East,22,30,0,0,100.88,0,0
4/16/2025 20:00,26.9,87,North North-East,18,29,0,0,100.9183333,0,0
4/16/2025 21:00,27,83,North North-East,19,32,0,0,100.9016667,0,0
4/16/2025 22:00,27.2,84,North North-West,14,26,0,0,100.91,0,0
4/16/2025 23:00,27.4,84,North North-West,16,26,0,0,100.9116667,0,0
4/17/2025 0:00,27.3,85,North North-West,18,32,0,0,100.8933333,0,0
4/17/2025 1:00,27.4,85,North North-West,18,31,0,0,100.8166667,0,0
4/17/2025 2:00,27.6,84,North North-West,15,27,0,0,100.71,0,0
4/17/2025 3:00,27.6,84,North North-West,10,28,0,0,100.6316667,0,0
4/17/2025 4:00,27.1,88,North-West,3,19,0,0,100.5933333,0,0
4/17/2025 5:00,27.4,87,West North-West,9,16,0,0,100.6733333,0,0
4/17/2025 6:00,28,83,North-West,15,24,0,0.033333333,100.7333333,0,0
4/17/2025 7:00,28.2,84,North-West,13,26,0,44.8,100.8033333,0,0
4/17/2025 8:00,28.5,82,North-West,12,28,0,180.9666667,100.7933333,0,0
4/17/2025 9:00,28.9,79,North-West,13,23,0,218.4333333,100.85,0,0
4/17/2025 10:00,29.3,78,North-West,16,26,0,419.95,100.895,0,0
4/17/2025 11:00,29.3,77,North-West,17,32,0,352.9333333,100.9,0,0
4/17/2025 12:00,28.8,77,West,18,38,0,433.4166667,100.825,0,0
4/17/2025 13:00,29.5,71,West,10,31,0,654.6166667,100.7866667,0,0
4/17/2025 14:00,29.9,72,West,6,19,0,597.1,100.745,0,0
4/17/2025 15:00,26.1,91,North North-West,22,36,0.8,170.8666667,100.73,0,0
4/17/2025 16:00,26.1,92,North North-West,10,37,1,37.63333333,100.7783333,0,0
4/17/2025 17:00,26.7,89,North North-West,8,16,0,160.95,100.795,0,0
4/17/2025 18:00,26.7,86,North,5,11,0,12.78333333,100.8366667,0,0
4/17/2025 19:00,25.7,91,West South-West,3,7,0,0,100.9433333,0,0
4/17/2025 20:00,26.7,87,South-East,4,7,0,0,101.0483333,0,0
4/17/2025 21:00,25.9,91,South,0,8,0.2,0,101.0766667,0,0
4/17/2025 22:00,25.3,91,South-West,11,31,0,0,101.135,0,0
4/17/2025 23:00,25.5,92,West South-West,6,23,0.2,0,101.0966667,0,0
4/18/2025 0:00,25.3,94,South-West,2,11,0,0,101.085,0,0
4/18/2025 1:00,24.8,95,West South-West,2,6,0,0,101.0266667,0,0
4/18/2025 2:00,24.8,95,West South-West,0,4,0,0,100.98,0,0
4/18/2025 3:00,26.3,90,East North-East,10,14,0,0,101.015,0,0
4/18/2025 4:00,27.2,88,East,13,17,0,0,101.01,0,0
4/18/2025 5:00,27.3,87,East,11,17,0,0,100.9816667,0,0
4/18/2025 6:00,27.5,87,East North-East,10,15,0,0,101.0266667,0,0
4/18/2025 7:00,27,90,North-East,9,16,0,17.76666667,101.0716667,0,0
4/18/2025 8:00,27.8,83,North-East,11,17,0,172.6333333,101.0916667,0,0
4/18/2025 9:00,27.9,82,East North-East,13,17,0,341.3333333,101.1933333,0,0
4/18/2025 10:00,28.3,81,East North-East,18,24,0,352.65,101.2733333,0,0
4/18/2025 11:00,27.84319404,85.82303656,East North-East,18.32338104,26.13937725,0,579.8166667,101.2066667,1,0
4/18/2025 12:00,28.10370706,84.32763993,East North-East,16.93207596,27.30888172,0,648.7666667,101.12,1,0
4/18/2025 13:00,27.99435592,84.61264082,East North-East,18.08944479,25.76211774,0,307.25,101.0233333,1,0
4/18/2025 14:00,27.95415329,86.16344517,East North-East,17.52307281,25.04532468,0,328.2166667,101,1,0
4/18/2025 15:00,27.96541003,85.41020415,East,16.16254881,22.97039741,0,198.95,100.955,1,0
4/18/2025 16:00,28.10531517,84.72141591,East,16.79663918,23.38538286,0,80.45,100.9516667,1,0
4/18/2025 17:00,28.28703104,83.26188878,East,15.91630013,22.8949455,0,20.35,101.0233333,1,0
4/18/2025 18:00,28.35296335,83.21619677,East South-East,16.35954776,24.10217592,0,4.2,101.0866667,1,0
4/18/2025 19:00,27.40739755,86.68205798,East South-East,17.09213761,26.74299246,3.422805219,0,101.1616667,1,0
4/18/2025 20:00,28.1,87,East South-East,16,24,0.4,0,101.2266667,0,0
4/18/2025 21:00,24.7,97,North North-East,13,48,45.4,0,101.365,0,0
4/18/2025 22:00,24.6,97,NA,11,24,15,0,101.385,0,0
4/18/2025 23:00,25.6,92,NA,18,33,0.2,0,101.335,0,0
4/19/2025 0:00,26.4,88,NA,22,30,0,0,101.3033333,0,0
4/19/2025 1:00,27.2,84,East South-East,21,30,0,0,101.2283333,0,0
4/19/2025 2:00,27.2,90,East South-East,27,35,0,0,101.1683333,0,0
4/19/2025 3:00,27.4,90,East South-East,23,50,0,0,101.115,0,0
4/19/2025 4:00,27.4,88,East South-East,26,36,0,0,101.12,0,0
4/19/2025 5:00,27,92,East,21,37,7.2,0,101.1283333,0,0
4/19/2025 6:00,26.4,92,NA,24,41,0.2,0,101.1916667,0,0
4/19/2025 7:00,27.5,90,East,26,43,0,37.78333333,101.2633333,0,0
4/19/2025 8:00,28,83,East,29,37,0,164.1,101.2933333,0,0
4/19/2025 9:00,28.6,86,East,27,37,0,211.6333333,101.36,0,0
4/19/2025 10:00,26.7,88,East,27,47,0.4,198.8333333,101.3983333,0,0
4/19/2025 11:00,27.4,92,East,28,35,6.2,196,101.35,0,0
4/19/2025 12:00,27.4,89,East South-East,30,48,2.4,179.7333333,101.2566667,0,0
4/19/2025 13:00,25.9,94,East,27,47,16,39.75,101.2333333,0,0
4/19/2025 14:00,24.7,94,NA,33,48,13.2,20.83333333,101.2283333,0,0
4/19/2025 15:00,25.7,93,NA,14,32,1.2,22.25,101.215,0,0
4/19/2025 16:00,26.3,93,NA,21,32,0.6,36.23333333,101.2083333,0,0
4/19/2025 17:00,26.6,94,NA,19,30,2.8,30.26666667,101.2683333,0,0
4/19/2025 18:00,26.6,93,NA,20,32,1.6,1.333333333,101.335,0,0
4/19/2025 19:00,27.3,92,NA,23,29,0,0,101.3583333,0,0
4/19/2025 20:00,27.6,88,NA,23,33,0,0,101.39,0,0
4/19/2025 21:00,27.5,90,NA,15,27,1.4,0,101.4616667,0,0
4/19/2025 22:00,27.4,91,NA,15,20,2,0,101.4516667,0,0
4/19/2025 23:00,27.2,82,East South-East,20,36,0.4,0,101.3933333,0,0
4/20/2025 0:00,28,88,East South-East,16,31,0,0,101.3683333,0,0
4/20/2025 1:00,28.4,86,East,22,28,0,0,101.3283333,0,0
4/20/2025 2:00,28.4,84,East,22,30,0,0,101.25,0,0
4/20/2025 3:00,28.2,85,East,20,27,0,0,101.2233333,0,0
4/20/2025 4:00,27.4,90,East North-East,14,48,1.6,0,101.235,0,0
4/20/2025 5:00,27.3,89,East North-East,17,28,1.4,0,101.24,0,0
4/20/2025 6:00,28.2,86,East South-East,24,31,0,0.216666667,101.2666667,0,0
4/20/2025 7:00,28.4,86,East South-East,26,34,0,38.48333333,101.3,0,0
4/20/2025 8:00,28.5,83,East South-East,27,35,0,269.95,101.3266667,0,0
4/20/2025 9:00,28.1,88,East South-East,28,37,0,219.1166667,101.385,0,0
4/20/2025 10:00,28.5,83,East South-East,30,42,0,505.3666667,101.38,0,0
4/20/2025 11:00,28.7,83,East,27,41,0,658.3166667,101.3266667,0,0
4/20/2025 12:00,28.9,84,East,26,35,0,733.3333333,101.26,0,0
4/20/2025 13:00,28.9,81,East,24,32,0,780.5833333,101.2083333,0,0
4/20/2025 14:00,29.1,80,East,22,33,0,733.6666667,101.1533333,0,0
4/20/2025 15:00,29,83,East,26,32,0,493.4666667,101.1033333,0,0
4/20/2025 16:00,28.5,86,East,24,34,0,266.0666667,101.1083333,0,0
4/20/2025 17:00,28,87,East,29,40,0,96.48333333,101.1333333,0,0
4/20/2025 18:00,28.3,84,East,20,36,0,18.95,101.1983333,0,0
4/20/2025 19:00,28.4,84,East,27,33,0,0,101.2316667,0,0
4/20/2025 20:00,28.5,85,East,29,39,0,0,101.2766667,0,0
4/20/2025 21:00,28.5,82,East,31,42,0,0,101.3066667,0,0
4/20/2025 22:00,28.6,85,East,30,46,0,0,101.2933333,0,0
4/20/2025 23:00,28.4,81,East,34,47,0,0,101.2766667,0,0
4/21/2025 0:00,28.3,83,East,34,47,0,0,101.2316667,0,0
4/21/2025 1:00,27.6,89,East,28,52,0,0,101.1833333,0,0
4/21/2025 2:00,27.7,89,East South-East,21,50,1,0,101.1516667,0,0
4/21/2025 3:00,28.2,82,East,32,49,0.4,0,101.1166667,0,0
4/21/2025 4:00,28.4,81,East,36,45,0,0,101.09,0,0
4/21/2025 5:00,28.3,81,East,34,45,0,0,101.085,0,0
4/21/2025 6:00,28.1,82,East,35,47,0,0.15,101.1083333,0,0
4/21/2025 7:00,28.4,81,East,36,47,0,62.16666667,101.1633333,0,0
4/21/2025 8:00,28.5,81,East,33,46,0,186.8666667,101.2016667,0,0
4/21/2025 9:00,28.7,79,East,31,42,0,365.4166667,101.2466667,0,0
4/21/2025 10:00,28.7,80,East,30,42,0,472.6166667,101.2433333,0,0
4/21/2025 11:00,28.8,79,East,27,38,0,520.6,101.2166667,0,0
4/21/2025 12:00,28.7,80,East,29,37,0,617.8,101.1333333,0,0
4/21/2025 13:00,29.2,80,East,27,38,0,780.7833333,101.06,0,0
4/21/2025 14:00,28.4,85,East South-East,27,40,0,566.5166667,101.0166667,0,0
4/21/2025 15:00,28.4,82,East South-East,33,44,0,364.3166667,100.965,0,0
4/21/2025 16:00,27.9,83,East South-East,34,46,0,242.4166667,100.9766667,0,0
4/21/2025 17:00,26.7,89,East South-East,38,54,0,100.6333333,100.9833333,0,0
4/21/2025 18:00,26.9,86,East,30,47,0,14.73333333,101.07,0,0
4/21/2025 19:00,27.8,82,East South-East,33,45,0,0,101.0883333,0,0
4/21/2025 20:00,27.8,82,East South-East,33,46,0,0,101.1416667,0,0
4/21/2025 21:00,27.8,82,East South-East,33,43,0,0,101.185,0,0
4/21/2025 22:00,26.7,88,East,32,45,0,0,101.19,0,0
4/21/2025 23:00,25.4,94,East South-East,30,44,1.8,0,101.165,0,0
4/22/2025 0:00,26.2,89,East South-East,26,41,1.8,0,101.1383333,0,0
4/22/2025 1:00,25.4,93,East South-East,34,46,0.8,0,101.0883333,0,0
4/22/2025 2:00,26,90,East South-East,24,40,0,0,101.035,0,0
4/22/2025 3:00,26.9,83,East South-East,22,31,0,0,100.995,0,0
4/22/2025 4:00,26.5,89,East South-East,23,37,0,0,100.955,0,0
4/22/2025 5:00,26.4,90,East South-East,28,37,0,0,100.9466667,0,0
4/22/2025 6:00,26.2,92,East South-East,24,42,0,0.033333333,100.9866667,0,0
4/22/2025 7:00,26.4,92,East,10,31,0,18.75,101.0716667,0,0
4/22/2025 8:00,27.7,86,East South-East,31,40,0,106.0833333,101.0766667,0,0
4/22/2025 9:00,27.9,81,East South-East,33,45,0,262.1666667,101.0933333,0,0
4/22/2025 10:00,27.8,83,East South-East,34,45,0,331.6,101.135,0,0
4/22/2025 11:00,28.1,81,East,33,43,0,726.6333333,101.0866667,0,0
4/22/2025 12:00,27.5,87,East South-East,38,51,0,644.65,101.0233333,0,0
4/22/2025 13:00,27.1,88,East South-East,32,46,0.2,749.4666667,100.9533333,0,0
4/22/2025 14:00,28,83,East,29,49,0,562.0166667,100.895,0,0
4/22/2025 15:00,28.5,80,East,36,47,0,442.6666667,100.8416667,0,0
4/22/2025 16:00,28.1,85,East,35,49,0.2,223.2666667,100.8533333,0,0
4/22/2025 17:00,27.7,82,East,34,47,0,178.9666667,100.8966667,0,0
4/22/2025 18:00,27.1,88,East,35,46,0,6.166666667,100.9683333,0,0
4/22/2025 19:00,27.3,89,East,33,42,0,0,101.0216667,0,0
4/22/2025 20:00,27.5,88,East,24,41,0.2,0,101.0666667,0,0
4/22/2025 21:00,26.4,91,East North-East,35,47,3.6,0,101.12,0,0
4/22/2025 22:00,28,84,NA,31,40,0.2,0,101.1333333,0,0
4/22/2025 23:00,27.7,86,East,33,42,0,0,101.1133333,0,0
4/23/2025 0:00,27.1,88,East,35,49,0.2,0,101.0983333,0,0
4/23/2025 1:00,27.3,88,East,35,45,0,0,101.0633333,0,0
4/23/2025 2:00,26.1,91,East,34,52,1.2,0,101.0166667,0,0
4/23/2025 3:00,26,94,East,29,46,0.4,0,100.9966667,0,0
4/23/2025 4:00,25.9,94,East South-East,29,41,1.8,0,100.98,0,0
4/23/2025 5:00,26.5,91,East,27,41,0,0,100.96,0,0
4/23/2025 6:00,26.6,88,East South-East,24,44,0,0.1,100.9883333,0,0
4/23/2025 7:00,26.2,93,East,21,42,1,10.81666667,101.0816667,0,0
4/23/2025 8:00,25.2,96,East,36,47,9.7,31.46666667,101.1416667,0,0
4/23/2025 9:00,25.7,100,NA,28,45,6.3,170.6666667,101.18,0,0
4/23/2025 10:00,24.8,100,NA,23,45,17.5,37.26666667,101.2116667,0,0
4/23/2025 11:00,25.6,100,NA,15,37,0.8,104.5833333,101.165,0,0
4/23/2025 12:00,23.9,100,NA,23,49,24,32.1,101.1516667,0,0
4/23/2025 13:00,25.5,100,NA,17,32,2,52.95,101.0633333,0,0
4/23/2025 14:00,25.2,97,NA,30,39,0,125.9833333,100.99,0,0
4/23/2025 15:00,26.9,95,East,24,36,0,262.0166667,100.8966667,0,0
4/23/2025 16:00,27.7,90,East,26,35,0,211.5333333,100.8883333,0,0
4/23/2025 17:00,28,83,East,26,35,0,100.9333333,100.9,0,0
4/23/2025 18:00,28,82,East,24,35,0,18.23333333,100.955,0,0
4/23/2025 19:00,28,82,East,28,34,0,0,101.0266667,0,0
4/23/2025 20:00,28,81,East,26,37,0,0,101.085,0,0
4/23/2025 21:00,28,82,East,25,34,0,0,101.125,0,0
4/23/2025 22:00,28,81,East,27,35,0,0,101.1416667,0,0
4/23/2025 23:00,28,84,East,26,35,0,0,101.1083333,0,0
4/24/2025 0:00,28,84,East,26,32,0,0,101.085,0,0
4/24/2025 1:00,28,84,East,24,31,0,0,101.0516667,0,0
4/24/2025 2:00,28,83,East,21,29,0,0,101.015,0,0
4/24/2025 3:00,27.9,83,East North-East,21,28,0,0,100.9983333,0,0
4/24/2025 4:00,27.8,84,East North-East,20,27,0,0,100.965,0,0
4/24/2025 5:00,27.8,84,East,18,24,0,0,100.9683333,0,0
4/24/2025 6:00,27.8,85,East North-East,13,21,0,0,101.06,0,0
4/24/2025 7:00,27.1,85,East North-East,6,15,0,14.21666667,101.1616667,0,0
4/24/2025 8:00,25,94,West,4,30,6.9,13.83333333,101.245,0,0
4/24/2025 9:00,25.4,94,North North-West,9,25,4.8,62.35,101.2966667,0,0
4/24/2025 10:00,25.9,92,East North-East,9,24,0,118.0666667,101.2766667,0,0
4/24/2025 11:00,26.7,84,North-East,10,14,0,240.8166667,101.145,0,0
4/24/2025 12:00,27.7,84,North North-West,6,15,0,325.9166667,101.0966667,0,0
4/24/2025 13:00,28.3,81,North,9,21,0,463.3333333,101.0283333,0,0
4/24/2025 14:00,28.4,83,North North-East,10,20,0,548.3166667,100.9883333,0,0
4/24/2025 15:00,29,80,North North-East,9,17,0,475.75,100.965,0,0
4/24/2025 16:00,28,82,North,8,17,0,169.9,100.9716667,0,0
4/24/2025 17:00,28.1,82,North North-East,4,10,0,136.75,101.01,0,0
4/24/2025 18:00,26.8,87,North-West,0,6,0,12.61666667,101.0716667,0,0
4/24/2025 19:00,26.9,88,North North-West,2,6,0,0,101.1266667,0,0
4/24/2025 20:00,27,89,West North-West,3,6,0,0,101.1883333,0,0
4/24/2025 21:00,27.4,89,North,4,8,0,0,101.2366667,0,0
4/24/2025 22:00,26.4,89,North,3,10,0,0,101.2316667,0,0
4/24/2025 23:00,26.1,92,West North-West,3,7,0,0,101.215,0,0
4/25/2025 0:00,26.6,92,West North-West,4,7,0,0,101.1816667,0,0
4/25/2025 1:00,25.7,94,West North-West,3,7,0,0,101.1383333,0,0
4/25/2025 2:00,26.6,92,North-West,4,9,0,0,101.0916667,0,0
4/25/2025 3:00,26.3,91,North-West,4,7,0,0,101.0633333,0,0
4/25/2025 4:00,27,89,North North-West,4,8,0,0,101.0333333,0,0
4/25/2025 5:00,27,89,North North-West,6,10,0,0,101.0216667,0,0
4/25/2025 6:00,27.2,88,North North-West,7,12,0,0.033333333,101.0616667,0,0
4/25/2025 7:00,27.9,86,North North-West,5,11,0,34.73333333,101.1516667,0,0
4/25/2025 8:00,28.9,83,North North-West,10,15,0,157,101.185,0,0
4/25/2025 9:00,28.7,81,North North-West,13,23,0,417.3,101.185,0,0
4/25/2025 10:00,29.6,79,North-West,17,30,0,605.75,101.1783333,0,0
4/25/2025 11:00,30.1,77,North North-West,16,28,0,741.4666667,101.115,0,0
4/25/2025 12:00,30.2,75,North North-West,16,31,0,737.8333333,101.0183333,0,0
4/25/2025 13:00,30.1,77,North-West,15,27,0,821.9,100.9416667,0,0
4/25/2025 14:00,29.9,75,North-West,12,22,0,695.5833333,100.8883333,0,0
4/25/2025 15:00,29.8,79,West North-West,11,22,0,466.5,100.865,0,0
4/25/2025 16:00,29.1,83,North North-West,10,22,0,207.8666667,100.8483333,0,0
4/25/2025 17:00,28.4,84,North North-West,9,20,0,152.4,100.8866667,0,0
4/25/2025 18:00,28.7,82,North North-West,14,21,0,8.366666667,100.9683333,0,0
4/25/2025 19:00,28.2,80,North-West,18,30,0,0,100.9816667,0,0
4/25/2025 20:00,28.1,86,North-West,14,24,0,0,101.02,0,0
4/25/2025 21:00,28.2,86,North-West,11,24,0,0,101.0483333,0,0
4/25/2025 22:00,28.1,87,North North-West,9,18,0,0,101.025,0,0
4/25/2025 23:00,28.3,84,North-West,16,27,0,0,100.985,0,0
4/26/2025 0:00,28.4,84,North-West,15,29,0,0,100.9433333,0,0
4/26/2025 1:00,27.2,93,West North-West,9,35,1.6,0,100.9066667,0,0
4/26/2025 2:00,27.8,88,West North-West,8,34,0.2,0,100.855,0,0
4/26/2025 3:00,27.1,89,North-West,13,39,3.2,0,100.8166667,0,0
4/26/2025 4:00,26.2,91,West,11,38,0.8,0,100.7833333,0,0
4/26/2025 5:00,25.6,95,West,6,35,2.6,0,100.8283333,0,0
4/26/2025 6:00,25.4,96,North North-West,9,26,2.4,0,100.85,0,0
4/26/2025 7:00,25.5,97,North,15,23,3.6,5.7,100.9,0,0
4/26/2025 8:00,25.6,97,North North-East,9,23,2.2,11.06666667,100.9766667,0,0
4/26/2025 9:00,26.6,95,North-East,9,13,2.6,157.95,101.0116667,0,0
4/26/2025 10:00,26.4,94,North North-East,11,15,1.4,153.0166667,101.0533333,0,0
4/26/2025 11:00,26.6,95,East North-East,2,19,8.2,173.9833333,100.995,0,0
4/26/2025 12:00,27,92,East North-East,5,20,1.6,277.2833333,100.9083333,0,0
4/26/2025 13:00,28.1,83,West North-West,18,35,0,570.8666667,100.7933333,0,0
4/26/2025 14:00,28.4,87,West South-West,9,34,2,355.95,100.7733333,0,0
4/26/2025 15:00,28.1,83,West South-West,2,23,0,275.6333333,100.7216667,0,0
4/26/2025 16:00,26.5,92,West North-West,6,25,2,65.3,100.7166667,0,0
4/26/2025 17:00,26.7,92,West South-West,3,24,0,33.45,100.7833333,0,0
4/26/2025 18:00,26.7,93,North North-East,10,15,0,3.35,100.8283333,0,0
4/26/2025 19:00,26.2,93,North North-East,10,22,0,0,100.8916667,0,0
4/26/2025 20:00,25.9,94,North,12,22,0,0,100.92,0,0
4/26/2025 21:00,26.3,92,North,14,21,0.2,0,100.9733333,0,0
4/26/2025 22:00,26.5,92,North North-West,14,23,0,0,100.9833333,0,0
4/26/2025 23:00,26.5,91,North North-West,15,26,0,0,100.9633333,0,0
4/27/2025 0:00,26.7,90,North North-West,17,30,0,0,100.9416667,0,0
4/27/2025 1:00,27.3,88,North-West,23,35,0,0,100.8516667,0,0
4/27/2025 2:00,27.4,89,North-West,15,33,0,0,100.795,0,0
4/27/2025 3:00,27.2,89,West North-West,10,28,0,0,100.7716667,0,0
4/27/2025 4:00,27.5,86,North-West,21,33,0,0,100.7866667,0,0
4/27/2025 5:00,27.5,86,North-West,18,33,0,0,100.8,0,0
4/27/2025 6:00,26.4,89,North-West,20,39,0,0,100.845,0,0
4/27/2025 7:00,27,92,North-West,4,23,0.2,38.38333333,100.895,0,0
4/27/2025 8:00,28.5,85,West North-West,8,25,0,225.65,100.9566667,0,0
4/27/2025 9:00,28.2,84,North-West,18,30,0,215.25,101.03,0,0
4/27/2025 10:00,27.1,90,West North-West,12,30,0.2,165.7333333,101.0733333,0,0
4/27/2025 11:00,28.3,87,West,8,24,0,402.7166667,101.035,0,0
4/27/2025 12:00,28.4,84,West,9,26,0,437.9333333,100.965,0,0
4/27/2025 13:00,28.2,83,West North-West,6,24,0,280.5833333,100.925,0,0
4/27/2025 14:00,27.8,84,West North-West,8,40,0,302.7333333,100.8766667,0,0
4/27/2025 15:00,27.7,84,West,9,21,0,186.1333333,100.8433333,0,0
4/27/2025 16:00,27.8,86,West South-West,12,27,0,161.0166667,100.8083333,0,0
4/27/2025 17:00,27.1,89,West South-West,7,23,0,82.23333333,100.8216667,0,0
4/27/2025 18:00,26.5,90,South-West,4,15,0,13.41666667,100.885,0,0
4/27/2025 19:00,26.5,92,South-West,3,13,0,0,100.955,0,0
4/27/2025 20:00,26.7,90,South-West,6,20,0,0,101.04,0,0
4/27/2025 21:00,26.9,90,South-West,9,21,0,0,101.105,0,0
4/27/2025 22:00,26.9,89,South-East,11,19,0.2,0,101.1533333,0,0
4/27/2025 23:00,26.6,89,East South-East,5,17,0,0,101.1633333,0,0
4/28/2025 0:00,26.2,92,North North-West,6,17,0,0,101.14,0,0
4/28/2025 1:00,26.5,87,North North-East,8,14,0,0,101.0883333,0,0
4/28/2025 2:00,25.8,88,North-West,5,14,0,0,101.0233333,0,0
4/28/2025 3:00,26.2,92,North-West,4,9,0,0,100.985,0,0
4/28/2025 4:00,26.6,90,North,7,10,0,0,101,0,0
4/28/2025 5:00,27.3,85,North-East,8,14,0,0,101.0266667,0,0
4/28/2025 6:00,25.5,92,West,2,9,0,0,101.075,0,0
4/28/2025 7:00,27.7,87,North-East,13,21,0,29.41666667,101.16,0,0
4/28/2025 8:00,27.7,86,North-East,15,23,0,121.9833333,101.1966667,0,0
4/28/2025 9:00,28,86,North North-West,9,21,0,289.45,101.2433333,0,0
4/28/2025 10:00,28.5,81,North North-East,10,19,0,405.8,101.285,0,0
4/28/2025 11:00,27.9,85,North-East,17,24,0,309.3,101.28,0,0
4/28/2025 12:00,27.4,90,North,5,22,1.6,183.9166667,101.2383333,0,0
4/28/2025 13:00,28,83,West North-West,7,19,0,342.15,101.1516667,0,0
4/28/2025 14:00,28.3,78,West,5,23,0,258.5333333,101.055,0,0
4/28/2025 15:00,28.6,76,South,4,12,0,315.5166667,101.0183333,0,0
4/28/2025 16:00,28.2,80,South-East,3,10,0,222.3166667,101.0383333,0,0
4/28/2025 17:00,28.1,85,East,11,14,0,96.88333333,101.055,0,0
4/28/2025 18:00,27.3,91,East South-East,15,25,0,12.28333333,101.0966667,0,0
4/28/2025 19:00,26.9,90,South-East,18,26,0,0,101.1433333,0,0
4/28/2025 20:00,26.2,93,South-East,20,28,0,0,101.19,0,0
4/28/2025 21:00,25.5,96,South-East,26,38,6.8,0,101.265,0,0
4/28/2025 22:00,26.5,90,South-East,27,36,0,0,101.2716667,0,0
4/28/2025 23:00,26.9,87,South-East,14,30,0,0,101.2566667,0,0
4/29/2025 0:00,26.2,91,East,13,20,0.4,0,101.25,0,0
4/29/2025 1:00,26.7,89,East South-East,11,23,0,0,101.195,0,0
4/29/2025 2:00,25.9,90,East North-East,20,27,0,0,101.17,0,0
4/29/2025 3:00,26.5,87,North-East,9,23,0,0,101.12,0,0
4/29/2025 4:00,27.1,90,East,12,18,0,0,101.1516667,0,0
4/29/2025 5:00,27.4,87,East South-East,13,20,0,0,101.15,0,0
4/29/2025 6:00,27.8,83,East,14,20,0,0,101.225,0,0
4/29/2025 7:00,27.3,86,East North-East,13,31,0,30.83333333,101.3033333,0,0
4/29/2025 8:00,28.1,81,East,9,19,0,181.25,101.3483333,0,0
4/29/2025 9:00,28.3,82,East,12,17,0,381.15,101.345,0,0
4/29/2025 10:00,28.4,82,East North-East,17,22,0,390.85,101.355,0,0
4/29/2025 11:00,28.4,84,East North-East,19,27,0,362.45,101.3566667,0,0
4/29/2025 12:00,28.7,82,East North-East,18,29,0,596.75,101.305,0,0
4/29/2025 13:00,28.4,81,East North-East,15,27,0,547.2166667,101.2483333,0,0
4/29/2025 14:00,28.1,86,East,17,24,0,221.7666667,101.2383333,0,0
4/29/2025 15:00,28.3,84,East,15,23,0,209.7833333,101.1883333,0,0
4/29/2025 16:00,28,84,East South-East,17,26,0,172.1333333,101.16,0,0
4/29/2025 17:00,27.9,84,East,19,29,0,101.2166667,101.1516667,0,0
4/29/2025 18:00,28,85,East,19,24,0,11.63333333,101.2066667,0,0
4/29/2025 19:00,28.2,84,East,19,25,0,0,101.2716667,0,0
4/29/2025 20:00,27.8,87,East South-East,19,27,0,0,101.3283333,0,0
4/29/2025 21:00,27.9,87,East South-East,17,26,0,0,101.3616667,0,0
4/29/2025 22:00,27.8,88,East South-East,16,26,0,0,101.3566667,0,0
4/29/2025 23:00,28.1,82,East,21,26,0,0,101.3433333,0,0
4/30/2025 0:00,28.1,82,East North-East,22,27,0,0,101.305,0,0
4/30/2025 1:00,28,80,East,19,28,0,0,101.3066667,0,0
4/30/2025 2:00,25.8,89,East South-East,33,46,0.6,0,101.2783333,0,0
4/30/2025 3:00,27.4,89,South South-East,17,39,1.8,0,101.2833333,0,0
4/30/2025 4:00,27.8,83,East South-East,21,30,0,0,101.26,0,0
4/30/2025 5:00,27.7,83,East South-East,23,32,0,0,101.2433333,0,0
4/30/2025 6:00,27.8,81,East,22,32,0,0.033333333,101.27,0,0
4/30/2025 7:00,28,81,East,19,32,0,50.21666667,101.3216667,0,0
4/30/2025 8:00,28.2,81,East,23,32,0,178.05,101.3483333,0,0
4/30/2025 9:00,28.4,82,East,24,32,0,422.2166667,101.3666667,0,0
4/30/2025 10:00,28.5,81,East,24,31,0,566.7,101.3983333,0,0
4/30/2025 11:00,28.7,81,East South-East,24,33,0,620.45,101.375,0,0
4/30/2025 12:00,28.8,79,East,23,33,0,765.8333333,101.3283333,0,0
4/30/2025 13:00,28.7,81,East,22,30,0,772.8333333,101.255,0,0
4/30/2025 14:00,28.6,82,East South-East,22,34,0,732.7333333,101.2066667,0,0
4/30/2025 15:00,28.6,81,East South-East,24,34,0,439.1166667,101.1966667,0,0
4/30/2025 16:00,28.7,80,East South-East,22,31,0,307.15,101.195,0,0
4/30/2025 17:00,28.4,83,East South-East,24,31,0,149.9333333,101.2383333,0,0
4/30/2025 18:00,26.5,83,East South-East,29,37,0.4,18.68333333,101.29,0,0
4/30/2025 19:00,28.1,84,East South-East,22,33,0.4,0,101.3366667,0,0
4/30/2025 20:00,28.1,83,East South-East,20,29,0,0,101.3733333,0,0
4/30/2025 21:00,27.9,85,East,22,30,0,0,101.4016667,0,0
4/30/2025 22:00,27.9,83,East,23,30,0,0,101.375,0,0
4/30/2025 23:00,27.8,82,East,20,30,0,0,101.365,0,0
5/1/2025 0:00,27.8,82,East,22,31,0,0,101.335,0,0
5/1/2025 1:00,27.7,84,East,21,28,0,0,101.2866667,0,0
5/1/2025 2:00,27.8,83,East,22,29,0,0,101.23,0,0
5/1/2025 3:00,27.8,83,East,20,28,0,0,101.1833333,0,0
5/1/2025 4:00,27.8,83,East,21,29,0,0,101.1666667,0,0
5/1/2025 5:00,27.5,82,East,23,32,0,0,101.155,0,0
5/1/2025 6:00,27.2,79,East,22,38,0,0,101.19,0,0
5/1/2025 7:00,27,84,East,23,35,0,16.51666667,101.2533333,0,0
5/1/2025 8:00,27.3,81,East,23,31,0,82.21666667,101.2833333,0,0
5/1/2025 9:00,26.5,89,East North-East,14,42,0,216.3166667,101.32,0,0
5/1/2025 10:00,27.9,77,East,20,33,0,558.5666667,101.3266667,0,0
5/1/2025 11:00,28.2,82,East,19,26,0,730.9,101.2733333,0,0
5/1/2025 12:00,28.6,79,East,20,30,0,753.4666667,101.1916667,0,0
5/1/2025 13:00,28.9,77,East,19,26,0,801.8,101.1316667,0,0
5/1/2025 14:00,28.7,77,East,19,26,0,621.95,101.0733333,0,0
5/1/2025 15:00,28.4,80,East,17,26,0,301.5666667,101.04,0,0
5/1/2025 16:00,28.5,79,East,17,26,0,273.8166667,101.0216667,0,0
5/1/2025 17:00,28.4,80,East,19,24,0,100.9833333,101.0533333,0,0
5/1/2025 18:00,28.2,79,East South-East,14,22,0,12.76666667,101.1116667,0,0
5/1/2025 19:00,27.8,81,East,15,28,0,0,101.18,0,0
5/1/2025 20:00,28.1,81,East South-East,19,23,0,0,101.2233333,0,0
5/1/2025 21:00,27.5,83,East,21,42,0,0,101.2866667,0,0
5/1/2025 22:00,27.6,85,East,13,31,0,0,101.275,0,0
5/1/2025 23:00,27.9,81,East South-East,22,29,0,0,101.235,0,0
5/2/2025 0:00,27.9,83,East,20,30,0,0,101.2183333,0,0
5/2/2025 1:00,27.9,81,East South-East,23,32,0,0,101.1766667,0,0
5/2/2025 2:00,27.8,80,East South-East,25,32,0,0,101.125,0,0
5/2/2025 3:00,27.7,83,East South-East,20,28,0,0,101.1,0,0
5/2/2025 4:00,26.2,80,East South-East,28,41,0,0,101.0783333,0,0
5/2/2025 5:00,27.2,83,South-East,23,32,0.4,0,101.1016667,0,0
5/2/2025 6:00,25.4,93,South-East,11,46,6.7,0,101.1583333,0,0
5/2/2025 7:00,25.5,88,South-East,16,52,1.2,1.733333333,101.2666667,0,0
5/2/2025 8:00,25.8,89,East South-East,17,26,0.8,16.41666667,101.3383333,0,0
5/2/2025 9:00,26.2,91,East North-East,19,27,0.4,72.38333333,101.3233333,0,0
5/2/2025 10:00,26.8,90,East North-East,34,46,0,185.3666667,101.195,0,0
5/2/2025 11:00,27.4,80,East North-East,19,41,0,226.2166667,101.165,0,0
5/2/2025 12:00,27.5,82,East,15,23,0,211.65,101.1816667,0,0
5/2/2025 13:00,26.5,89,East North-East,13,39,1.4,217.5,101.0983333,0,0
5/2/2025 14:00,27.4,83,East,7,18,0,289.6833333,100.98,0,0
5/2/2025 15:00,27.3,80,East South-East,8,14,0,225.3666667,100.9466667,0,0
5/2/2025 16:00,27.4,81,South-East,11,16,0,212.0166667,100.9583333,0,0
5/2/2025 17:00,27.2,84,South-East,17,28,0,91.2,100.985,0,0
5/2/2025 18:00,27.3,81,South-East,15,23,0,22.15,101.01,0,0
5/2/2025 19:00,27.1,85,South-East,12,21,0,0,101.055,0,0
5/2/2025 20:00,27.2,84,South-East,10,17,0,0,101.12,0,0
5/2/2025 21:00,27.1,85,East South-East,13,20,0,0,101.19,0,0
5/2/2025 22:00,27.3,80,East South-East,10,18,0,0,101.2083333,0,0
5/2/2025 23:00,27.2,80,East South-East,5,14,0,0,101.1966667,0,0
5/3/2025 0:00,27.3,78,East South-East,6,11,0,0,101.18,0,0
5/3/2025 1:00,27.1,81,East,8,12,0,0,101.1233333,0,0
5/3/2025 2:00,27.1,82,East,7,13,0,0,101.0883333,0,0
5/3/2025 3:00,27,83,East,9,15,0,0,101.085,0,0
5/3/2025 4:00,27.1,83,East,8,14,0,0,101.0616667,0,0
5/3/2025 5:00,27,82,East,8,16,0,0,101.0733333,0,0
5/3/2025 6:00,27,82,East South-East,6,11,0,0,101.12,0,0
5/3/2025 7:00,27.5,82,East,9,14,0,53.46666667,101.1633333,0,0
5/3/2025 8:00,27.8,81,East,12,15,0,251.2166667,101.195,0,0
5/3/2025 9:00,28.1,75,East,9,17,0,429.0833333,101.2266667,0,0
5/3/2025 10:00,28.2,75,East,11,15,0,622.3833333,101.26,0,0
5/3/2025 11:00,28.4,78,East,9,16,0,717.7333333,101.2383333,0,0
5/3/2025 12:00,28.5,76,East North-East,9,15,0,772.1833333,101.165,0,0
5/3/2025 13:00,28.6,75,East,8,14,0,838.5666667,101.085,0,0
5/3/2025 14:00,28.6,76,East South-East,8,14,0,763.3833333,101.0166667,0,0
5/3/2025 15:00,28.7,75,East,8,14,0,600.8333333,100.9783333,0,0
5/3/2025 16:00,28.3,74,East,8,13,0,330.9833333,100.975,0,0
5/3/2025 17:00,28.4,76,East,6,13,0,149.9833333,101.0183333,0,0
5/3/2025 18:00,27.8,77,East,6,14,0,23.88333333,101.0883333,0,0
5/3/2025 19:00,27.8,77,East South-East,8,12,0,0,101.1483333,0,0
5/3/2025 20:00,27.8,78,East South-East,11,15,0,0,101.2066667,0,0
5/3/2025 21:00,27.7,78,East South-East,8,16,0,0,101.2516667,0,0
5/3/2025 22:00,27.6,78,East South-East,9,13,0,0,101.2516667,0,0
5/3/2025 23:00,27.4,77,East South-East,5,10,0,0,101.2416667,0,0
5/4/2025 0:00,27.4,78,East South-East,6,9,0,0,101.2116667,0,0
5/4/2025 1:00,27.3,79,East South-East,7,11,0,0,101.1683333,0,0
5/4/2025 2:00,27.1,80,East South-East,5,11,0,0,101.1333333,0,0
5/4/2025 3:00,27.2,80,East,6,13,0,0,101.0983333,0,0
5/4/2025 4:00,27.2,81,East South-East,8,13,0,0,101.0816667,0,0
5/4/2025 5:00,27.1,81,South-East,9,13,0,0,101.0816667,0,0
5/4/2025 6:00,27.1,81,East South-East,7,14,0,0,101.1383333,0,0
5/4/2025 7:00,27.6,79,East South-East,9,17,0,49.23333333,101.2083333,0,0
5/4/2025 8:00,27.8,77,East South-East,12,18,0,217.8666667,101.2383333,0,0
5/4/2025 9:00,27.7,79,East South-East,15,20,0,253.8833333,101.28,0,0
5/4/2025 10:00,28.1,76,East South-East,17,26,0,604.35,101.2766667,0,0
5/4/2025 11:00,28.3,74,East South-East,15,24,0,776,101.24,0,0
5/4/2025 12:00,28.4,75,East,16,22,0,762.8,101.1933333,0,0
5/4/2025 13:00,28.3,75,East,16,22,0,802.6,101.1233333,0,0
5/4/2025 14:00,28.5,74,East,14,21,0,683.2666667,101.07,0,0
5/4/2025 15:00,28.5,72,East North-East,12,19,0,580.25,101.0466667,0,0
5/4/2025 16:00,28.4,73,East,13,19,0,300.7333333,101.03,0,0
5/4/2025 17:00,28.5,75,East North-East,12,20,0,185.7166667,101.0533333,0,0
5/4/2025 18:00,28.1,76,East North-East,13,18,0,29.28333333,101.1233333,0,0
5/4/2025 19:00,28.1,74,East North-East,13,19,0,0,101.1866667,0,0
5/4/2025 20:00,28,76,East North-East,15,21,0,0,101.2433333,0,0
5/4/2025 21:00,28,75,East North-East,14,21,0,0,101.275,0,0
5/4/2025 22:00,27.9,77,North-East,12,20,0,0,101.29,0,0
5/4/2025 23:00,27.7,76,North North-East,11,20,0,0,101.28,0,0
5/5/2025 0:00,27.7,76,North North-East,10,19,0,0,101.2633333,0,0
5/5/2025 1:00,27.5,78,North North-West,4,20,0,0,101.2116667,0,0
5/5/2025 2:00,27.3,78,North North-West,6,14,0,0,101.1583333,0,0
5/5/2025 3:00,27.2,80,North-West,5,9,0,0,101.11,0,0
5/5/2025 4:00,26.1,83,North-West,4,7,0,0,101.0833333,0,0
5/5/2025 5:00,25.1,88,West North-West,3,8,0,0,101.0733333,0,0
5/5/2025 6:00,25.5,89,West,2,6,0,0,101.1216667,0,0
5/5/2025 7:00,26.4,89,West,3,5,0,21.03333333,101.19,0,0
5/5/2025 8:00,26.6,84,South-West,7,19,0,92.65,101.26,0,0
5/5/2025 9:00,26.9,82,South South-West,9,25,0,227.5666667,101.3233333,0,0
5/5/2025 10:00,27.7,77,South South-East,8,20,0,345.5833333,101.3266667,0,0
5/5/2025 11:00,28.3,75,South South-East,9,16,0,437.5,101.2566667,0,0
5/5/2025 12:00,28.5,72,South South-East,6,15,0,492.55,101.1683333,0,0
5/5/2025 13:00,29.4,71,South-East,5,13,0,658.1666667,101.1183333,0,0
5/5/2025 14:00,29,70,South-East,7,13,0,772.5166667,101.0716667,0,0
5/5/2025 15:00,29,71,South-East,8,12,0,550.8333333,101.0583333,0,0
5/5/2025 16:00,28.4,74,East,6,13,0,294.7666667,101.0533333,0,0
5/5/2025 17:00,28.3,74,South South-West,0,9,0,109.8833333,101.0966667,0,0
5/5/2025 18:00,26.3,81,South-West,0,6,0,20.15,101.1633333,0,0
5/5/2025 19:00,25.9,84,West South-West,3,7,0,0,101.2133333,0,0
5/5/2025 20:00,25.9,85,West South-West,2,10,0,0,101.2666667,0,0
5/5/2025 21:00,24.9,89,West South-West,0,7,0,0,101.325,0,0
5/5/2025 22:00,24.8,91,West South-West,0,5,0,0,101.3516667,0,0
5/5/2025 23:00,25,90,West South-West,2,7,0,0,101.3583333,0,0
5/6/2025 0:00,24.7,91,West South-West,3,6,0,0,101.33,0,0
5/6/2025 1:00,24.5,92,West South-West,0,6,0,0,101.275,0,0
5/6/2025 2:00,24.6,92,West,0,4,0,0,101.2333333,0,0
5/6/2025 3:00,26.9,82,South-East,6,14,0,0,101.1883333,0,0
5/6/2025 4:00,25.1,89,South,3,13,0,0,101.1666667,0,0
5/6/2025 5:00,26.9,84,South-East,11,18,0,0,101.1566667,0,0
5/6/2025 6:00,26.9,82,South-East,9,14,0,0,101.2016667,0,0
5/6/2025 7:00,27.1,83,South-East,9,15,0,12.1,101.27,0,0
5/6/2025 8:00,26.7,84,East North-East,11,23,0,101.8333333,101.335,0,0
5/6/2025 9:00,28.1,79,East South-East,6,17,0.4,454.95,101.3433333,0,0
5/6/2025 10:00,28.2,78,East South-East,7,14,0,519.7166667,101.355,0,0
5/6/2025 11:00,28.6,76,East,8,15,0,680.5166667,101.2833333,0,0
5/6/2025 12:00,28.8,75,East,9,16,0,730.3833333,101.235,0,0
5/6/2025 13:00,28.9,72,East,9,15,0,821.6,101.1633333,0,0
5/6/2025 14:00,28.6,76,East,10,15,0,479.3,101.1083333,0,0
5/6/2025 15:00,26.7,83,East,18,27,0.2,368.25,101.07,0,0
5/6/2025 16:00,28.3,78,South-East,9,20,0,174.0333333,101.0716667,0,0
5/6/2025 17:00,27.1,78,East North-East,17,32,0,141.35,101.0983333,0,0
5/6/2025 18:00,27.3,80,East North-East,19,23,0,13.21666667,101.155,0,0
5/6/2025 19:00,27.7,80,East,13,24,0,0,101.2066667,0,0
5/6/2025 20:00,28.1,77,East South-East,18,22,0,0,101.26,0,0
5/6/2025 21:00,27.3,85,East South-East,21,31,0,0,101.2966667,0,0
5/6/2025 22:00,27.6,84,East South-East,14,25,0,0,101.2966667,0,0
5/6/2025 23:00,28,78,East,17,23,0,0,101.275,0,0
5/7/2025 0:00,27.9,78,East,18,24,0,0,101.2333333,0,0
5/7/2025 1:00,27.7,79,East,19,26,0,0,101.1766667,0,0
5/7/2025 2:00,27.6,80,East,18,26,0,0,101.1333333,0,0
5/7/2025 3:00,27.6,79,East,15,24,0,0,101.1133333,0,0
5/7/2025 4:00,27.7,79,East,19,25,0,0,101.0933333,0,0
5/7/2025 5:00,27.7,77,East,21,26,0,0,101.09,0,0
5/7/2025 6:00,27.8,77,East,19,26,0,0,101.1233333,0,0
5/7/2025 7:00,27.8,73,East,17,28,0,51.78333333,101.175,0,0
5/7/2025 8:00,27.9,81,East,19,24,0,173.8833333,101.21,0,0
5/7/2025 9:00,28,79,East South-East,15,36,0,206.4833333,101.255,0,0
5/7/2025 10:00,28.7,75,East,18,31,0.2,573.8166667,101.2516667,0,0
5/7/2025 11:00,28.7,76,East,19,27,0,768.05,101.1933333,0,0
5/7/2025 12:00,28.7,76,East,17,27,0,620.8666667,101.1366667,0,0
5/7/2025 13:00,28.9,76,East,18,23,0,766.65,101.0583333,0,0
5/7/2025 14:00,28.8,74,East North-East,17,24,0,628.25,100.9933333,0,0
5/7/2025 15:00,28.7,76,East North-East,17,25,0,508.4666667,100.9533333,0,0
5/7/2025 16:00,28.6,76,East,13,21,0,367.1666667,100.9516667,0,0
5/7/2025 17:00,28.5,76,East,13,19,0,149.7,101.005,0,0
5/7/2025 18:00,28.2,79,East,12,18,0,17.4,101.06,0,0
5/7/2025 19:00,28.1,81,East,14,19,0,0,101.1133333,0,0
5/7/2025 20:00,28.1,80,East,14,22,0,0,101.135,0,0
5/7/2025 21:00,28.2,79,East,16,24,0,0,101.1566667,0,0
5/7/2025 22:00,28,81,East,14,21,0,0,101.1533333,0,0
5/7/2025 23:00,28,79,East,17,24,0,0,101.125,0,0
5/8/2025 0:00,27.9,80,East,16,24,0,0,101.0733333,0,0
5/8/2025 1:00,27.9,80,East North-East,17,24,0,0,101.0083333,0,0
5/8/2025 2:00,27.8,81,East North-East,18,24,0,0,100.9366667,0,0
5/8/2025 3:00,27.7,81,East North-East,18,24,0,0,100.8833333,0,0
5/8/2025 4:00,27.7,81,North-East,16,23,0,0,100.8666667,0,0
5/8/2025 5:00,27.7,80,North-East,19,26,0,0,100.8683333,0,0
5/8/2025 6:00,27.7,81,North North-East,15,24,0,0,100.8866667,0,0
5/8/2025 7:00,28,80,North-East,15,24,0,22.01666667,100.9516667,0,0
5/8/2025 8:00,28.9,76,North North-East,16,28,0,255.4166667,101.0133333,0,0
5/8/2025 9:00,28.4,78,North North-East,18,29,0,292.1833333,101.0383333,0,0
5/8/2025 10:00,28.8,77,North-East,16,27,0,516.7,101.0583333,0,0
5/8/2025 11:00,29,77,North-East,15,26,0,476.9,101.0433333,0,0
5/8/2025 12:00,28.9,77,North-East,13,24,0,593.1,100.9733333,0,0
5/8/2025 13:00,29.5,73,North-East,14,25,0,553.3833333,100.8766667,0,0
5/8/2025 14:00,29.6,75,North-East,13,22,0,547.5666667,100.79,0,0
5/8/2025 15:00,29.1,76,North-East,12,21,0,385.9666667,100.7533333,0,0
5/8/2025 16:00,26.6,85,North North-East,26,41,0,177.5,100.7366667,0,0
5/8/2025 17:00,26.7,86,East North-East,16,33,0,69.91666667,100.8116667,0,0
5/8/2025 18:00,27.3,75,East,7,22,0,12.88333333,100.835,0,0
5/8/2025 19:00,27.5,79,East North-East,5,11,0,0,100.8783333,0,0
5/8/2025 20:00,27.8,82,East North-East,5,9,0,0,100.915,0,0
5/8/2025 21:00,27.9,83,East,6,11,0,0,100.9416667,0,0
5/8/2025 22:00,27.1,81,North-East,12,28,0,0,101,0,0
5/8/2025 23:00,25.5,87,North North-West,2,31,0,0,100.9933333,0,0
5/9/2025 0:00,26.9,85,South-East,9,14,0,0,100.9966667,0,0
5/9/2025 1:00,26.5,89,East South-East,8,18,0,0,100.9566667,0,0
5/9/2025 2:00,26.9,87,East,17,27,0,0,100.8783333,0,0
5/9/2025 3:00,26.7,88,East North-East,13,25,0,0,100.8416667,0,0
5/9/2025 4:00,27,87,East North-East,11,19,0,0,100.8616667,0,0
5/9/2025 5:00,27.2,84,East,12,17,0,0,100.9066667,0,0
5/9/2025 6:00,27.3,86,East,15,19,0,0,100.9616667,0,0
5/9/2025 7:00,27.7,82,East South-East,14,20,0,39.65,101.05,0,0
5/9/2025 8:00,27.9,84,East,19,24,0,238.2333333,101.0666667,0,0
5/9/2025 9:00,27.4,87,East,21,29,0,254.05,101.1166667,0,0
5/9/2025 10:00,27.9,82,East,17,30,0,586.6166667,101.15,0,0
5/9/2025 11:00,28.1,83,East,20,26,0,702.65,101.12,0,0
5/9/2025 12:00,27.9,82,East,21,32,0,712.15,101.09,0,0
5/9/2025 13:00,27.9,84,East,22,28,0,591.65,101.0166667,0,0
5/9/2025 14:00,27.9,84,East South-East,18,30,0,564.5333333,100.9233333,0,0
5/9/2025 15:00,28.5,82,East,20,26,0,612.8166667,100.8416667,0,0
5/9/2025 16:00,28.1,83,East North-East,22,30,0,141.4166667,100.8483333,0,0
5/9/2025 17:00,28.1,81,North-East,18,29,0,74.21666667,100.8783333,0,0
5/9/2025 18:00,28,82,North-East,14,22,0,7.133333333,100.915,0,0
5/9/2025 19:00,28,84,East North-East,21,27,0,0,100.945,0,0
5/9/2025 20:00,28.2,84,East North-East,23,29,0,0,101.005,0,0
5/9/2025 21:00,28.1,84,North-East,21,33,0,0,101.1066667,0,0
5/9/2025 22:00,28.1,84,North-East,22,33,0,0,101.085,0,0
5/9/2025 23:00,28,83,North North-East,20,34,0,0,101.0533333,0,0
5/10/2025 0:00,28,85,North-East,21,29,0,0,101.01,0,0
5/10/2025 1:00,28,82,North-East,20,32,0,0,100.99,0,0
5/10/2025 2:00,28,86,North-East,23,35,0,0,100.97,0,0
5/10/2025 3:00,28.1,83,North-East,27,35,0,0,100.9633333,0,0
5/10/2025 4:00,27.8,84,North-East,18,32,0,0,100.9566667,0,0
5/10/2025 5:00,28.1,82,North North-East,18,29,0,0,100.9633333,0,0
5/10/2025 6:00,28.1,82,North,22,35,0,0,100.9983333,0,0
5/10/2025 7:00,28.3,84,North,18,36,0,34.58333333,101.0283333,0,0
5/10/2025 8:00,28.8,79,North,20,33,0,217.9833333,101.045,0,0
5/10/2025 9:00,29.2,78,North,19,30,0,420.85,101.1183333,0,0
5/10/2025 10:00,28.8,81,North,12,30,0,256.7666667,101.175,0,0
5/10/2025 11:00,29.4,79,North,18,26,0,500.3833333,101.125,0,0
5/10/2025 12:00,29.6,76,North,21,34,0,597.1,101.0766667,0,0
5/10/2025 13:00,29.3,79,North,17,34,0,392.7166667,101.0166667,0,0
5/10/2025 14:00,29.9,77,North,15,28,0,653.4,100.905,0,0
5/10/2025 15:00,29.5,79,North,16,25,0,331.95,100.8466667,0,0
5/10/2025 16:00,29.4,78,North North-West,10,23,0,311.1166667,100.8433333,0,0
5/10/2025 17:00,28.7,80,North North-West,9,18,0,131.2333333,100.89,0,0
5/10/2025 18:00,28.1,83,North North-West,4,16,0,10.33333333,100.945,0,0
5/10/2025 19:00,27.9,84,North-West,5,8,0,0,101.035,0,0
5/10/2025 20:00,27.9,85,North-West,2,8,0,0,101.1116667,0,0
5/10/2025 21:00,28.6,81,East North-East,9,13,0,0,101.145,0,0
5/10/2025 22:00,28.6,85,East North-East,15,19,0,0,101.1233333,0,0
5/10/2025 23:00,26.9,92,North,11,26,0.8,0,101.1283333,0,0
5/11/2025 0:00,26.2,93,North North-West,6,20,1,0,101.1216667,0,0
5/11/2025 1:00,26.4,94,North,10,18,1,0,101.0866667,0,0
5/11/2025 2:00,26.4,95,North-East,5,33,0.8,0,101.0216667,0,0
5/11/2025 3:00,26.2,96,North,0,7,0,0,101.0133333,0,0
5/11/2025 4:00,25.9,96,North North-West,4,20,1.6,0,101.03,0,0
5/11/2025 5:00,26,96,West North-West,3,9,0.8,0,100.98,0,0
5/11/2025 6:00,25.5,96,North-West,10,23,1,0,101.055,0,0
5/11/2025 7:00,25.6,95,North North-West,8,17,0.2,6.666666667,101.185,0,0
5/11/2025 8:00,27,89,North-East,9,14,0,97.56666667,101.2433333,0,0
5/11/2025 9:00,27.3,86,East,13,19,0,294.15,101.2666667,0,0
5/11/2025 10:00,27.5,87,East,16,22,0,347.7166667,101.2566667,0,0
5/11/2025 11:00,27.8,85,East,12,22,0,488.3333333,101.21,0,0
5/11/2025 12:00,27.9,84,East,8,15,0,395.2,101.1233333,0,0
5/11/2025 13:00,28.8,83,East,6,11,0,585.9,101.075,0,0
5/11/2025 14:00,28.8,82,North-East,4,16,0,320.2333333,101.0366667,0,0
5/11/2025 15:00,27.1,85,East,20,30,0,290.3166667,100.9983333,0,0
5/11/2025 16:00,26.5,89,East,14,32,0.2,246.2666667,101.0216667,0,0
5/11/2025 17:00,26.8,88,North,5,18,0,52.86666667,101.075,0,0
5/11/2025 18:00,27.8,77,North North-East,10,18,0,3.966666667,101.0983333,0,0
5/11/2025 19:00,27.8,80,East,6,15,0.2,0,101.1733333,0,0
5/11/2025 20:00,28.1,82,East,11,14,0,0,101.1933333,0,0
5/11/2025 21:00,28,86,East,13,18,0,0,101.21,0,0
5/11/2025 22:00,28,86,East,12,17,0,0,101.245,0,0
5/11/2025 23:00,27.9,88,East,10,14,0,0,101.2383333,0,0
5/12/2025 0:00,28,87,East,7,13,0,0,101.2166667,0,0
5/12/2025 1:00,27.8,85,East North-East,5,13,0,0,101.1983333,0,0
5/12/2025 2:00,28,84,East North-East,10,12,0,0,101.155,0,0
5/12/2025 3:00,27.9,84,East North-East,11,16,0,0,101.0866667,0,0
5/12/2025 4:00,28,84,East North-East,10,14,0,0,101.05,0,0
5/12/2025 5:00,27.9,84,East North-East,12,16,0,0,101.045,0,0
5/12/2025 6:00,28,86,East North-East,12,17,0,0,101.09,0,0
5/12/2025 7:00,28.2,84,North-East,15,22,0,38.55,101.1583333,0,0
5/12/2025 8:00,28.9,80,East North-East,10,20,0,207.5166667,101.2133333,0,0
5/12/2025 9:00,29.1,79,East North-East,12,16,0,379.2333333,101.2916667,0,0
5/12/2025 10:00,29,80,East North-East,14,18,0,564.0833333,101.3333333,0,0
5/12/2025 11:00,29.1,78,East,14,19,0,641.3666667,101.2966667,0,0
5/12/2025 12:00,29.1,78,East North-East,14,19,0,663.8,101.26,0,0
5/12/2025 13:00,28.7,82,East North-East,18,25,0,527.25,101.2166667,0,0
5/12/2025 14:00,28.8,81,East North-East,14,20,0,658.3666667,101.1466667,0,0
5/12/2025 15:00,28.6,81,East North-East,17,23,0,426.4333333,101.0933333,0,0
5/12/2025 16:00,28.3,82,East North-East,13,25,0,151.9166667,101.1166667,0,0
5/12/2025 17:00,28.1,82,East North-East,9,17,0,62.73333333,101.1233333,0,0
5/12/2025 18:00,27.1,86,North North-West,4,18,0,5.183333333,101.2066667,0,0
5/12/2025 19:00,26.4,88,North,0,6,0,0,101.2216667,0,0
5/12/2025 20:00,27,91,West,2,6,0,0,101.285,0,0
5/12/2025 21:00,28.2,85,East North-East,17,26,0,0,101.31,0,0
5/12/2025 22:00,28.2,85,East North-East,17,28,0,0,101.3283333,0,0
5/12/2025 23:00,28.3,84,East North-East,23,30,0,0,101.2983333,0,0
5/13/2025 0:00,28.1,85,East North-East,24,32,0,0,101.2566667,0,0
5/13/2025 1:00,28.3,82,East North-East,24,33,0,0,101.2316667,0,0
5/13/2025 2:00,28.2,82,East North-East,25,32,0,0,101.2183333,0,0
5/13/2025 3:00,28.1,82,East North-East,24,31,0,0,101.2016667,0,0
5/13/2025 4:00,28.2,80,East North-East,25,32,0,0,101.185,0,0
5/13/2025 5:00,28.1,82,East North-East,22,29,0,0,101.2266667,0,0
5/13/2025 6:00,27.8,86,East North-East,26,35,0,0,101.2433333,0,0
5/13/2025 7:00,28.3,81,East North-East,22,32,0,36.1,101.29,0,0
5/13/2025 8:00,28.6,82,East North-East,22,29,0,190.65,101.31,0,0
5/13/2025 9:00,28.7,81,East North-East,26,33,0,370.6833333,101.3316667,0,0
5/13/2025 10:00,28.9,79,East North-East,24,31,0,583.9166667,101.3716667,0,0
5/13/2025 11:00,28.8,80,East North-East,24,35,0,649.35,101.3266667,0,0
5/13/2025 12:00,28.8,79,East North-East,22,30,0,699.9333333,101.2633333,0,0
5/13/2025 13:00,28.9,78,East North-East,21,27,0,764.35,101.2166667,0,0
5/13/2025 14:00,28.9,79,East North-East,18,25,0,597.6666667,101.1883333,0,0
5/13/2025 15:00,29.1,76,East North-East,14,24,0,477.0833333,101.1816667,0,0
5/13/2025 16:00,28.8,77,East,16,21,0,288.5666667,101.2,0,0
5/13/2025 17:00,28.7,77,East,17,23,0,121.4333333,101.2566667,0,0
5/13/2025 18:00,28.5,81,East,18,25,0,13.6,101.3066667,0,0
5/13/2025 19:00,28.6,80,East,20,27,0,0,101.3566667,0,0
5/13/2025 20:00,28.6,82,East North-East,21,26,0,0,101.4166667,0,0
5/13/2025 21:00,28.5,82,East North-East,18,27,0,0,101.4716667,0,0
5/13/2025 22:00,28.4,82,East North-East,18,27,0,0,101.5016667,0,0
5/13/2025 23:00,28.4,82,East North-East,22,29,0,0,101.4966667,0,0
5/14/2025 0:00,28.3,82,East North-East,19,26,0,0,101.4816667,0,0
5/14/2025 1:00,28.1,84,East,16,27,0,0,101.4766667,0,0
5/14/2025 2:00,28.3,82,East North-East,18,24,0,0,101.4566667,0,0
5/14/2025 3:00,28.1,82,East North-East,16,22,0,0,101.4266667,0,0
5/14/2025 4:00,28.1,82,East,19,23,0,0,101.3916667,0,0
5/14/2025 5:00,28,83,East,18,24,0,0,101.3816667,0,0
5/14/2025 6:00,28,84,East,15,23,0,0,101.4133333,0,0
5/14/2025 7:00,28.1,83,East,15,24,0,32.81666667,101.44,0,0
5/14/2025 8:00,28.4,82,East,18,24,0,184.0333333,101.465,0,0
5/14/2025 9:00,28.7,80,East,19,26,0,342.5333333,101.4916667,0,0
5/14/2025 10:00,28.9,77,East,17,23,0,582.3,101.4983333,0,0
5/14/2025 11:00,29,78,East,17,22,0,670.3333333,101.455,0,0
5/14/2025 12:00,29,79,East,18,22,0,710.25,101.395,0,0
5/14/2025 13:00,29.1,79,East South-East,19,26,0,763.6,101.325,0,0
5/14/2025 14:00,29,75,East,20,28,0,657.3833333,101.2433333,0,0
5/14/2025 15:00,28.7,81,East,20,28,0,530.7333333,101.1933333,0,0
5/14/2025 16:00,29,79,East,21,32,0,318.6,101.18,0,0
5/14/2025 17:00,28.6,82,East,23,30,0,147.3333333,101.205,0,0
5/14/2025 18:00,28.5,83,East,22,32,0,12.43333333,101.255,0,0
5/14/2025 19:00,28.5,80,East,22,32,0,0,101.325,0,0
5/14/2025 20:00,28.3,84,East South-East,22,29,0,0,101.4066667,0,0
5/14/2025 21:00,28.4,84,East,22,30,0,0,101.4566667,0,0
5/14/2025 22:00,28.2,84,East South-East,22,30,0,0,101.4816667,0,0
5/14/2025 23:00,28.2,83,East South-East,22,30,0,0,101.485,0,0
5/15/2025 0:00,28.1,86,East South-East,22,30,0,0,101.4733333,0,0
5/15/2025 1:00,28,84,East,26,38,0.6,0,101.4466667,0,0
5/15/2025 2:00,27.9,82,East,26,34,0,0,101.3966667,0,0
5/15/2025 3:00,27.9,84,East South-East,25,32,0,0,101.3533333,0,0
5/15/2025 4:00,27.8,82,East South-East,22,33,0,0,101.3366667,0,0
5/15/2025 5:00,27.7,80,East South-East,26,34,0,0,101.33,0,0
5/15/2025 6:00,27.7,78,East South-East,25,35,0,0,101.3533333,0,0
5/15/2025 7:00,27.8,75,East South-East,26,37,0,36.8,101.4033333,0,0
5/15/2025 8:00,28,74,East,28,38,0,212.6333333,101.4183333,0,0
5/15/2025 9:00,28.1,75,East,27,37,0,378.4833333,101.4566667,0,0
5/15/2025 10:00,28.1,75,East,27,34,0,571.3166667,101.4983333,0,0
5/15/2025 11:00,28.3,76,East,26,35,0,690.8833333,101.47,0,0
5/15/2025 12:00,28.6,78,East,24,35,0,672.0666667,101.4083333,0,0
5/15/2025 13:00,28.6,78,East,23,31,0,725.6,101.3383333,0,0
5/15/2025 14:00,28.6,81,East South-East,24,34,0,553.95,101.2883333,0,0
5/15/2025 15:00,28.7,80,East South-East,24,35,0,468.7333333,101.2683333,0,0
5/15/2025 16:00,28.6,81,East South-East,24,36,0,264.3333333,101.255,0,0
5/15/2025 17:00,28.5,84,East South-East,23,33,0,90.26666667,101.2833333,0,0
5/15/2025 18:00,28.1,86,East,23,31,0,6.25,101.3433333,0,0
5/15/2025 19:00,27.5,84,East,28,46,0,0,101.405,0,0
5/15/2025 20:00,28.2,81,East,25,37,0,0,101.4833333,0,0
5/15/2025 21:00,28.3,81,East,22,32,0,0,101.5316667,0,0
5/15/2025 22:00,28.3,79,East,25,34,0,0,101.5383333,0,0
5/15/2025 23:00,28.2,81,East,27,36,0,0,101.5133333,0,0
5/16/2025 0:00,28,81,East,24,35,0,0,101.4783333,0,0
5/16/2025 1:00,27.9,80,East North-East,24,32,0,0,101.4616667,0,0
5/16/2025 2:00,27.9,82,East North-East,23,31,0,0,101.4366667,0,0
5/16/2025 3:00,27.7,84,East,18,29,0,0,101.3933333,0,0
5/16/2025 4:00,27.9,81,East,24,32,0,0,101.3666667,0,0
5/16/2025 5:00,27.9,79,East North-East,25,35,0,0,101.3783333,0,0
5/16/2025 6:00,27.8,82,East North-East,19,35,0,0,101.4033333,0,0
5/16/2025 7:00,27.9,81,East,24,31,0,31.03333333,101.4716667,0,0
5/16/2025 8:00,28.3,78,East,26,33,0,199.95,101.5216667,0,0
5/16/2025 9:00,28.5,77,East,24,32,0,368.3166667,101.5716667,0,0
5/16/2025 10:00,28.6,77,East,23,31,0,507.3333333,101.59,0,0
5/16/2025 11:00,28.8,76,East,23,30,0,677.1333333,101.5583333,0,0
5/16/2025 12:00,28.7,79,East,22,30,0,686.4666667,101.4766667,0,0
5/16/2025 13:00,28.8,78,East North-East,23,30,0,785.1333333,101.3916667,0,0
5/16/2025 14:00,28.7,78,East,24,33,0,650.8166667,101.32,0,0
5/16/2025 15:00,28.8,78,East,21,31,0,557.15,101.2833333,0,0
5/16/2025 16:00,28.5,79,East North-East,23,39,1.2,114.7666667,101.2983333,0,0
5/16/2025 17:00,28.5,79,East,23,29,0,121.6833333,101.3466667,0,0
5/16/2025 18:00,28.4,78,East North-East,22,35,0,15.88333333,101.4133333,0,0
5/16/2025 19:00,28.3,80,East,24,29,0,0,101.4483333,0,0
5/16/2025 20:00,28.2,81,East,22,31,0,0,101.4866667,0,0
5/16/2025 21:00,28.2,78,East,22,29,0,0,101.535,0,0
5/16/2025 22:00,28.2,79,East,19,27,0,0,101.55,0,0
5/16/2025 23:00,28.1,80,East North-East,18,26,0,0,101.5366667,0,0
5/17/2025 0:00,28,80,East North-East,20,28,0,0,101.535,0,0
5/17/2025 1:00,27.9,81,East,18,26,0,0,101.4866667,0,0
5/17/2025 2:00,27.8,83,East,18,32,0,0,101.435,0,0
5/17/2025 3:00,27.8,80,East,20,29,0,0,101.395,0,0
5/17/2025 4:00,27.8,81,East,21,27,0,0,101.3566667,0,0
5/17/2025 5:00,27,83,East,22,32,0.2,0,101.365,0,0
5/17/2025 6:00,27.7,81,East,22,30,0,0,101.3783333,0,0
5/17/2025 7:00,27.9,80,East,21,30,0,36.48333333,101.4083333,0,0
5/17/2025 8:00,28.1,79,East,20,28,0,154.1833333,101.4483333,0,0
5/17/2025 9:00,28.4,77,East,22,30,0,398.4833333,101.4916667,0,0
5/17/2025 10:00,28.5,77,East,20,28,0,577.95,101.53,0,0
5/17/2025 11:00,28.9,77,East,19,28,0,656.9166667,101.5166667,0,0
5/17/2025 12:00,28.7,77,East,18,27,0,517.05,101.48,0,0
5/17/2025 13:00,28.9,76,East,19,30,0,539.8,101.4216667,0,0
5/17/2025 14:00,28.8,76,East,18,24,0,697.25,101.3383333,0,0
5/17/2025 15:00,29.1,78,East,18,24,0,576.6,101.31,0,0
5/17/2025 16:00,28.7,73,East,16,24,0,353.15,101.3166667,0,0
5/17/2025 17:00,28.5,79,East,18,24,0,144.6833333,101.36,0,0
5/17/2025 18:00,28.3,80,East,19,26,0,9.05,101.4216667,0,0
5/17/2025 19:00,28.2,79,East,22,27,0,0,101.4616667,0,0
5/17/2025 20:00,28.2,80,East,22,28,0,0,101.51,0,0
5/17/2025 21:00,28.2,80,East,24,31,0,0,101.5366667,0,0
5/17/2025 22:00,28.1,80,East,26,32,0,0,101.52,0,0
5/17/2025 23:00,28,81,East,24,32,0,0,101.4933333,0,0
5/18/2025 0:00,27.9,82,East,25,33,0,0,101.46,0,0
5/18/2025 1:00,27.9,82,East,27,37,0,0,101.42,0,0
5/18/2025 2:00,27.9,83,East North-East,30,40,0,0,101.3966667,0,0
5/18/2025 3:00,27.9,82,East North-East,30,38,0,0,101.35,0,0
5/18/2025 4:00,27.8,80,East North-East,32,41,0,0,101.3116667,0,0
5/18/2025 5:00,27.9,82,East North-East,29,39,0,0,101.2966667,0,0
5/18/2025 6:00,27.9,80,East North-East,28,38,0,0,101.3316667,0,0
5/18/2025 7:00,28.1,81,East North-East,26,36,0,38.33333333,101.4016667,0,0
5/18/2025 8:00,28.1,80,East North-East,20,32,0,129.7666667,101.4783333,0,0
5/18/2025 9:00,28.6,78,East,23,29,0,296.2,101.51,0,0
5/18/2025 10:00,28.4,80,East North-East,21,30,0,306.9833333,101.525,0,0
5/18/2025 11:00,25.8,89,North-East,26,41,3.6,160.8,101.5233333,0,0
5/18/2025 12:00,28.6,78,East South-East,9,28,0,568.7333333,101.4216667,0,0
5/18/2025 13:00,28.9,79,East,17,23,0,741.55,101.3316667,0,0
5/18/2025 14:00,28.8,81,East,16,29,0.2,632.3333333,101.2666667,0,0
5/18/2025 15:00,28.6,79,East,16,26,0,432.95,101.2216667,0,0
5/18/2025 16:00,28.6,78,East,21,27,0,281.2166667,101.1916667,0,0
5/18/2025 17:00,27.5,90,East,21,38,2.6,53.96666667,101.2466667,0,0
5/18/2025 18:00,27.7,83,East North-East,19,38,0,1.7,101.3183333,0,0
5/18/2025 19:00,28.1,83,East,17,23,0,0,101.3633333,0,0
5/18/2025 20:00,28.3,82,East South-East,22,30,0,0,101.4,0,0
5/18/2025 21:00,26.4,87,East South-East,31,49,0.4,0,101.4383333,0,0
5/18/2025 22:00,28.2,82,East,25,35,0,0,101.4666667,0,0
5/18/2025 23:00,28.2,81,East,25,36,0,0,101.4516667,0,0
5/19/2025 0:00,27.6,84,East,29,39,0.2,0,101.415,0,0
5/19/2025 1:00,28,81,East,19,33,0,0,101.405,0,0
5/19/2025 2:00,27.7,85,East,17,38,0.6,0,101.385,0,0
5/19/2025 3:00,27.9,81,East,23,30,0,0,101.37,0,0
5/19/2025 4:00,27.9,81,East,19,26,0,0,101.3633333,0,0
5/19/2025 5:00,27.7,83,East,19,32,0.4,0,101.3483333,0,0
5/19/2025 6:00,27.9,82,East,22,28,0,0,101.35,0,0
5/19/2025 7:00,27.8,83,East,26,32,0,21.61666667,101.3633333,0,0
5/19/2025 8:00,28.1,81,East North-East,29,38,0,204.7333333,101.4016667,0,0
5/19/2025 9:00,28.3,79,East North-East,28,37,0,314.75,101.43,0,0
5/19/2025 10:00,28.3,79,East North-East,28,38,0,560.7333333,101.4233333,0,0
5/19/2025 11:00,28.6,77,East,29,38,0,632.9833333,101.3833333,0,0
5/19/2025 12:00,28.6,79,East,28,41,0,706.1166667,101.31,0,0
5/19/2025 13:00,28.7,78,East,27,34,0,629.85,101.24,0,0
5/19/2025 14:00,28.6,80,East,27,33,0,681.3333333,101.1766667,0,0
5/19/2025 15:00,28.7,79,East,25,31,0,519.2833333,101.1233333,0,0
5/19/2025 16:00,28.7,80,East,26,34,0,309.7833333,101.0966667,0,0
5/19/2025 17:00,28.5,82,East,25,34,0,151.2666667,101.1233333,0,0
5/19/2025 18:00,28.3,78,East,26,36,0,12.96666667,101.18,0,0
5/19/2025 19:00,28.3,78,East,24,39,0,0,101.2333333,0,0
5/19/2025 20:00,28.3,79,East,25,34,0,0,101.31,0,0
5/19/2025 21:00,28.2,78,East,25,33,0,0,101.3466667,0,0
5/19/2025 22:00,27.9,78,East,28,36,0,0,101.3433333,0,0
5/19/2025 23:00,27.9,78,East,25,37,0,0,101.3366667,0,0
5/20/2025 0:00,27.9,79,East,27,33,0,0,101.3066667,0,0
5/20/2025 1:00,27.8,80,East,27,36,0,0,101.2783333,0,0
5/20/2025 2:00,27.7,77,East,24,34,0,0,101.2366667,0,0
5/20/2025 3:00,27.6,78,East,23,30,0,0,101.19,0,0
5/20/2025 4:00,27.7,80,East,24,33,0,0,101.16,0,0
5/20/2025 5:00,26.7,84,East,37,50,0,0,101.1733333,0,0
5/20/2025 6:00,27.3,73,East,16,49,0,0,101.2083333,0,0
5/20/2025 7:00,27.4,77,East South-East,16,24,0,18.4,101.24,0,0
5/20/2025 8:00,28,78,East,24,31,0,188.1,101.26,0,0
5/20/2025 9:00,28,79,East,23,34,0,360.7833333,101.29,0,0
5/20/2025 10:00,28.1,78,East,23,32,0,578.0833333,101.305,0,0
5/20/2025 11:00,28.3,79,East,25,32,0,627.6833333,101.2733333,0,0
5/20/2025 12:00,28.2,80,East,22,31,0,686,101.2,0,0
5/20/2025 13:00,28.4,80,East,23,32,0,728.6166667,101.1,0,0
5/20/2025 14:00,28.6,78,East,27,35,0,637.5166667,101.01,0,0
5/20/2025 15:00,28.5,78,East,23,33,0,486.8666667,100.98,0,0
5/20/2025 16:00,28.5,78,East,25,32,0,320.3333333,100.9766667,0,0
5/20/2025 17:00,28.1,82,East,24,33,0,125.65,100.9783333,0,0
5/20/2025 18:00,28.2,78,East,23,31,0,9.2,101.03,0,0
5/20/2025 19:00,28.2,83,East,23,31,0,0,101.07,0,0
5/20/2025 20:00,28.1,79,East,28,33,0,0,101.1283333,0,0
5/20/2025 21:00,28.1,82,East,24,33,0,0,101.15,0,0
5/20/2025 22:00,28.1,80,East,28,36,0,0,101.1566667,0,0
5/20/2025 23:00,28,79,East,29,36,0,0,101.155,0,0
5/21/2025 0:00,27.9,79,East,26,35,0,0,101.1466667,0,0
5/21/2025 1:00,27.9,78,East,24,35,0,0,101.135,0,0
5/21/2025 2:00,27.9,79,East,25,35,0,0,101.1133333,0,0
5/21/2025 3:00,27.8,78,East,24,33,0,0,101.0733333,0,0
5/21/2025 4:00,27.8,78,East,28,35,0,0,101.055,0,0
5/21/2025 5:00,27.8,79,East,24,39,0,0,101.0616667,0,0
5/21/2025 6:00,27.8,78,East,26,33,0,0,101.1016667,0,0
5/21/2025 7:00,27.8,78,East,25,35,0,12.31666667,101.165,0,0
5/21/2025 8:00,28.2,80,East,23,32,0,93.38333333,101.2166667,0,0
5/21/2025 9:00,28.2,81,East,25,33,0,218.25,101.2583333,0,0
5/21/2025 10:00,28.3,79,East,26,34,0,278.0166667,101.2733333,0,0
5/21/2025 11:00,28.5,76,East,27,33,0,636.6,101.225,0,0
5/21/2025 12:00,28.7,79,East,24,35,0,663.4666667,101.1433333,0,0
5/21/2025 13:00,28.6,76,East,26,33,0,767.1666667,101.0816667,0,0
5/21/2025 14:00,28.7,79,East,24,32,0,671.2666667,101.0083333,0,0
5/21/2025 15:00,28.7,77,East,27,33,0,532.95,100.965,0,0
5/21/2025 16:00,28.5,82,East,24,33,0,347.4666667,100.9616667,0,0
5/21/2025 17:00,28.4,80,East,27,35,0,148.5166667,101.0083333,0,0
5/21/2025 18:00,28.4,81,East,26,35,0,11.63333333,101.0933333,0,0
5/21/2025 19:00,28.3,81,East,25,35,0,0,101.1666667,0,0
5/21/2025 20:00,28.1,86,East,26,40,0,0,101.235,0,0
5/21/2025 21:00,28.3,81,East,24,34,0,0,101.28,0,0
5/21/2025 22:00,28.2,82,East,23,31,0,0,101.3,0,0
5/21/2025 23:00,28.1,80,East,25,31,0,0,101.2816667,0,0
5/22/2025 0:00,28.1,80,East,28,36,0,0,101.2666667,0,0
5/22/2025 1:00,28.1,75,East,31,46,0,0,101.225,0,0
5/22/2025 2:00,28,77,East,29,40,0,0,101.1983333,0,0
5/22/2025 3:00,28,73,East,31,39,0,0,101.17,0,0
5/22/2025 4:00,27.7,72,East North-East,31,40,0,0,101.1433333,0,0
5/22/2025 5:00,27.7,73,East North-East,26,36,0,0,101.165,0,0
5/22/2025 6:00,27.6,75,East North-East,25,34,0,0,101.22,0,0
5/22/2025 7:00,27.7,75,East North-East,24,34,0,29.21666667,101.3,0,0
5/22/2025 8:00,27.7,76,East,19,29,0,147.95,101.3966667,0,0
5/22/2025 9:00,28,75,East,16,26,0,303.6833333,101.49,0,0
5/22/2025 10:00,28.3,76,East,26,33,0,542.25,101.4616667,0,0
5/22/2025 11:00,26.8,86,East,37,53,0,466.7666667,101.4033333,0,0
5/22/2025 12:00,27.7,79,East,22,41,0,620.9833333,101.355,0,0
5/22/2025 13:00,27.9,78,East,25,31,0,708.65,101.2933333,0,0
5/22/2025 14:00,28,81,East,23,33,0,683.6,101.2183333,0,0
5/22/2025 15:00,28,83,East South-East,26,34,0,482.9166667,101.1666667,0,0
5/22/2025 16:00,28,80,East South-East,24,33,0,329.3666667,101.1583333,0,0
5/22/2025 17:00,27.9,82,East South-East,20,30,0,139.6666667,101.22,0,0
5/22/2025 18:00,27.5,84,East South-East,24,36,0,13.21666667,101.3033333,0,0
5/22/2025 19:00,28.1,83,East,24,31,0,0,101.3633333,0,0
5/22/2025 20:00,27.9,84,East,23,33,0,0,101.42,0,0
5/22/2025 21:00,27.9,84,East,20,31,0,0,101.48,0,0
5/22/2025 22:00,28.1,81,East,22,29,0,0,101.495,0,0
5/22/2025 23:00,28,80,East,22,28,0,0,101.48,0,0
5/23/2025 0:00,28,80,East,22,30,0,0,101.4583333,0,0
5/23/2025 1:00,27.4,84,East,19,30,0,0,101.4333333,0,0
5/23/2025 2:00,27.8,81,East,21,28,0,0,101.4066667,0,0
5/23/2025 3:00,27.8,83,East,21,29,0,0,101.3833333,0,0
5/23/2025 4:00,27.4,83,East,16,29,0,0,101.35,0,0
5/23/2025 5:00,27.6,82,East,21,27,0,0,101.375,0,0
5/23/2025 6:00,27.7,82,East,21,29,0,0,101.4216667,0,0
5/23/2025 7:00,27.9,78,East,18,28,0,20.83333333,101.5,0,0
5/23/2025 8:00,27.92199119,82.54306005,East,20.31183918,29.27063114,0,198.7833333,101.55,1,0
5/23/2025 9:00,28.4,78,East,23,31,0,367.4833333,101.595,0,0
5/23/2025 10:00,28.3,76,East,23,30,0,534.25,101.6283333,0,0
5/23/2025 11:00,28.4,77,East,24,31,0,664.55,101.5683333,0,0
5/23/2025 12:00,28.5,75,East,23,32,0,683.65,101.48,0,0
5/23/2025 13:00,28.6,79,East,26,31,0,753.6833333,101.3883333,0,0
5/23/2025 14:00,28.4,77,East,25,32,0,681.9,101.3,0,0
5/23/2025 15:00,28.4,78,East,25,31,0,535.6666667,101.2383333,0,0
5/23/2025 16:00,28.4,78,East,25,32,0,340.8333333,101.2116667,0,0
5/23/2025 17:00,28.1,81,East South-East,28,37,0,151.4166667,101.2233333,0,0
5/23/2025 18:00,28.2,81,East South-East,30,38,0,8.033333333,101.25,0,0
5/23/2025 19:00,28.2,80,East,33,42,0,0,101.27,0,0
5/23/2025 20:00,28.1,81,East,31,41,0,0,101.3233333,0,0
5/23/2025 21:00,28.1,79,East,30,39,0,0,101.41,0,0
5/23/2025 22:00,28.1,77,East,23,37,0,0,101.465,0,0
5/23/2025 23:00,28,82,East,18,33,0,0,101.4616667,0,0
5/24/2025 0:00,28,79,East,22,33,0,0,101.4466667,0,0
5/24/2025 1:00,27.8,81,East,19,26,0,0,101.4033333,0,0
5/24/2025 2:00,27.8,81,East,18,24,0,0,101.3333333,0,0
5/24/2025 3:00,27.3,82,East North-East,11,23,0,0,101.3116667,0,0
5/24/2025 4:00,27.7,81,East North-East,14,22,0,0,101.3083333,0,0
5/24/2025 5:00,27.7,81,East North-East,19,24,0,0,101.3283333,0,0
5/24/2025 6:00,25.9,84,North-East,8,56,2.6,0,101.4066667,0,0
5/24/2025 7:00,27.7,81,East North-East,23,31,0,29.68333333,101.4483333,0,0
5/24/2025 8:00,28,83,East North-East,21,29,0,137.9166667,101.515,0,0
5/24/2025 9:00,28.3,78,East North-East,23,31,0,307.1833333,101.545,0,0
5/24/2025 10:00,28.4,79,East North-East,20,31,0,501.8666667,101.5583333,0,0
5/24/2025 11:00,28.7,77,East North-East,24,31,0,630.15,101.5216667,0,0
5/24/2025 12:00,28.5,77,East North-East,22,29,0,693.7,101.4583333,0,0
5/24/2025 13:00,28.7,80,East,22,27,0,586.7833333,101.3883333,0,0
5/24/2025 14:00,28.5,79,East,23,30,0,677.55,101.32,0,0
5/24/2025 15:00,28.7,80,East,23,32,0,527.4,101.275,0,0
5/24/2025 16:00,28.6,80,East,23,32,0,338.95,101.2716667,0,0
5/24/2025 17:00,28.5,82,East,24,32,0,128.8833333,101.295,0,0
5/24/2025 18:00,28.3,83,East,24,32,0,11.05,101.345,0,0
5/24/2025 19:00,28.2,82,East,26,37,0,0,101.4066667,0,0
5/24/2025 20:00,28.2,83,East South-East,26,36,0,0,101.4866667,0,0
5/24/2025 21:00,28.2,80,East,27,35,0,0,101.54,0,0
5/24/2025 22:00,28.1,83,East,25,37,0,0,101.56,0,0
5/24/2025 23:00,27.9,84,East,27,34,0,0,101.5366667,0,0
5/25/2025 0:00,28,83,East,26,39,0,0,101.5166667,0,0
5/25/2025 1:00,28,83,East,30,37,0,0,101.4933333,0,0
5/25/2025 2:00,28,83,East,33,40,0,0,101.4616667,0,0
5/25/2025 3:00,27.8,80,East,29,41,0,0,101.4283333,0,0
5/25/2025 4:00,27.9,80,East,27,37,0,0,101.4416667,0,0
5/25/2025 5:00,27.9,78,East,29,36,0,0,101.4666667,0,0
5/25/2025 6:00,27.7,82,East,29,41,0,0,101.53,0,0
5/25/2025 7:00,28.1,74,East,33,42,0.2,32.71666667,101.5983333,0,0
5/25/2025 8:00,28.2,77,East,33,44,0,166.5666667,101.6716667,0,0
5/25/2025 9:00,28.2,76,East,33,43,0,364.9,101.7233333,0,0
5/25/2025 10:00,28.4,76,East,34,46,0,567.95,101.7333333,0,0
5/25/2025 11:00,28.3,75,East,35,46,0,678.4833333,101.7,0,0
5/25/2025 12:00,28.4,78,East,31,44,0,674.75,101.6433333,0,0
5/25/2025 13:00,28.4,75,East,33,48,0,714.0333333,101.575,0,0
5/25/2025 14:00,28.4,76,East,33,48,0,677.0666667,101.4883333,0,0
5/25/2025 15:00,28.4,77,East,33,45,0,461.6833333,101.44,0,0
5/25/2025 16:00,28.5,73,East,37,50,0,301.3833333,101.4283333,0,0
5/25/2025 17:00,28.2,76,East South-East,36,49,0,161.1833333,101.4533333,0,0
5/25/2025 18:00,28.1,75,East South-East,37,49,0,9.6,101.52,0,0
5/25/2025 19:00,28.1,77,East South-East,36,48,0,0,101.6016667,0,0
5/25/2025 20:00,28.1,79,East South-East,33,49,0,0,101.6533333,0,0
5/25/2025 21:00,28.1,78,East South-East,35,48,0,0,101.675,0,0
5/25/2025 22:00,28,79,East South-East,37,51,0,0,101.6716667,0,0
5/25/2025 23:00,27.9,81,East South-East,35,50,0,0,101.635,0,0
5/26/2025 0:00,27.9,82,East,33,51,0,0,101.6,0,0
5/26/2025 1:00,27.8,80,East,35,49,0,0,101.5683333,0,0
5/26/2025 2:00,27.7,81,East,32,45,0,0,101.5266667,0,0
5/26/2025 3:00,27.8,83,East,32,45,0,0,101.4816667,0,0
5/26/2025 4:00,27.9,80,East,35,45,0,0,101.4833333,0,0
5/26/2025 5:00,28,82,East,35,45,0,0,101.49,0,0
5/26/2025 6:00,27.9,80,East,35,48,0,0,101.5316667,0,0
5/26/2025 7:00,28.1,80,East,33,46,0,24.93333333,101.5833333,0,0
5/26/2025 8:00,28,81,East,35,54,0,219.45,101.6383333,0,0
5/26/2025 9:00,28.2,82,East,32,50,0,275.5833333,101.7116667,0,0
5/26/2025 10:00,28.6,75,East,37,49,0,517.8333333,101.745,0,0
5/26/2025 11:00,28.4,77,East,33,47,0,594.7,101.7216667,0,0
5/26/2025 12:00,28.6,75,East,36,46,0,688.0833333,101.6683333,0,0
5/26/2025 13:00,28.5,76,East,32,46,0,753.2666667,101.58,0,0
5/26/2025 14:00,28.6,74,East,32,42,0,642.8333333,101.4983333,0,0
5/26/2025 15:00,28.6,75,East,33,43,0,522.1333333,101.4483333,0,0
5/26/2025 16:00,28.6,75,East,31,41,0,345.3,101.44,0,0
5/26/2025 17:00,28.1,79,East,27,40,0,122.7166667,101.47,0,0
5/26/2025 18:00,28.1,76,East,26,38,0,13.53333333,101.53,0,0
5/26/2025 19:00,28,80,East South-East,30,43,0.8,0,101.5916667,0,0
5/26/2025 20:00,28.1,78,East South-East,31,41,0,0,101.6566667,0,0
5/26/2025 21:00,27.3,85,East South-East,23,51,0.6,0,101.7066667,0,0
5/26/2025 22:00,27.4,81,East South-East,29,49,0,0,101.7433333,0,0
5/26/2025 23:00,27.7,80,East,31,40,0,0,101.765,0,0
5/27/2025 0:00,27.7,82,East South-East,30,48,0,0,101.7333333,0,0
5/27/2025 1:00,27.5,82,East South-East,26,40,0,0,101.7033333,0,0
5/27/2025 2:00,27.3,82,East South-East,31,52,2.6,0,101.6683333,0,0
5/27/2025 3:00,27.2,86,East South-East,31,43,0,0,101.6183333,0,0
5/27/2025 4:00,27.3,83,East South-East,30,42,0,0,101.5833333,0,0
5/27/2025 5:00,27.4,80,East South-East,31,41,0,0,101.595,0,0
5/27/2025 6:00,27.3,82,East South-East,27,37,0,0,101.645,0,0
5/27/2025 7:00,27.3,82,East South-East,25,37,0,15.78333333,101.685,0,0
5/27/2025 8:00,27.3,82,East South-East,32,44,0,156.8,101.7166667,0,0
5/27/2025 9:00,27.7,79,East South-East,31,44,0,365.4666667,101.7566667,0,0
5/27/2025 10:00,27.5,82,East South-East,29,43,0,462.9,101.7866667,0,0
5/27/2025 11:00,26.3,91,East South-East,28,43,1.4,336.35,101.7683333,0,0
5/27/2025 12:00,26.6,88,East South-East,27,36,0,598.7,101.6966667,0,0
5/27/2025 13:00,27.5,82,East South-East,23,33,0,573.3833333,101.635,0,0
5/27/2025 14:00,27.6,84,East South-East,24,34,0,642.65,101.5383333,0,0
5/27/2025 15:00,27.2,85,East South-East,25,33,0,512.8166667,101.4766667,0,0
5/27/2025 16:00,26.7,87,East South-East,32,44,0,169.2166667,101.47,0,0
5/27/2025 17:00,26.4,90,East South-East,30,45,0,115.05,101.4983333,0,0
5/27/2025 18:00,26.6,90,East South-East,27,37,0,13.71666667,101.535,0,0
5/27/2025 19:00,26.88154719,86.14502466,East South-East,30.97440732,43.7196702,0,0,101.59,1,0
5/27/2025 20:00,27.22728979,85.23537914,East,27.41611379,41.56929102,0,0,101.6466667,1,0
5/27/2025 21:00,27.08416843,84.70638645,East,28.46882693,44.43646326,0,0,101.7016667,1,0
5/27/2025 22:00,26.97160108,86.6454166,East,28.13023499,44.28555945,0.019586869,0,101.7183333,1,0
5/27/2025 23:00,26.56475049,87.2498363,East South-East,29.17063569,53.60386923,0.528845442,0,101.7083333,1,0
5/28/2025 0:00,27.23854652,85.07728944,East,32.69814812,44.47418921,0,0,101.6916667,1,0
5/28/2025 1:00,26.95873623,86.03548482,East,32.6181173,46.73774624,0.254629287,0,101.665,1,0
5/28/2025 2:00,26.69018269,87.53476608,East South-East,29.5707898,49.71809633,0.293803023,0,101.6316667,1,0
5/28/2025 3:00,25.97135971,88.93854695,East South-East,29.09060486,42.55016573,1.116451488,0,101.5866667,1,0
5/28/2025 4:00,26.97160108,85.99265847,East,30.83281432,45.49278987,0,0,101.545,1,0
5/28/2025 5:00,27.15492506,85.37449031,East South-East,32.69814812,44.73827086,0,0,101.5416667,1,0
5/28/2025 6:00,27.00697939,85.57972362,East South-East,32.23027562,50.73669699,0,0,101.59,1,0
5/28/2025 7:00,27.31251936,83.48034288,East South-East,32.39033726,44.13465565,0,10.66666667,101.6333333,1,0
5/28/2025 8:00,27.10024948,87.32386535,East South-East,31.07906301,43.22923284,0,199.1833333,101.6633333,1,0
5/28/2025 9:00,27.4,87,East,28,45,0,321.8333333,101.7133333,0,0
5/28/2025 10:00,26.7,87,East,36,50,0,418.95,101.705,0,0
5/28/2025 11:00,27.5,85,East,31,43,0,643.85,101.665,0,0
5/28/2025 12:00,26.6,91,East South-East,25,53,0.4,503.6833333,101.6133333,0,0
5/28/2025 13:00,27.1,90,East,33,49,0,409.6,101.5666667,0,0
5/28/2025 14:00,27.4,85,East,27,41,0,447.0666667,101.4883333,0,0
5/28/2025 15:00,27.8,81,East South-East,29,45,0,447.4,101.4016667,0,0
5/28/2025 16:00,27.7,86,East,30,44,1.2,265.4,101.3933333,0,0
5/28/2025 17:00,26.5,90,East,24,46,0.8,82.96666667,101.43,0,0
5/28/2025 18:00,27.5,84,East South-East,27,40,0,5.05,101.4666667,0,0
5/28/2025 19:00,25.7,94,East South-East,31,48,0.4,0,101.515,0,0
5/28/2025 20:00,25.8,96,South-East,38,51,2,0,101.5516667,0,0
5/28/2025 21:00,26.7,86,East South-East,32,59,0.6,0,101.58,0,0
5/28/2025 22:00,25.6,92,East South-East,35,49,0,0,101.635,0,0
5/28/2025 23:00,25.7,93,East,29,45,0,0,101.6483333,0,0
5/29/2025 0:00,25.1,95,East,19,46,0.8,0,101.6533333,0,0
5/29/2025 1:00,27.1,84,East,31,45,3.6,0,101.6183333,0,0
5/29/2025 2:00,27.3,80,East South-East,35,52,0,0,101.5416667,0,0
5/29/2025 3:00,27.3,77,East South-East,36,47,0,0,101.51,0,0
5/29/2025 4:00,27.2,78,East South-East,36,46,0,0,101.4783333,0,0
5/29/2025 5:00,27.3,75,East South-East,33,45,0,0,101.5116667,0,0
5/29/2025 6:00,27.2,77,East South-East,34,44,0,0,101.5516667,0,0
5/29/2025 7:00,27.3,75,East South-East,32,44,0,17.43333333,101.585,0,0
5/29/2025 8:00,27.4,75,East South-East,30,42,0,186.2,101.6216667,0,0
5/29/2025 9:00,27.7,74,East South-East,31,45,0,336.4166667,101.6766667,0,0
5/29/2025 10:00,27.7,76,East South-East,31,42,0,548.5166667,101.7116667,0,0
5/29/2025 11:00,27.9,75,East South-East,30,40,0,644.8666667,101.6916667,0,0
5/29/2025 12:00,27.9,78,East South-East,29,39,0,657.4833333,101.6433333,0,0
5/29/2025 13:00,28.1,76,East South-East,29,40,0,729.6166667,101.5883333,0,0
5/29/2025 14:00,27.9,76,East South-East,31,41,0,562.4833333,101.5283333,0,0
5/29/2025 15:00,27.7,80,East South-East,31,40,0,528.3,101.485,0,0
5/29/2025 16:00,27.7,78,East South-East,31,46,0,330.3166667,101.4633333,0,0
5/29/2025 17:00,27.5,80,East South-East,34,43,0,141.8666667,101.4916667,0,0
5/29/2025 18:00,27.4,78,East South-East,32,43,0,8.833333333,101.53,0,0
5/29/2025 19:00,27.4,79,East South-East,33,44,0,0,101.5716667,0,0
5/29/2025 20:00,27.4,77,East South-East,32,43,0,0,101.6133333,0,0
5/29/2025 21:00,27.4,77,East South-East,30,43,0,0,101.6516667,0,0
5/29/2025 22:00,27.4,79,East South-East,30,41,0,0,101.6516667,0,0
5/29/2025 23:00,27.3,79,East South-East,30,40,0,0,101.6316667,0,0
5/30/2025 0:00,27.2,80,East South-East,30,40,0,0,101.5983333,0,0
5/30/2025 1:00,27.2,79,East South-East,31,41,0,0,101.5583333,0,0
5/30/2025 2:00,27.1,80,East South-East,28,39,0,0,101.54,0,0
5/30/2025 3:00,27.3,78,East South-East,27,39,0,0,101.5216667,0,0
5/30/2025 4:00,25.6,90,East South-East,38,47,0,0,101.5133333,0,0
5/30/2025 5:00,25.9,91,East South-East,30,46,0,0,101.5483333,0,0
5/30/2025 6:00,26,92,South-East,26,39,0.6,0,101.5666667,0,0
5/30/2025 7:00,26.4,89,East South-East,21,42,0,30.35,101.6083333,0,0
5/30/2025 8:00,26.9,86,East South-East,28,35,0,169.8,101.6283333,0,0
5/30/2025 9:00,27.2,86,East South-East,26,37,0,272.3666667,101.6533333,0,0
5/30/2025 10:00,27.7,82,East South-East,28,37,0,551.05,101.6333333,0,0
5/30/2025 11:00,27.7,83,East South-East,26,35,0,640.2,101.6016667,0,0
5/30/2025 12:00,27.7,84,East South-East,26,33,0,656.5,101.585,0,0
5/30/2025 13:00,26.3,90,East,30,40,0,591.2666667,101.5366667,0,0
5/30/2025 14:00,26.5,91,East,26,36,0,330.8,101.48,0,0
5/30/2025 15:00,26.9,87,East,18,31,0,425.5166667,101.4416667,0,0
5/30/2025 16:00,26.9,87,East,13,22,0,196.75,101.4566667,0,0
5/30/2025 17:00,27.5,86,East,17,22,0,39.98333333,101.495,0,0
5/30/2025 18:00,27.5,83,East,20,27,0,7.033333333,101.5283333,0,0
5/30/2025 19:00,27.3,85,East South-East,21,33,0,0,101.5483333,0,0
5/30/2025 20:00,27.1,83,East South-East,25,46,0,0,101.58,0,0
5/30/2025 21:00,27.7,78,East South-East,33,47,0,0,101.5833333,0,0
5/30/2025 22:00,27.6,79,East South-East,32,44,0,0,101.5816667,0,0
5/30/2025 23:00,27.4,80,East South-East,35,46,0,0,101.5566667,0,0
5/31/2025 0:00,27.4,77,East South-East,33,44,0,0,101.5316667,0,0
5/31/2025 1:00,27.1,78,East South-East,32,49,0,0,101.5,0,0
5/31/2025 2:00,27.1,78,East South-East,33,46,0,0,101.455,0,0
5/31/2025 3:00,27,80,East South-East,33,47,0,0,101.4183333,0,0
5/31/2025 4:00,26.9,79,East South-East,33,45,0,0,101.3633333,0,0
5/31/2025 5:00,26.9,80,East South-East,33,48,0,0,101.3566667,0,0
5/31/2025 6:00,26.9,75,East South-East,33,43,0,0,101.3983333,0,0
5/31/2025 7:00,26.8,77,East South-East,31,44,0,20.5,101.45,0,0
5/31/2025 8:00,26.9,77,East South-East,27,41,0,178.8,101.485,0,0
5/31/2025 9:00,27,75,East South-East,28,39,0,334.7,101.525,0,0
5/31/2025 10:00,27.2,75,East South-East,27,40,0,549.6166667,101.5083333,0,0
5/31/2025 11:00,27.3,76,East South-East,28,37,0,591.4333333,101.47,0,0
5/31/2025 12:00,27.5,77,East South-East,26,42,0,678.7,101.415,0,0
5/31/2025 13:00,27.6,78,East South-East,27,37,0,690.5833333,101.32,0,0
5/31/2025 14:00,27.5,77,East South-East,24,36,0,688.55,101.2416667,0,0
5/31/2025 15:00,27.6,78,East South-East,22,33,0,519.1333333,101.2,0,0
5/31/2025 16:00,27.5,79,East South-East,22,32,0,325.0333333,101.1783333,0,0
5/31/2025 17:00,27.3,81,East South-East,22,32,0,135.65,101.2116667,0,0
5/31/2025 18:00,27.2,83,East South-East,24,32,0,12.4,101.2516667,0,0
5/31/2025 19:00,27.1,82,East South-East,22,32,0,0,101.2983333,0,0
5/31/2025 20:00,27.3,84,East South-East,23,33,0,0,101.3516667,0,0
5/31/2025 21:00,27.3,79,East South-East,22,32,0,0,101.3616667,0,0
5/31/2025 22:00,27.3,79,East South-East,23,32,0,0,101.3666667,0,0
5/31/2025 23:00,27.2,80,East South-East,23,30,0,0,101.3516667,0,0
6/1/2025 0:00,27.2,78,East South-East,23,28,0,0,101.3266667,0,0
6/1/2025 1:00,27.1,82,East South-East,21,30,0,0,101.3016667,0,0
6/1/2025 2:00,27,82,East South-East,21,28,0,0,101.2783333,0,0
6/1/2025 3:00,26.9,82,East South-East,19,27,0,0,101.2466667,0,0
6/1/2025 4:00,26.9,84,East,18,26,0,0,101.2216667,0,0
6/1/2025 5:00,27,84,East,17,28,0,0,101.2283333,0,0
6/1/2025 6:00,27.1,85,East South-East,17,23,0,0,101.2733333,0,0
6/1/2025 7:00,27.4,83,East,21,26,0,28.56666667,101.3283333,0,0
6/1/2025 8:00,27.5,83,East,22,28,0,168.2333333,101.3616667,0,0
6/1/2025 9:00,27.9,79,East,18,26,0,345.4333333,101.4133333,0,0
6/1/2025 10:00,27.9,80,East,18,25,0,553.65,101.4633333,0,0
6/1/2025 11:00,28.2,81,East South-East,18,25,0,651.1833333,101.4283333,0,0
6/1/2025 12:00,28.2,79,East South-East,19,26,0,699.6333333,101.3816667,0,0
6/1/2025 13:00,28.2,81,East South-East,18,27,0,670.3833333,101.3033333,0,0
6/1/2025 14:00,28.1,80,East South-East,18,25,0,683.95,101.2233333,0,0
6/1/2025 15:00,28.1,83,East,19,24,0,538.1833333,101.1616667,0,0
6/1/2025 16:00,28.2,82,East,16,24,0,341.3,101.165,0,0
6/1/2025 17:00,27.8,81,East,16,19,0,143.05,101.1983333,0,0
6/1/2025 18:00,27.9,82,East,17,22,0,8.383333333,101.26,0,0
6/1/2025 19:00,27.8,82,East,17,22,0,0,101.3133333,0,0
6/1/2025 20:00,27.8,82,East,16,21,0,0,101.375,0,0
6/1/2025 21:00,27.8,82,East,17,22,0,0,101.42,0,0
6/1/2025 22:00,27.7,84,East,16,23,0,0,101.4216667,0,0
6/1/2025 23:00,27.6,81,East North-East,14,20,0,0,101.4016667,0,0
6/2/2025 0:00,27.5,82,East North-East,13,19,0,0,101.375,0,0
6/2/2025 1:00,27.6,83,East,13,19,0,0,101.3633333,0,0
6/2/2025 2:00,27.4,84,East,13,22,0,0,101.3466667,0,0
6/2/2025 3:00,27.4,85,East North-East,11,17,0,0,101.32,0,0
6/2/2025 4:00,27.3,84,North-East,12,26,0,0,101.3016667,0,0
6/2/2025 5:00,26.9,86,East North-East,15,20,0,0,101.3033333,0,0
6/2/2025 6:00,27.3,85,East,12,17,0,0,101.33,0,0
6/2/2025 7:00,27.5,84,East North-East,12,17,0,21.46666667,101.3866667,0,0
6/2/2025 8:00,27.8,81,East,14,19,0,185.95,101.4416667,0,0
6/2/2025 9:00,28,80,East South-East,13,17,0,349.35,101.485,0,0
6/2/2025 10:00,28.2,79,East,11,16,0,555.0833333,101.51,0,0
6/2/2025 11:00,28.1,81,East,15,20,0,582.8166667,101.4933333,0,0
6/2/2025 12:00,28.3,80,East,16,21,0,682.45,101.4366667,0,0
6/2/2025 13:00,28.2,79,East,15,20,0,742.8833333,101.3833333,0,0
6/2/2025 14:00,28.3,78,East,14,21,0,636.4666667,101.3316667,0,0
6/2/2025 15:00,28.4,79,East,11,17,0,518.0166667,101.31,0,0
6/2/2025 16:00,28.4,82,East,14,19,0,320.5833333,101.3016667,0,0
6/2/2025 17:00,28,83,East,19,29,0,144.1166667,101.33,0,0
6/2/2025 18:00,27.8,84,East,17,22,0,11.61666667,101.41,0,0
6/2/2025 19:00,27.6,81,East South-East,14,21,0,0,101.4666667,0,0
6/2/2025 20:00,26.7,88,East,25,32,0,0,101.5283333,0,0
6/2/2025 21:00,27.2,83,East,23,36,0,0,101.5783333,0,0
6/2/2025 22:00,27,82,North-East,15,26,0,0,101.6033333,0,0
6/2/2025 23:00,27,81,East North-East,12,18,0,0,101.5833333,0,0
6/3/2025 0:00,27.2,88,East,15,19,0,0,101.5516667,0,0
6/3/2025 1:00,27.2,87,East,18,22,0,0,101.5166667,0,0
6/3/2025 2:00,27.2,83,East,18,23,0,0,101.47,0,0
6/3/2025 3:00,27.2,86,East,15,23,0,0,101.42,0,0
6/3/2025 4:00,27.1,85,East,18,24,0,0,101.3883333,0,0
6/3/2025 5:00,27.2,84,East,17,26,0,0,101.4016667,0,0
6/3/2025 6:00,27.2,85,East,16,23,0,0,101.4516667,0,0
6/3/2025 7:00,27.4,85,East,17,23,0,30.91666667,101.4916667,0,0
6/3/2025 8:00,27.7,81,East,18,25,0,192.1333333,101.5333333,0,0
6/3/2025 9:00,27.6,82,East,19,26,0,255.0166667,101.595,0,0
6/3/2025 10:00,27.9,82,East,18,25,0,350.0666667,101.6166667,0,0
6/3/2025 11:00,28.2,81,East North-East,17,23,0,532.5333333,101.5783333,0,0
6/3/2025 12:00,27.6,86,East,19,27,0,473.95,101.5166667,0,0
6/3/2025 13:00,27.5,86,East,21,27,0,394.0333333,101.46,0,0
6/3/2025 14:00,27.8,84,East,18,26,0,308.4166667,101.3916667,0,0
6/3/2025 15:00,27.9,83,East,18,26,0,390.9166667,101.3733333,0,0
6/3/2025 16:00,27.7,85,East South-East,21,29,0,190.1166667,101.3666667,0,0
6/3/2025 17:00,27.2,87,East South-East,19,29,0,103.5666667,101.4,0,0
6/3/2025 18:00,25.4,82,East,24,41,0.2,5.35,101.475,0,0
6/3/2025 19:00,26.7,87,East,12,28,0.2,0,101.5116667,0,0
6/3/2025 20:00,27.9,81,East,17,24,0,0,101.5383333,0,0
6/3/2025 21:00,27.8,80,East North-East,21,27,0,0,101.565,0,0
6/3/2025 22:00,27.7,78,East North-East,21,26,0,0,101.5583333,0,0
6/3/2025 23:00,27.7,79,East,22,28,0,0,101.5666667,0,0
6/4/2025 0:00,27.6,81,East,22,27,0,0,101.525,0,0
6/4/2025 1:00,27.5,82,East,21,28,0,0,101.4733333,0,0
6/4/2025 2:00,27.5,82,East North-East,25,32,0,0,101.4216667,0,0
6/4/2025 3:00,27.3,81,East North-East,25,32,0,0,101.395,0,0
6/4/2025 4:00,27.4,79,East North-East,27,38,0,0,101.34,0,0
6/4/2025 5:00,27.3,82,East North-East,24,33,0,0,101.3616667,0,0
6/4/2025 6:00,27.4,82,East North-East,26,34,0,0,101.3716667,0,0
6/4/2025 7:00,27.5,77,East North-East,27,35,0,21.96666667,101.4316667,0,0
6/4/2025 8:00,27.5,80,East North-East,24,32,0,133.2166667,101.4866667,0,0
6/4/2025 9:00,27.7,79,East North-East,23,34,0,139.9833333,101.5316667,0,0
6/4/2025 10:00,27.9,77,East North-East,26,42,0.4,256.5333333,101.5216667,0,0
6/4/2025 11:00,28,76,East North-East,25,36,0,431.2666667,101.465,0,0
6/4/2025 12:00,28.2,75,East North-East,23,32,0,470.9833333,101.41,0,0
6/4/2025 13:00,28.2,76,East North-East,23,33,0,506.1166667,101.3266667,0,0
6/4/2025 14:00,28.3,79,East North-East,18,30,0,468.5833333,101.2783333,0,0
6/4/2025 15:00,27.4,80,East,19,31,0,250.5166667,101.2483333,0,0
6/4/2025 16:00,27.9,75,East North-East,14,23,0,177.85,101.2433333,0,0
6/4/2025 17:00,27.7,76,East,15,19,0,59.85,101.265,0,0
6/4/2025 18:00,27.7,76,East,15,21,0,5.4,101.325,0,0
6/4/2025 19:00,27.7,78,East South-East,13,18,0,0,101.3816667,0,0
6/4/2025 20:00,26.6,82,East South-East,20,29,0,0,101.46,0,0
6/4/2025 21:00,25.9,89,East,23,42,2.8,0,101.5,0,0
6/4/2025 22:00,26.1,87,South-East,31,43,0,0,101.4633333,0,0
6/4/2025 23:00,25.6,88,South-East,32,42,0,0,101.4066667,0,0
6/5/2025 0:00,24.7,93,East South-East,28,38,0.6,0,101.4166667,0,0
6/5/2025 1:00,25.4,88,East South-East,23,31,0.2,0,101.4033333,0,0
6/5/2025 2:00,25.6,87,East South-East,28,36,0,0,101.3016667,0,0
6/5/2025 3:00,25.7,89,East South-East,33,41,0,0,101.2433333,0,0
6/5/2025 4:00,25.6,89,East South-East,28,44,0,0,101.195,0,0
6/5/2025 5:00,25.7,87,East South-East,27,37,0,0,101.2466667,0,0
6/5/2025 6:00,25.9,89,East South-East,31,41,0,0,101.2533333,0,0
6/5/2025 7:00,25.9,83,East,29,42,0,10.9,101.3166667,0,0
6/5/2025 8:00,26.1,85,East,30,39,0,148.4,101.365,0,0
6/5/2025 9:00,26.7,81,East North-East,32,42,0,363.7666667,101.4033333,0,0
6/5/2025 10:00,25.6,87,North-East,25,45,0,299.55,101.47,0,0
6/5/2025 11:00,26.3,85,East North-East,27,34,0,483.05,101.4166667,0,0
6/5/2025 12:00,26.7,82,East North-East,31,39,0,630.6833333,101.3283333,0,0
6/5/2025 13:00,27.3,78,North-East,31,44,0,684.75,101.2633333,0,0
6/5/2025 14:00,26.6,83,East North-East,25,37,0,479.5666667,101.19,0,0
6/5/2025 15:00,27,80,East North-East,30,38,0,430.9833333,101.165,0,0
6/5/2025 16:00,27.2,79,East North-East,24,36,0,301.5333333,101.1733333,0,0
6/5/2025 17:00,27.3,80,East North-East,25,33,0,62.76666667,101.2283333,0,0
6/5/2025 18:00,27.3,82,East North-East,19,36,0,7.45,101.2966667,0,0
6/5/2025 19:00,27.2,85,East,22,30,0,0,101.3333333,0,0
6/5/2025 20:00,27.4,86,East,22,28,0,0,101.38,0,0
6/5/2025 21:00,27.6,85,East,22,32,0,0,101.405,0,0
6/5/2025 22:00,27.8,83,East,28,35,0,0,101.415,0,0
6/5/2025 23:00,27.8,82,East North-East,24,34,0,0,101.4183333,0,0
6/6/2025 0:00,27.6,80,East,26,35,0,0,101.4166667,0,0
6/6/2025 1:00,27.6,84,East,24,37,0,0,101.4033333,0,0
6/6/2025 2:00,27.7,83,East,31,40,0,0,101.3716667,0,0
6/6/2025 3:00,27.5,83,East,32,40,0,0,101.3166667,0,0
6/6/2025 4:00,27.4,83,East,32,50,0.2,0,101.2916667,0,0
6/6/2025 5:00,27.3,82,East,28,42,0,0,101.3383333,0,0
6/6/2025 6:00,26.7,88,East South-East,27,42,0,0,101.3616667,0,0
6/6/2025 7:00,27.8,82,East,33,45,0,32.31666667,101.4,0,0
6/6/2025 8:00,27.8,78,East,30,44,0,157.9833333,101.4633333,0,0
6/6/2025 9:00,28.1,79,East,30,42,0,359.2166667,101.5333333,0,0
6/6/2025 10:00,27.7,83,East,29,47,0,433.15,101.5466667,0,0
6/6/2025 11:00,27.8,83,East,23,39,0,570.2333333,101.52,0,0
6/6/2025 12:00,26,86,East,18,56,2.4,293.3666667,101.4966667,0,0
6/6/2025 13:00,27.5,80,East,29,48,0,364.3666667,101.4416667,0,0
6/6/2025 14:00,27.6,79,East,12,49,0,277.35,101.3916667,0,0
6/6/2025 15:00,27.9,81,East,19,26,0,226.5666667,101.3616667,0,0
6/6/2025 16:00,27.2,80,East South-East,24,34,0.2,115.35,101.3783333,0,0
6/6/2025 17:00,26.5,82,East South-East,22,40,0,44.91666667,101.4216667,0,0
6/6/2025 18:00,25.5,92,East,25,31,1,4.433333333,101.51,0,0
6/6/2025 19:00,25.5,92,East South-East,22,29,0,0,101.5666667,0,0
6/6/2025 20:00,25,94,East South-East,20,39,3.6,0,101.5933333,0,0
6/6/2025 21:00,26.4,90,East South-East,26,35,0,0,101.495,0,0
6/6/2025 22:00,27.3,84,East,40,52,0.2,0,101.405,0,0
6/6/2025 23:00,27.1,87,East,41,53,0,0,101.405,0,0
6/7/2025 0:00,27,87,East South-East,36,49,0,0,101.3733333,0,0
6/7/2025 1:00,27.1,87,East,33,48,0,0,101.3566667,0,0
6/7/2025 2:00,27.2,85,East,33,45,0,0,101.3533333,0,0
6/7/2025 3:00,27.2,84,East,30,44,0,0,101.3133333,0,0
6/7/2025 4:00,27.4,83,East,32,41,0,0,101.3233333,0,0
6/7/2025 5:00,27.3,82,East,30,41,0,0,101.3283333,0,0
6/7/2025 6:00,27.3,83,East,31,41,0,0,101.3716667,0,0
6/7/2025 7:00,26.5,85,East,29,41,0,31.46666667,101.4183333,0,0
6/7/2025 8:00,27.8,80,East,31,41,0,154.7333333,101.4533333,0,0
6/7/2025 9:00,27.9,80,East,25,40,0,327.8166667,101.505,0,0
6/7/2025 10:00,28.1,76,East North-East,28,34,0,507.7833333,101.525,0,0
6/7/2025 11:00,28.1,77,East North-East,29,37,0,621.9666667,101.475,0,0
6/7/2025 12:00,27.9,78,East North-East,23,34,0,542.2,101.3916667,0,0
6/7/2025 13:00,28.2,77,East,23,31,0,562.2666667,101.3083333,0,0
6/7/2025 14:00,28.1,78,East North-East,20,30,0,431.7666667,101.2366667,0,0
6/7/2025 15:00,28,78,East North-East,16,24,0,367.8833333,101.1866667,0,0
6/7/2025 16:00,27.8,84,East,18,27,0,257.2333333,101.1733333,0,0
6/7/2025 17:00,27.5,85,East,22,31,0,131.8666667,101.1916667,0,0
6/7/2025 18:00,27.4,85,East,21,30,0,7.3,101.2333333,0,0
6/7/2025 19:00,27.5,82,East,20,29,0,0,101.285,0,0
6/7/2025 20:00,27.4,83,East,19,27,0,0,101.32,0,0
6/7/2025 21:00,27.4,83,East,19,26,0,0,101.3333333,0,0
6/7/2025 22:00,26.8,89,East South-East,21,33,0,0,101.3383333,0,0
6/7/2025 23:00,27,87,East,19,27,0,0,101.3516667,0,0
6/8/2025 0:00,26.9,87,East South-East,13,23,0,0,101.3583333,0,0
6/8/2025 1:00,26.9,87,East,9,18,0,0,101.35,0,0
6/8/2025 2:00,26.9,86,East,8,14,0,0,101.3,0,0
6/8/2025 3:00,26.8,88,East South-East,8,13,0,0,101.27,0,0
6/8/2025 4:00,26.6,86,South-East,10,14,0,0,101.2316667,0,0
6/8/2025 5:00,26.71912858,84.9105342,South-East,9.119836376,18.8582688,0,0,101.2183333,1,0
6/8/2025 6:00,26.3,89,South-East,18,24,0,0,101.2433333,0,0
6/8/2025 7:00,26.6,85,North North-East,19,26,0,5.45,101.295,0,0
6/8/2025 8:00,26.5,86,North,35,45,0,23.85,101.3633333,0,0
6/8/2025 9:00,25.4,88,East South-East,32,47,1.6,40.51666667,101.4033333,0,0
6/8/2025 10:00,24.9,93,East South-East,45,59,2.2,77.35,101.3983333,0,0
6/8/2025 11:00,25.2,86,East South-East,33,55,0.6,144.9666667,101.3933333,0,0
6/8/2025 12:00,25.4,82,East,32,43,0,205.0166667,101.365,0,0
6/8/2025 13:00,25.3,85,East,32,45,0.2,184.9166667,101.2883333,0,0
6/8/2025 14:00,26.9,74,East South-East,24,44,0,579.8333333,101.215,0,0
6/8/2025 15:00,26.1,76,East,18,30,0,275.8,101.1616667,0,0
6/8/2025 16:00,26.1,78,East,17,26,0,353.1833333,101.08,0,0
6/8/2025 17:00,25.9,77,East,21,27,0,76.65,101.0933333,0,0
6/8/2025 18:00,25.8,84,East,26,33,0,7.133333333,101.12,0,0
6/8/2025 19:00,26.2,84,East,23,31,0,0,101.1916667,0,0
6/8/2025 20:00,26.5,86,East,22,30,0,0,101.2383333,0,0
6/8/2025 21:00,26.5,87,East,15,29,0,0,101.2616667,0,0
6/8/2025 22:00,26.9,84,East,16,21,0,0,101.2683333,0,0
6/8/2025 23:00,27.2,81,East North-East,14,20,0,0,101.275,0,0
6/9/2025 0:00,27,82,North-East,16,22,0,0,101.25,0,0
6/9/2025 1:00,27,82,North-East,13,21,0,0,101.23,0,0
6/9/2025 2:00,26.9,83,North-East,10,19,0,0,101.195,0,0
6/9/2025 3:00,26.8,83,North North-East,10,19,0,0,101.135,0,0
6/9/2025 4:00,25.3,89,North North-West,4,14,0,0,101.085,0,0
6/9/2025 5:00,24.6,93,West North-West,3,8,0,0,101.11,0,0
6/9/2025 6:00,25.6,87,North North-West,10,24,0,0,101.1683333,0,0
6/9/2025 7:00,25.2,90,North North-East,9,18,0.2,8.666666667,101.2383333,0,0
6/9/2025 8:00,25.6,85,East North-East,9,26,0.2,95.41666667,101.2983333,0,0
6/9/2025 9:00,28.2,74,East,4,8,0,362.3333333,101.3166667,0,0
6/9/2025 10:00,27.9,77,East North-East,6,12,0,493.7166667,101.325,0,0
6/9/2025 11:00,29.2,74,North North-East,6,13,0,572.4666667,101.2983333,0,0
6/9/2025 12:00,28.9,71,West North-West,9,17,0,669.3833333,101.2316667,0,0
6/9/2025 13:00,29,73,West North-West,11,20,0,709.2666667,101.16,0,0
6/9/2025 14:00,29.1,72,West North-West,9,19,0,656.0833333,101.0866667,0,0
6/9/2025 15:00,28.7,72,North-West,13,21,0,522.6,101.03,0,0
6/9/2025 16:00,28.4,73,North-West,12,20,0,319.5666667,101.025,0,0
6/9/2025 17:00,27.7,76,North-West,14,23,0,90.45,101.0816667,0,0
6/9/2025 18:00,27.3,80,North-West,11,19,0,8.633333333,101.1566667,0,0
6/9/2025 19:00,26.1,81,West North-West,3,18,0,0,101.225,0,0
6/9/2025 20:00,25.9,84,West South-West,4,10,0,0,101.285,0,0
6/9/2025 21:00,25.4,87,West,3,8,0,0,101.3366667,0,0
6/9/2025 22:00,26.3,86,North-West,6,11,0,0,101.36,0,0
6/9/2025 23:00,25.9,88,North-West,6,16,0,0,101.345,0,0
6/10/2025 0:00,26.7,81,North-West,12,20,0,0,101.315,0,0
6/10/2025 1:00,26.8,79,North-West,13,20,0,0,101.2966667,0,0
6/10/2025 2:00,25.7,85,North-West,6,19,0,0,101.2666667,0,0
6/10/2025 3:00,25.9,82,North-West,9,22,0,0,101.2316667,0,0
6/10/2025 4:00,25.4,85,West North-West,4,23,0,0,101.2166667,0,0
6/10/2025 5:00,25.8,85,West North-West,4,16,0,0,101.23,0,0
6/10/2025 6:00,26,86,West,8,18,0,0,101.2733333,0,0
6/10/2025 7:00,27,80,North-West,14,26,0,19.41666667,101.32,0,0
6/10/2025 8:00,27.8,77,North-West,14,23,0,173.8166667,101.3633333,0,0
6/10/2025 9:00,28.3,76,North-West,12,23,0,340.25,101.415,0,0
6/10/2025 10:00,28.6,76,North-West,13,24,0,545.6333333,101.4166667,0,0
6/10/2025 11:00,29.3,72,West North-West,7,20,0,621.3833333,101.3866667,0,0
6/10/2025 12:00,29.2,72,West North-West,8,21,0,672.0666667,101.3366667,0,0
6/10/2025 13:00,29.4,70,West North-West,10,23,0,719.8666667,101.2733333,0,0
6/10/2025 14:00,29.7,70,West,8,24,0,626.4833333,101.22,0,0
6/10/2025 15:00,29.7,69,West,6,19,0,441.0833333,101.195,0,0
6/10/2025 16:00,29.2,69,West,5,22,0,314.7,101.1833333,0,0
6/10/2025 17:00,27.9,74,West,5,18,0,125.5666667,101.2416667,0,0
6/10/2025 18:00,27.4,79,West South-West,4,21,0,6.466666667,101.3133333,0,0
6/10/2025 19:00,27,84,West South-West,8,19,0,0,101.3716667,0,0
6/10/2025 20:00,26.9,81,West South-West,6,19,0,0,101.4316667,0,0
6/10/2025 21:00,26.4,87,South-West,6,19,0,0,101.4916667,0,0
6/10/2025 22:00,25.6,89,South-West,7,28,0,0,101.5216667,0,0
6/10/2025 23:00,25.9,90,South South-West,26,34,0,0,101.5166667,0,0
6/11/2025 0:00,25.7,90,North-East,26,38,0,0,101.505,0,0
6/11/2025 1:00,25.9,88,East North-East,25,42,0,0,101.5,0,0
6/11/2025 2:00,26.4,82,North North-East,36,48,0,0,101.48,0,0
6/11/2025 3:00,26.2,81,North North-East,32,47,0,0,101.4516667,0,0
6/11/2025 4:00,26,81,North North-East,27,40,0,0,101.4383333,0,0
6/11/2025 5:00,25.8,78,East North-East,29,43,0,0,101.4616667,0,0
6/11/2025 6:00,25.8,74,East South-East,28,44,0,0,101.5083333,0,0
6/11/2025 7:00,25.9,75,North-East,35,48,0,8.766666667,101.5616667,0,0
6/11/2025 8:00,26.2,76,North North-East,31,45,0,58.83333333,101.62,0,0
6/11/2025 9:00,26.4,71,North North-East,35,50,0,138.7,101.665,0,0
6/11/2025 10:00,26.5,73,East South-East,15,41,0,170.9833333,101.7,0,0
6/11/2025 11:00,27.3,68,South-East,4,23,0,294.15,101.68,0,0
6/11/2025 12:00,26.7,76,South-East,28,36,0,537.0333333,101.615,0,0
6/11/2025 13:00,26.6,71,South-East,31,40,0,423.35,101.52,0,0
6/11/2025 14:00,26.7,72,East South-East,35,46,0,597.4166667,101.4416667,0,0
6/11/2025 15:00,26.6,68,East South-East,36,47,0,489.3833333,101.4083333,0,0
6/11/2025 16:00,26.6,71,East South-East,36,48,0,206.2,101.4283333,0,0
6/11/2025 17:00,26.5,71,East South-East,35,50,0,74.16666667,101.485,0,0
6/11/2025 18:00,26.4,69,East South-East,38,51,0,8.166666667,101.5033333,0,0
6/11/2025 19:00,26.4,70,South-East,42,53,0,0,101.5466667,0,0
6/11/2025 20:00,26.3,69,East South-East,39,54,0,0,101.62,0,0
6/11/2025 21:00,26.3,72,East South-East,40,54,0,0,101.635,0,0
6/11/2025 22:00,26.1,71,East South-East,40,55,0,0,101.6583333,0,0
6/11/2025 23:00,26,71,East South-East,39,53,0,0,101.6516667,0,0
6/12/2025 0:00,25.9,75,East South-East,42,55,0,0,101.6266667,0,0
6/12/2025 1:00,25.8,72,South-East,43,59,0,0,101.6083333,0,0
6/12/2025 2:00,25.8,69,South-East,40,54,0,0,101.5966667,0,0
6/12/2025 3:00,25.9,69,South-East,39,50,0,0,101.5766667,0,0
6/12/2025 4:00,25.7,71,South-East,41,53,0,0,101.5433333,0,0
6/12/2025 5:00,25.7,72,South-East,39,53,0,0,101.5366667,0,0
6/12/2025 6:00,25.7,68,East South-East,39,53,0,0,101.565,0,0
6/12/2025 7:00,25.9,65,East South-East,37,51,0,19.61666667,101.6116667,0,0
6/12/2025 8:00,25.8,69,East South-East,40,54,0,164.8833333,101.6333333,0,0
6/12/2025 9:00,25.8,71,East South-East,39,54,0,320.6,101.6816667,0,0
6/12/2025 10:00,25.9,70,East South-East,37,55,0,491.3833333,101.7066667,0,0
6/12/2025 11:00,25.8,69,East South-East,36,50,0,635.9,101.6766667,0,0
6/12/2025 12:00,25.9,68,East South-East,34,47,0,554.6833333,101.63,0,0
6/12/2025 13:00,26.2,73,East South-East,33,46,0,669.5333333,101.5733333,0,0
6/12/2025 14:00,26.1,69,East South-East,32,51,0,662.0833333,101.5,0,0
6/12/2025 15:00,26.2,72,East South-East,33,45,0,529.5666667,101.4716667,0,0
6/12/2025 16:00,26,71,East South-East,33,47,0,336.5666667,101.4766667,0,0
6/12/2025 17:00,26,74,East South-East,35,47,0,144.0333333,101.5033333,0,0
6/12/2025 18:00,25.9,73,East South-East,37,49,0,12.36666667,101.53,0,0
6/12/2025 19:00,26,75,East South-East,41,57,0,0,101.535,0,0
6/12/2025 20:00,25.7,72,East South-East,41,54,0,0,101.5783333,0,0
6/12/2025 21:00,25.8,73,East South-East,36,54,0,0,101.64,0,0
6/12/2025 22:00,25.8,73,East South-East,38,51,0,0,101.6483333,0,0
6/12/2025 23:00,25.7,74,East South-East,36,51,0,0,101.6066667,0,0
6/13/2025 0:00,25.6,74,East South-East,33,48,0,0,101.5666667,0,0
6/13/2025 1:00,25.7,75,East South-East,37,47,0,0,101.535,0,0
6/13/2025 2:00,25.5,75,East South-East,34,48,0,0,101.485,0,0
6/13/2025 3:00,25.7,76,East South-East,36,53,0,0,101.4516667,0,0
6/13/2025 4:00,25.7,76,East South-East,32,48,0,0,101.44,0,0
6/13/2025 5:00,25.8,75,East South-East,30,44,0,0,101.4466667,0,0
6/13/2025 6:00,25.8,75,East South-East,31,41,0,0,101.4566667,0,0
6/13/2025 7:00,25.8,75,East South-East,33,46,0,12.4,101.475,0,0
6/13/2025 8:00,25.9,76,East South-East,33,44,0,79.28333333,101.52,0,0
6/13/2025 9:00,26,79,East South-East,33,43,0,238.7666667,101.5383333,0,0
6/13/2025 10:00,26.4,76,East South-East,30,43,0,390,101.54,0,0
6/13/2025 11:00,26.5,75,East South-East,30,41,0,647.6166667,101.5066667,0,0
6/13/2025 12:00,26.6,77,East South-East,28,41,0,628.8333333,101.4466667,0,0
6/13/2025 13:00,26.6,76,East South-East,29,40,0,668.9833333,101.37,0,0
6/13/2025 14:00,26.9,76,East,25,35,0,573.2333333,101.2883333,0,0
6/13/2025 15:00,26.9,75,East,24,35,0,519.65,101.2233333,0,0
6/13/2025 16:00,26.9,76,East South-East,23,33,0,323.8,101.1983333,0,0
6/13/2025 17:00,26.7,75,East South-East,23,34,0,151.75,101.23,0,0
6/13/2025 18:00,26.6,76,East South-East,24,32,0,10.73333333,101.3,0,0
6/13/2025 19:00,26.6,78,East South-East,24,33,0,0,101.3383333,0,0
6/13/2025 20:00,26.6,76,East South-East,24,33,0,0,101.3733333,0,0
6/13/2025 21:00,26.7,77,East South-East,24,35,0,0,101.3916667,0,0
6/13/2025 22:00,26.5,80,East South-East,23,33,0,0,101.3933333,0,0
6/13/2025 23:00,26.5,80,East,23,32,0,0,101.3683333,0,0
6/14/2025 0:00,26.5,78,East South-East,22,33,0,0,101.3533333,0,0
6/14/2025 1:00,26.4,78,East South-East,24,31,0,0,101.3383333,0,0
6/14/2025 2:00,26.3,79,East South-East,20,31,0,0,101.315,0,0
6/14/2025 3:00,26.3,81,East South-East,21,29,0,0,101.2883333,0,0
6/14/2025 4:00,26.3,82,East South-East,23,31,0,0,101.2483333,0,0
6/14/2025 5:00,26.4,83,East South-East,23,32,0,0,101.2683333,0,0
6/14/2025 6:00,26.4,81,East South-East,21,27,0,0,101.3266667,0,0
6/14/2025 7:00,26.4,80,East South-East,19,27,0,11.26666667,101.39,0,0
6/14/2025 8:00,26.9,79,East South-East,19,26,0,117.65,101.435,0,0
6/14/2025 9:00,27.1,78,East,17,23,0,323.7166667,101.4483333,0,0
6/14/2025 10:00,27.1,79,East,18,24,0,524.6833333,101.435,0,0
6/14/2025 11:00,27.3,80,East,20,25,0,632.7666667,101.3933333,0,0
6/14/2025 12:00,27.5,80,East,20,26,0,636.8666667,101.3483333,0,0
6/14/2025 13:00,27.5,81,East,20,27,0,675.65,101.3116667,0,0
6/14/2025 14:00,27.6,81,East,19,25,0,595.1166667,101.2783333,0,0
6/14/2025 15:00,27.6,80,East,19,27,0,474.5166667,101.255,0,0
6/14/2025 16:00,27.5,79,East,17,26,0,344.6833333,101.2383333,0,0
6/14/2025 17:00,27.4,82,East,19,25,0,148.25,101.2633333,0,0
6/14/2025 18:00,27,81,East,18,28,0,9,101.2883333,0,0
6/14/2025 19:00,27,83,East South-East,21,28,0,0,101.3283333,0,0
6/14/2025 20:00,27,84,East,22,29,0,0,101.3633333,0,0
6/14/2025 21:00,27,83,East,22,30,0,0,101.3933333,0,0
6/14/2025 22:00,27,83,East,22,28,0,0,101.4466667,0,0
6/14/2025 23:00,27,84,East,24,30,0,0,101.435,0,0
6/15/2025 0:00,26.8,84,East,23,31,0,0,101.4333333,0,0
6/15/2025 1:00,26.8,84,East,21,28,0,0,101.43,0,0
6/15/2025 2:00,26.7,82,East,21,28,0,0,101.415,0,0
6/15/2025 3:00,26.7,82,East,22,27,0,0,101.3766667,0,0
6/15/2025 4:00,26.7,83,East,22,30,0,0,101.3533333,0,0
6/15/2025 5:00,26.7,84,East,23,30,0,0,101.3566667,0,0
6/15/2025 6:00,26.7,82,East,26,33,0,0,101.36,0,0
6/15/2025 7:00,26.9,81,East North-East,25,32,0,24.15,101.41,0,0
6/15/2025 8:00,27.1,79,East North-East,24,31,0,166.8,101.4466667,0,0
6/15/2025 9:00,27.3,77,East North-East,22,33,0,330.3166667,101.485,0,0
6/15/2025 10:00,27.5,76,East,21,26,0,448.65,101.5366667,0,0
6/15/2025 11:00,27.4,76,East,22,28,0,615.5333333,101.5266667,0,0
6/15/2025 12:00,27.5,78,East,22,28,0,642.5833333,101.4783333,0,0
6/15/2025 13:00,27.7,78,East,22,29,0,714.65,101.435,0,0
6/15/2025 14:00,27.5,78,East,25,31,0,658.4333333,101.4166667,0,0
6/15/2025 15:00,27.7,75,East,27,34,0,529.05,101.3683333,0,0
6/15/2025 16:00,27.6,78,East,25,36,0,338.1,101.36,0,0
6/15/2025 17:00,27.3,77,East,24,33,0,147.3333333,101.3966667,0,0
6/15/2025 18:00,27.2,79,East,27,34,0,8.916666667,101.44,0,0
6/15/2025 19:00,27.2,82,East,26,37,0,0,101.49,0,0
6/15/2025 20:00,27.1,81,East South-East,27,36,0,0,101.5633333,0,0
6/15/2025 21:00,27,81,East South-East,28,37,0,0,101.6083333,0,0
6/15/2025 22:00,27,79,East,30,40,0,0,101.6166667,0,0
6/15/2025 23:00,26.9,79,East,30,40,0,0,101.58,0,0
6/16/2025 0:00,26.9,79,East,29,41,0,0,101.5516667,0,0
6/16/2025 1:00,26.9,79,East,33,43,0,0,101.5366667,0,0
6/16/2025 2:00,26.7,79,East South-East,32,44,0,0,101.495,0,0
6/16/2025 3:00,26.6,80,East South-East,31,42,0,0,101.43,0,0
6/16/2025 4:00,26.7,77,East South-East,33,44,0,0,101.3833333,0,0
6/16/2025 5:00,26.8,78,East South-East,30,45,0,0,101.3666667,0,0
6/16/2025 6:00,26.7,79,East South-East,32,42,0,0,101.365,0,0
6/16/2025 7:00,26.9,79,East,33,45,0,9.683333333,101.39,0,0
6/16/2025 8:00,26.9,81,East,34,44,0,133.2666667,101.4316667,0,0
6/16/2025 9:00,27.1,84,East,29,44,0,329.8833333,101.4683333,0,0
6/16/2025 10:00,27.5,78,East,33,42,0,535.05,101.4683333,0,0
6/16/2025 11:00,27.5,78,East,31,44,0,588.6,101.4616667,0,0
6/16/2025 12:00,27.7,79,East,27,41,0,632,101.4133333,0,0
6/16/2025 13:00,27.8,81,East,30,37,0,691.7,101.34,0,0
6/16/2025 14:00,27.6,81,East,30,38,0,653.1833333,101.24,0,0
6/16/2025 15:00,27.7,82,East,30,38,0,515.25,101.1816667,0,0
6/16/2025 16:00,27.8,82,East,28,39,0,315.1333333,101.16,0,0
6/16/2025 17:00,27.4,86,East,29,44,0,110.9,101.2116667,0,0
6/16/2025 18:00,27.2,86,East North-East,23,39,0,9.366666667,101.27,0,0
6/16/2025 19:00,27.5,82,East North-East,31,40,0.2,0,101.2883333,0,0
6/16/2025 20:00,27.5,83,East North-East,28,41,0,0,101.3283333,0,0
6/16/2025 21:00,27.5,82,East North-East,32,41,0,0,101.3716667,0,0
6/16/2025 22:00,27.5,78,East North-East,31,45,0,0,101.3433333,0,0
6/16/2025 23:00,27.3,79,East North-East,29,41,0,0,101.3166667,0,0
6/17/2025 0:00,27.3,79,East North-East,31,42,0,0,101.2633333,0,0
6/17/2025 1:00,27.3,82,North-East,27,38,0,0,101.22,0,0
6/17/2025 2:00,27.2,81,North-East,24,34,0,0,101.215,0,0
6/17/2025 3:00,27,85,North-East,19,33,0,0,101.2,0,0
6/17/2025 4:00,26.7,86,North-East,18,28,0,0,101.19,0,0
6/17/2025 5:00,26.8,88,East North-East,14,23,0,0,101.235,0,0
6/17/2025 6:00,27.1,85,North North-East,17,24,0,0,101.2816667,0,0
6/17/2025 7:00,27,88,East North-East,17,26,0,19.11666667,101.375,0,0
6/17/2025 8:00,27.4,87,East North-East,13,24,0,155.8666667,101.4416667,0,0
6/17/2025 9:00,27.6,84,East North-East,12,18,0,239.4666667,101.4916667,0,0
6/17/2025 10:00,27.3,83,East North-East,16,27,0,503.6,101.4683333,0,0
6/17/2025 11:00,27.7,85,East North-East,13,19,0,599.8,101.435,0,0
6/17/2025 12:00,27.9,85,East,17,21,0,625.7333333,101.35,0,0
6/17/2025 13:00,28,84,East North-East,18,24,0,708.0333333,101.2416667,0,0
6/17/2025 14:00,28.1,84,East North-East,21,30,0,619.8166667,101.1516667,0,0
6/17/2025 15:00,28.4,82,North-East,19,26,0,491.3666667,101.1166667,0,0
6/17/2025 16:00,27.9,86,East North-East,20,27,0,259.6666667,101.135,0,0
6/17/2025 17:00,27.8,85,East North-East,20,28,0,98.05,101.165,0,0
6/17/2025 18:00,27.5,86,East North-East,22,27,0,11.36666667,101.22,0,0
6/17/2025 19:00,27.6,86,North-East,21,30,0,0,101.2733333,0,0
6/17/2025 20:00,27.4,87,North-East,19,26,0,0,101.3366667,0,0
6/17/2025 21:00,27.3,89,North-East,12,25,0,0,101.3916667,0,0
6/17/2025 22:00,27.5,89,North-East,18,27,0,0,101.4233333,0,0
6/17/2025 23:00,26.9,91,North-East,16,38,0.2,0,101.42,0,0
6/18/2025 0:00,27.2,86,North North-East,19,31,0,0,101.4116667,0,0
6/18/2025 1:00,27.2,85,North North-East,16,28,0,0,101.3816667,0,0
6/18/2025 2:00,27.1,85,North North-East,18,28,0,0,101.3466667,0,0
6/18/2025 3:00,26.9,86,North,12,25,0,0,101.3083333,0,0
6/18/2025 4:00,26.7,87,North North-West,7,21,0,0,101.2983333,0,0
6/18/2025 5:00,26.6,87,North North-West,7,15,0,0,101.3416667,0,0
6/18/2025 6:00,26.6,87,North,9,16,0,0,101.3616667,0,0
6/18/2025 7:00,26.8,88,North North-West,6,16,0,12.38333333,101.4033333,0,0
6/18/2025 8:00,28,80,North,14,24,0,165.0666667,101.4516667,0,0
6/18/2025 9:00,28.1,83,North,18,31,0,234.9666667,101.5016667,0,0
6/18/2025 10:00,28.8,78,North,19,34,0,517.8,101.54,0,0
6/18/2025 11:00,29,78,North,21,33,0,616.4,101.505,0,0
6/18/2025 12:00,29.2,76,North,18,32,0,659.7666667,101.4383333,0,0
6/18/2025 13:00,28.9,79,North North-East,15,26,0,656.4833333,101.3716667,0,0
6/18/2025 14:00,28.9,78,North North-East,18,29,0,618.7166667,101.3066667,0,0
6/18/2025 15:00,28.9,77,North North-East,13,25,0,504.3,101.265,0,0
6/18/2025 16:00,28.5,77,North North-East,14,23,0,341.4833333,101.2533333,0,0
6/18/2025 17:00,27.8,85,North North-East,13,24,0,144.25,101.2816667,0,0
6/18/2025 18:00,27.5,86,North North-East,8,20,0,6.883333333,101.3583333,0,0
6/18/2025 19:00,27.2,85,North North-East,5,15,0,0,101.4333333,0,0
6/18/2025 20:00,27.4,86,North North-East,9,15,0,0,101.48,0,0
6/18/2025 21:00,27.3,88,East North-East,8,12,0,0,101.52,0,0
6/18/2025 22:00,27.3,87,North-East,7,13,0,0,101.51,0,0
6/18/2025 23:00,27.3,89,East North-East,12,17,0,0,101.4916667,0,0
6/19/2025 0:00,27,88,East North-East,9,17,0,0,101.4616667,0,0
6/19/2025 1:00,27.1,87,North-East,11,18,0,0,101.4333333,0,0
6/19/2025 2:00,26.8,85,North North-East,7,18,0,0,101.4216667,0,0
6/19/2025 3:00,26.5,89,North North-West,5,10,0,0,101.3916667,0,0
6/19/2025 4:00,26.4,90,North North-East,21,31,0.4,0,101.36,0,0
6/19/2025 5:00,25.3,91,North North-East,13,31,0.2,0,101.385,0,0
6/19/2025 6:00,26.5,80,North,8,18,0,0,101.4433333,0,0
6/19/2025 7:00,26.2,85,North,4,12,0,7.583333333,101.495,0,0
6/19/2025 8:00,27.1,85,North-East,14,18,0,131.2833333,101.56,0,0
6/19/2025 9:00,26.5,85,North-East,18,26,0,138.9833333,101.6216667,0,0
6/19/2025 10:00,26.7,83,North-East,14,25,0,321.1166667,101.6466667,0,0
6/19/2025 11:00,26.6,82,North North-East,13,24,0,264.6666667,101.6416667,0,0
6/19/2025 12:00,28.5,73,North North-East,8,18,0,453.7833333,101.56,0,0
6/19/2025 13:00,28.3,77,North-East,10,16,0,611.3,101.4883333,0,0
6/19/2025 14:00,27.5,82,East,11,17,0,636.5333333,101.4083333,0,0
6/19/2025 15:00,27.5,82,East South-East,10,16,0,529.7833333,101.3683333,0,0
6/19/2025 16:00,27.6,82,East South-East,9,15,0,335.6333333,101.3666667,0,0
6/19/2025 17:00,27.3,81,East,14,19,0,97.51666667,101.3816667,0,0
6/19/2025 18:00,27.1,80,East,13,18,0,8.533333333,101.465,0,0
6/19/2025 19:00,27.1,80,East,13,18,0,0,101.55,0,0
6/19/2025 20:00,27.1,80,East,15,20,0,0,101.605,0,0
6/19/2025 21:00,27.1,79,East South-East,18,24,0,0,101.6533333,0,0
6/19/2025 22:00,27,77,East,20,28,0,0,101.655,0,0
6/19/2025 23:00,26.9,76,East,19,25,0,0,101.63,0,0
6/20/2025 0:00,26.8,76,East,19,25,0,0,101.5933333,0,0
6/20/2025 1:00,26.8,77,East,17,24,0,0,101.57,0,0
6/20/2025 2:00,26.7,79,East,18,23,0,0,101.5283333,0,0
6/20/2025 3:00,26.6,79,East,19,25,0,0,101.4833333,0,0
6/20/2025 4:00,26.6,80,East South-East,19,27,0,0,101.4683333,0,0
6/20/2025 5:00,26.7,81,East South-East,19,28,0,0,101.505,0,0
6/20/2025 6:00,26.8,80,East South-East,23,31,0,0,101.55,0,0
6/20/2025 7:00,27,78,East,25,32,0,18.73333333,101.6133333,0,0
6/20/2025 8:00,27.2,78,East,24,33,0,136.1166667,101.6666667,0,0
6/20/2025 9:00,27.4,77,East,26,35,0,324.6333333,101.7016667,0,0
6/20/2025 10:00,27.3,75,East South-East,27,35,0,518.6,101.7283333,0,0
6/20/2025 11:00,27.7,77,East South-East,27,37,0,578.65,101.7,0,0
6/20/2025 12:00,27.5,79,East South-East,26,36,0,643.7833333,101.655,0,0
6/20/2025 13:00,27,86,East South-East,30,45,0,675.0333333,101.59,0,0
6/20/2025 14:00,27.3,85,East South-East,27,35,0,385.2666667,101.5283333,0,0
6/20/2025 15:00,27.3,84,East South-East,31,40,0,504.7833333,101.4583333,0,0
6/20/2025 16:00,27.3,86,East South-East,30,40,0,328.1666667,101.44,0,0
6/20/2025 17:00,27.1,88,East South-East,32,41,0,135.5,101.4766667,0,0
6/20/2025 18:00,26.7,87,East South-East,32,43,0.2,9.7,101.5383333,0,0
6/20/2025 19:00,25.7,85,East South-East,35,48,0.2,0,101.5916667,0,0
6/20/2025 20:00,25.7,91,East South-East,42,60,0.4,0,101.6466667,0,0
6/20/2025 21:00,25.1,92,East South-East,39,55,2.2,0,101.6933333,0,0
6/20/2025 22:00,26.1,85,South-East,33,45,0.2,0,101.7183333,0,0
6/20/2025 23:00,24.6,94,South-East,26,48,3.6,0,101.705,0,0
6/21/2025 0:00,26.3,85,East South-East,27,37,0,0,101.6766667,0,0
6/21/2025 1:00,26.3,89,East South-East,28,41,0,0,101.6366667,0,0
6/21/2025 2:00,26.4,87,East South-East,35,45,0,0,101.58,0,0
6/21/2025 3:00,25.9,92,East South-East,21,44,0,0,101.5366667,0,0
6/21/2025 4:00,25.9,89,East South-East,36,48,0,0,101.5383333,0,0
6/21/2025 5:00,26.1,88,East South-East,29,57,1.8,0,101.535,0,0
6/21/2025 6:00,26.3,86,East South-East,38,52,0,0,101.5466667,0,0
6/21/2025 7:00,26.2,85,East South-East,36,47,0,21.23333333,101.61,0,0
6/21/2025 8:00,26.2,87,East South-East,35,51,0,145.1666667,101.6566667,0,0
6/21/2025 9:00,26.2,86,East South-East,33,44,0,331.8666667,101.695,0,0
6/21/2025 10:00,26.6,86,East South-East,31,42,0,518.9833333,101.705,0,0
6/21/2025 11:00,26.5,84,East South-East,32,59,0,582.1833333,101.68,0,0
6/21/2025 12:00,27.3,82,East South-East,39,50,0,642.6666667,101.6233333,0,0
6/21/2025 13:00,27.2,83,East South-East,35,53,0.6,655.0333333,101.5616667,0,0
6/21/2025 14:00,25.4,92,East South-East,33,51,1.6,444.9666667,101.51,0,0
6/21/2025 15:00,25.8,92,East South-East,25,45,0.2,243.8166667,101.495,0,0
6/21/2025 16:00,27.2,81,East South-East,36,49,0.2,133.4333333,101.4733333,0,0
6/21/2025 17:00,27.3,79,East South-East,35,52,0,94.01666667,101.4733333,0,0
6/21/2025 18:00,27,80,East South-East,32,50,0,8.333333333,101.5416667,0,0
6/21/2025 19:00,27.2,79,East South-East,35,48,0,0,101.605,0,0
6/21/2025 20:00,27.2,75,East South-East,37,50,0,0,101.6683333,0,0
6/21/2025 21:00,27.2,74,East South-East,38,52,0,0,101.7166667,0,0
6/21/2025 22:00,27.2,73,East,39,50,0,0,101.7433333,0,0
6/21/2025 23:00,27.1,75,East,35,49,0,0,101.745,0,0
6/22/2025 0:00,27.1,75,East South-East,34,50,0,0,101.715,0,0
6/22/2025 1:00,27,75,East South-East,35,48,0,0,101.6916667,0,0
6/22/2025 2:00,27,77,East South-East,36,50,0,0,101.6466667,0,0
6/22/2025 3:00,26.9,77,East South-East,36,47,0,0,101.5966667,0,0
6/22/2025 4:00,26.8,77,East South-East,36,48,0,0,101.565,0,0
6/22/2025 5:00,26.8,75,East South-East,35,47,0,0,101.5966667,0,0
6/22/2025 6:00,26.8,78,East South-East,34,46,0,0,101.635,0,0
6/22/2025 7:00,26.6,85,East South-East,34,47,0,13.4,101.6866667,0,0
6/22/2025 8:00,25.9,88,East South-East,39,54,0,144.9333333,101.74,0,0
6/22/2025 9:00,27.2,83,East South-East,33,47,0,333.2666667,101.775,0,0
6/22/2025 10:00,27.3,83,East South-East,36,50,0,441.6,101.7766667,0,0
6/22/2025 11:00,27.1,84,East South-East,29,52,0,618.1333333,101.7383333,0,0
6/22/2025 12:00,27.3,83,East South-East,31,45,0,659.7333333,101.6916667,0,0
6/22/2025 13:00,27.4,83,East South-East,30,40,0,683.7166667,101.625,0,0
6/22/2025 14:00,27.6,81,East,30,41,0,589.15,101.5416667,0,0
6/22/2025 15:00,27.6,81,East,30,39,0,474.1333333,101.5066667,0,0
6/22/2025 16:00,27.4,80,East,30,41,0,311.3333333,101.515,0,0
6/22/2025 17:00,27.4,78,East,31,42,0,142.6166667,101.5416667,0,0
6/22/2025 18:00,27.3,78,East,31,41,0,14.8,101.6016667,0,0
6/22/2025 19:00,27.2,84,East South-East,31,41,0,0,101.66,0,0
6/22/2025 20:00,27.1,82,East South-East,33,44,0,0,101.7166667,0,0
6/22/2025 21:00,27.2,85,East South-East,32,48,0,0,101.75,0,0
6/22/2025 22:00,26.9,82,East South-East,33,44,0,0,101.7616667,0,0
6/22/2025 23:00,26.8,84,East South-East,35,47,0,0,101.76,0,0
6/23/2025 0:00,25.8,90,East South-East,35,50,0.2,0,101.7366667,0,0
6/23/2025 1:00,26.7,86,East South-East,33,44,0,0,101.6983333,0,0
6/23/2025 2:00,26.6,86,East,36,47,0,0,101.64,0,0
6/23/2025 3:00,25.7,88,East South-East,31,48,0,0,101.595,0,0
6/23/2025 4:00,26.8,84,East,32,53,1.6,0,101.5733333,0,0
6/23/2025 5:00,26.8,83,East,30,44,0,0,101.5716667,0,0
6/23/2025 6:00,26.7,85,East South-East,33,44,0,0,101.585,0,0
6/23/2025 7:00,27.1,83,East,33,49,0,15.86666667,101.63,0,0
6/23/2025 8:00,27.3,83,East,33,44,0,117.5166667,101.7033333,0,0
6/23/2025 9:00,27.2,82,East,32,46,0,330.9666667,101.7516667,0,0
6/23/2025 10:00,27.3,82,East,32,45,0,504.1666667,101.775,0,0
6/23/2025 11:00,27.5,80,East,32,44,0,612.0833333,101.75,0,0
6/23/2025 12:00,27.4,81,East,32,45,0,611.4333333,101.6716667,0,0
6/23/2025 13:00,27.4,81,East,33,45,0,677.6166667,101.5966667,0,0
6/23/2025 14:00,27.4,80,East,35,46,0,589.4666667,101.5333333,0,0
6/23/2025 15:00,27.5,80,East,29,44,0,486.35,101.505,0,0
6/23/2025 16:00,27.3,83,East South-East,31,41,0,321.7833333,101.5016667,0,0
6/23/2025 17:00,27.2,81,East South-East,30,50,0,152.75,101.5266667,0,0
6/23/2025 18:00,26.7,85,East South-East,32,66,2.2,16.68333333,101.5583333,0,0
6/23/2025 19:00,27.1,79,East South-East,31,44,0,0,101.5983333,0,0
6/23/2025 20:00,27,83,East South-East,31,40,0,0,101.6633333,0,0
6/23/2025 21:00,26.9,84,East South-East,33,45,0,0,101.6916667,0,0
6/23/2025 22:00,26.9,83,East,32,48,0,0,101.7066667,0,0
6/23/2025 23:00,27,80,East,34,46,0,0,101.6916667,0,0
6/24/2025 0:00,26.9,81,East,32,44,0,0,101.6683333,0,0
6/24/2025 1:00,26.8,79,East,30,41,0,0,101.665,0,0
6/24/2025 2:00,26.9,80,East,31,46,0,0,101.6366667,0,0
6/24/2025 3:00,26.9,82,East,27,42,0,0,101.5866667,0,0
6/24/2025 4:00,26.8,83,East,24,35,0,0,101.5633333,0,0
6/24/2025 5:00,26.7,81,East,28,37,0,0,101.56,0,0
6/24/2025 6:00,26.7,82,East,30,37,0,0,101.5866667,0,0
6/24/2025 7:00,26.7,81,East,28,38,0,12.98333333,101.6333333,0,0
6/24/2025 8:00,27,79,East,30,41,0,128.7333333,101.6816667,0,0
6/24/2025 9:00,27.3,79,East,27,38,0,329.7666667,101.7333333,0,0
6/24/2025 10:00,27.4,80,East,27,37,0,470.45,101.7366667,0,0
6/24/2025 11:00,27.3,78,East,28,38,0,611.0166667,101.7116667,0,0
6/24/2025 12:00,27.4,79,East,27,40,0,661,101.6483333,0,0
6/24/2025 13:00,27.5,79,East,30,40,0,679.2,101.58,0,0
6/24/2025 14:00,27.4,78,East,29,39,0,635.05,101.4966667,0,0
6/24/2025 15:00,27.4,77,East,30,38,0,512.6333333,101.46,0,0
6/24/2025 16:00,27.4,79,East,27,38,0,338.8,101.44,0,0
6/24/2025 17:00,27.1,80,East South-East,27,36,0,126.3166667,101.4566667,0,0
6/24/2025 18:00,27,80,East,30,40,0,9.866666667,101.495,0,0
6/24/2025 19:00,27,81,East,32,39,0,0,101.5233333,0,0
6/24/2025 20:00,27,81,East,29,38,0,0,101.575,0,0
6/24/2025 21:00,26.9,78,East,31,41,0,0,101.6016667,0,0
6/24/2025 22:00,26.9,81,East,28,39,0,0,101.6333333,0,0
6/24/2025 23:00,26.9,82,East,28,37,0,0,101.6116667,0,0
6/25/2025 0:00,26.9,80,East,28,37,0,0,101.5933333,0,0
6/25/2025 1:00,26.8,78,East,27,36,0,0,101.5833333,0,0
6/25/2025 2:00,26.7,79,East,25,35,0,0,101.55,0,0
6/25/2025 3:00,26.6,81,East South-East,26,35,0,0,101.5183333,0,0
6/25/2025 4:00,26.6,81,East South-East,24,35,0,0,101.5016667,0,0
6/25/2025 5:00,26.5,78,East South-East,24,34,0,0,101.5116667,0,0
6/25/2025 6:00,25.7,85,East South-East,11,35,0.8,0,101.5716667,0,0
6/25/2025 7:00,26.4,79,East South-East,23,30,0,13.73333333,101.6316667,0,0
6/25/2025 8:00,26.6,78,East South-East,22,32,0,147.8333333,101.6633333,0,0
6/25/2025 9:00,26.9,78,East South-East,24,33,0,304.25,101.6833333,0,0
6/25/2025 10:00,27.1,74,East South-East,25,36,0,531.0666667,101.6966667,0,0
6/25/2025 11:00,27.2,76,East South-East,25,34,0,626.5333333,101.6766667,0,0
6/25/2025 12:00,27.3,78,East South-East,28,37,0,664.6833333,101.605,0,0
6/25/2025 13:00,27.2,79,East South-East,32,40,0,670.3166667,101.5066667,0,0
6/25/2025 14:00,27.2,79,East South-East,32,45,0,578.2666667,101.4216667,0,0
6/25/2025 15:00,27.1,81,East South-East,33,42,0,526.6333333,101.365,0,0
6/25/2025 16:00,26.9,86,South-East,36,46,0,268.3166667,101.3366667,0,0
6/25/2025 17:00,26.3,87,East South-East,30,47,0,76.35,101.3533333,0,0
6/25/2025 18:00,26.7,81,East South-East,35,46,0,8.066666667,101.39,0,0
6/25/2025 19:00,26.4,88,East South-East,34,48,0,0,101.415,0,0
6/25/2025 20:00,26.5,86,South-East,38,51,0,0,101.4383333,0,0
6/25/2025 21:00,25.9,89,South-East,34,52,0,0,101.47,0,0
6/25/2025 22:00,25.7,93,South-East,35,46,0,0,101.51,0,0
6/25/2025 23:00,26.1,91,South-East,25,41,0,0,101.5216667,0,0
6/26/2025 0:00,25,93,South-East,20,39,0.4,0,101.5166667,0,0
6/26/2025 1:00,25,88,South-East,20,32,0,0,101.5383333,0,0
6/26/2025 2:00,24.6,94,South-East,16,32,0,0,101.5133333,0,0
6/26/2025 3:00,24.9,95,South South-East,12,32,4.4,0,101.485,0,0
6/26/2025 4:00,25.3,94,East South-East,27,44,6.2,0,101.4166667,0,0
6/26/2025 5:00,25.8,88,East South-East,29,39,0,0,101.3983333,0,0
6/26/2025 6:00,26,86,East South-East,27,38,0,0,101.4216667,0,0
6/26/2025 7:00,26.3,86,East South-East,31,38,0,11.23333333,101.4566667,0,0
6/26/2025 8:00,26.3,86,South-East,32,43,0,95.75,101.49,0,0
6/26/2025 9:00,24.1,92,East South-East,36,51,0.6,106.8,101.5733333,0,0
6/26/2025 10:00,24.2,97,East South-East,29,46,5,134.9333333,101.6216667,0,0
6/26/2025 11:00,23.8,97,East South-East,28,50,3,164.1833333,101.595,0,0
6/26/2025 12:00,24.6,93,East South-East,34,44,0.2,278.6833333,101.535,0,0
6/26/2025 13:00,25.3,92,South-East,32,47,0,476.2833333,101.415,0,0
6/26/2025 14:00,25.7,87,East South-East,23,40,0,424,101.3466667,0,0
6/26/2025 15:00,25.5,88,East South-East,27,42,0,339.6666667,101.27,0,0
6/26/2025 16:00,25.3,90,East South-East,34,42,0,200.8333333,101.25,0,0
6/26/2025 17:00,26.2,82,East South-East,26,41,0,91.68333333,101.2516667,0,0
6/26/2025 18:00,25.4,87,East South-East,31,42,0,13.41666667,101.2866667,0,0
6/26/2025 19:00,25.5,90,East South-East,34,43,0,0,101.3316667,0,0
6/26/2025 20:00,25.1,86,East,23,45,0,0,101.4133333,0,0
6/26/2025 21:00,25.4,84,East South-East,26,42,0,0,101.4383333,0,0
6/26/2025 22:00,24,93,East,37,51,0.4,0,101.4933333,0,0
6/26/2025 23:00,24.6,92,East North-East,22,44,0.6,0,101.52,0,0
6/27/2025 0:00,25.5,84,East South-East,30,51,0,0,101.45,0,0
6/27/2025 1:00,26,82,East South-East,24,44,0,0,101.4083333,0,0
6/27/2025 2:00,26,89,East South-East,28,40,0,0,101.35,0,0
6/27/2025 3:00,26.7,77,East,32,44,0,0,101.2983333,0,0
6/27/2025 4:00,26.6,78,East,33,44,0,0,101.2583333,0,0
6/27/2025 5:00,26.4,79,East,33,46,0,0,101.2766667,0,0
6/27/2025 6:00,26.5,80,East,31,45,0,0,101.3033333,0,0
6/27/2025 7:00,26.5,80,East,32,45,0,18.61666667,101.355,0,0
6/27/2025 8:00,26.1,85,East,36,48,0,86.76666667,101.41,0,0
6/27/2025 9:00,26.6,82,East,34,45,0,218.2166667,101.4816667,0,0
6/27/2025 10:00,26.7,82,East,34,46,0,448.75,101.49,0,0
6/27/2025 11:00,26.5,84,East South-East,35,49,0,385.9833333,101.4866667,0,0
6/27/2025 12:00,26.7,85,East South-East,35,52,0,629.75,101.395,0,0
6/27/2025 13:00,26.4,87,East South-East,32,49,0.2,223.4,101.3316667,0,0
6/27/2025 14:00,25.1,87,East North-East,33,55,0.4,157.6,101.3166667,0,0
6/27/2025 15:00,24.9,89,North North-East,32,53,6.3,172.1666667,101.2733333,0,0
6/27/2025 16:00,26.3,87,NA,33,45,1.4,100.8333333,101.2266667,0,0
6/27/2025 17:00,24.1,95,East North-East,32,58,3.6,33.98333333,101.2616667,0,0
6/27/2025 18:00,25.2,93,NA,33,45,0.6,8.816666667,101.315,0,0
6/27/2025 19:00,25.9,85,East South-East,22,39,0,0,101.3316667,0,0
6/27/2025 20:00,26.6,84,East,27,34,0,0,101.3716667,0,0
6/27/2025 21:00,26.3,83,East,24,36,0,0,101.4083333,0,0
6/27/2025 22:00,24.3,91,East North-East,23,40,4.9,0,101.46,0,0
6/27/2025 23:00,25.2,92,NA,6,50,5.8,0,101.4466667,0,0
6/28/2025 0:00,26.1,90,NA,15,20,0,0,101.4083333,0,0
6/28/2025 1:00,24.9,91,NA,13,32,2,0,101.3783333,0,0
6/28/2025 2:00,23.2,95,NA,5,40,4.7,0,101.3883333,0,0
6/28/2025 3:00,23.4,94,NA,4,13,0,0,101.345,0,0
6/28/2025 4:00,22.7,96,NA,13,44,11.5,0,101.325,0,0
6/28/2025 5:00,22.7,97,NA,3,21,4.4,0,101.3533333,0,0
6/28/2025 6:00,23.6,97,NA,15,22,0,0,101.3833333,0,0
6/28/2025 7:00,24.1,94,NA,23,30,0,8.266666667,101.4266667,0,0
6/28/2025 8:00,24.4,88,NA,24,33,0,79.01666667,101.4833333,0,0
6/28/2025 9:00,24.6,92,NA,28,39,0,143.9333333,101.5383333,0,0
6/28/2025 10:00,25.3,87,NA,24,43,0,247.9666667,101.5533333,0,0
6/28/2025 11:00,25.9,86,North-East,14,26,0,347.1166667,101.5616667,0,0
6/28/2025 12:00,25.4,85,South-East,15,23,0,518.5833333,101.4666667,0,0
6/28/2025 13:00,25.6,85,South-East,21,27,0,545.7666667,101.3983333,0,0
6/28/2025 14:00,26,80,East South-East,18,25,0,617.6333333,101.33,0,0
6/28/2025 15:00,26.2,82,South-East,20,25,0,483.3833333,101.29,0,0
6/28/2025 16:00,26,84,South-East,17,26,0,259.4666667,101.3033333,0,0
6/28/2025 17:00,25.9,86,East South-East,22,29,0,161.8333333,101.345,0,0
6/28/2025 18:00,26,88,East South-East,27,36,0,7.483333333,101.39,0,0
6/28/2025 19:00,25.9,88,East South-East,26,33,0,0,101.4116667,0,0
6/28/2025 20:00,26.2,83,East South-East,24,35,0,0,101.47,0,0
6/28/2025 21:00,25.9,84,East,29,36,0,0,101.4966667,0,0
6/28/2025 22:00,26.4,77,East,24,35,0,0,101.5183333,0,0
6/28/2025 23:00,26.5,77,East,14,27,0,0,101.53,0,0
6/29/2025 0:00,26.6,78,East,12,16,0,0,101.5333333,0,0
6/29/2025 1:00,26.6,76,East North-East,21,26,0,0,101.475,0,0
6/29/2025 2:00,26.1,85,East North-East,23,29,0,0,101.4333333,0,0
6/29/2025 3:00,26.4,76,East North-East,13,25,0,0,101.39,0,0
6/29/2025 4:00,26.6,77,East North-East,17,23,0,0,101.36,0,0
6/29/2025 5:00,26.6,79,East North-East,18,24,0,0,101.3916667,0,0
6/29/2025 6:00,26.5,79,East North-East,16,23,0,0,101.43,0,0
6/29/2025 7:00,26.6,80,East,14,22,0,9.216666667,101.5033333,0,0
6/29/2025 8:00,26.7,81,East,17,22,0,53.91666667,101.5533333,0,0
6/29/2025 9:00,27,79,East,18,22,0,213.6666667,101.585,0,0
6/29/2025 10:00,24.6,75,East North-East,28,42,0.2,370.65,101.6016667,0,0
6/29/2025 11:00,25.7,88,East,14,24,0,291.3666667,101.5966667,0,0
6/29/2025 12:00,26.7,72,East,9,25,0,451.9333333,101.5133333,0,0
6/29/2025 13:00,27.3,72,East,8,13,0,606.1333333,101.4366667,0,0
6/29/2025 14:00,26.5,80,East,17,28,0,461.7166667,101.3733333,0,0
6/29/2025 15:00,25.9,83,East South-East,22,36,0.2,516.5,101.3383333,0,0
6/29/2025 16:00,26.6,83,East North-East,5,28,0.2,125.95,101.3583333,0,0
6/29/2025 17:00,26.7,79,North-East,16,27,0,106.3833333,101.385,0,0
6/29/2025 18:00,26.7,79,East,16,23,0,7.366666667,101.4266667,0,0
6/29/2025 19:00,26.9,78,East,20,25,0,0,101.4616667,0,0
6/29/2025 20:00,27,81,East,22,28,0,0,101.495,0,0
6/29/2025 21:00,26.9,81,East,24,31,0,0,101.5166667,0,0
6/29/2025 22:00,26,86,East,33,42,0,0,101.525,0,0
6/29/2025 23:00,26.1,82,East,23,41,0,0,101.525,0,0
6/30/2025 0:00,26.7,77,East,23,29,0,0,101.505,0,0
6/30/2025 1:00,25.9,85,East,23,36,0,0,101.5033333,0,0
6/30/2025 2:00,24.4,90,East,25,43,0.2,0,101.4916667,0,0
6/30/2025 3:00,26.1,76,East,21,31,0,0,101.4466667,0,0
6/30/2025 4:00,25.6,84,North-East,24,37,0,0,101.42,0,0
6/30/2025 5:00,25.3,87,East North-East,21,34,0,0,101.425,0,0
6/30/2025 6:00,25.5,83,East,13,24,0,0,101.47,0,0
6/30/2025 7:00,25.9,83,East,12,17,0,14.11666667,101.5383333,0,0
6/30/2025 8:00,26.5,81,East,15,20,0,155.9166667,101.6033333,0,0
6/30/2025 9:00,26.9,80,East,15,21,0,344.3,101.6333333,0,0
6/30/2025 10:00,26.9,81,East,15,18,0,510.5333333,101.6583333,0,0
6/30/2025 11:00,27,80,East,16,23,0,610.7,101.6233333,0,0
6/30/2025 12:00,26.8,80,East,19,27,0,656.8666667,101.5883333,0,0
6/30/2025 13:00,26,81,North-East,15,39,0,319.45,101.5383333,0,0
6/30/2025 14:00,24.5,86,North-East,23,44,0,428.9333333,101.4783333,0,0
6/30/2025 15:00,25.9,84,East North-East,19,28,0,314.8333333,101.4183333,0,0
6/30/2025 16:00,26.2,85,East North-East,15,25,0,267.95,101.4133333,0,0
6/30/2025 17:00,26.5,86,East North-East,18,25,0,149.35,101.45,0,0
6/30/2025 18:00,26.2,79,North North-East,13,39,0,14.93333333,101.5033333,0,0
6/30/2025 19:00,26.4,81,North-East,15,24,0,0,101.565,0,0
6/30/2025 20:00,26.5,85,East North-East,16,21,0,0,101.6083333,0,0
6/30/2025 21:00,26.3,87,East North-East,15,22,0,0,101.655,0,0
6/30/2025 22:00,26.6,84,East North-East,11,19,0,0,101.6916667,0,0
6/30/2025 23:00,26.7,82,East North-East,11,17,0,0,101.6816667,0,0
7/1/2025 0:00,26.3,79,North-East,10,19,0,0,101.67,0,0
7/1/2025 1:00,26,85,North,7,14,0,0,101.6466667,0,0
7/1/2025 2:00,26.4,83,North,8,16,0,0,101.6316667,0,0
7/1/2025 3:00,24,91,North-West,2,11,0,0,101.5883333,0,0
7/1/2025 4:00,23.9,95,West,2,4,0,0,101.5666667,0,0
7/1/2025 5:00,24.5,94,West North-West,5,9,0,0,101.575,0,0
7/1/2025 6:00,26.2,88,East North-East,9,13,0,0,101.6166667,0,0
7/1/2025 7:00,26.5,84,East North-East,14,17,0,6.15,101.675,0,0
7/1/2025 8:00,26.9,83,East,14,19,0,64.33333333,101.7033333,0,0
7/1/2025 9:00,27,82,North-East,19,27,0,297.6666667,101.7466667,0,0
7/1/2025 10:00,27.4,78,East North-East,15,28,0,494.1333333,101.7783333,0,0
7/1/2025 11:00,27.5,78,East North-East,17,22,0,604.8666667,101.755,0,0
7/1/2025 12:00,27.7,77,East North-East,16,24,0,484.3666667,101.7016667,0,0
7/1/2025 13:00,27.6,78,East North-East,20,30,0,393.85,101.6483333,0,0
7/1/2025 14:00,27.5,81,East North-East,18,25,0,425.9666667,101.5983333,0,0
7/1/2025 15:00,27.4,81,East North-East,20,24,0,348.7833333,101.5466667,0,0
7/1/2025 16:00,27.3,81,East North-East,16,24,0,340.75,101.535,0,0
7/1/2025 17:00,27,79,East North-East,13,35,0,153.75,101.5883333,0,0
7/1/2025 18:00,27.1,80,East North-East,16,22,0,16.81666667,101.6366667,0,0
7/1/2025 19:00,26.8,84,East,17,22,0,0,101.68,0,0
7/1/2025 20:00,26.6,87,East,15,21,0,0,101.7083333,0,0
7/1/2025 21:00,26.7,80,East,15,20,0,0,101.755,0,0
7/1/2025 22:00,25.7,84,East North-East,20,34,0,0,101.7733333,0,0
7/1/2025 23:00,26.6,83,East North-East,11,21,0,0,101.7716667,0,0
7/2/2025 0:00,26.6,84,East North-East,14,20,0,0,101.745,0,0
7/2/2025 1:00,26.8,80,East,18,22,0,0,101.7233333,0,0
7/2/2025 2:00,26.7,82,East,17,21,0,0,101.71,0,0
7/2/2025 3:00,25.3,79,East,31,41,0.2,0,101.68,0,0
7/2/2025 4:00,25.9,84,East North-East,8,29,1,0,101.66,0,0
7/2/2025 5:00,26.5,80,East,17,24,0,0,101.6433333,0,0
7/2/2025 6:00,26.4,79,East,19,25,0,0,101.665,0,0
7/2/2025 7:00,26.6,79,East,19,24,0,17.33333333,101.7183333,0,0
7/2/2025 8:00,26.8,78,East,21,27,0,155.2166667,101.7616667,0,0
7/2/2025 9:00,26.7,78,East South-East,22,30,0,303.1666667,101.7983333,0,0
7/2/2025 10:00,26.9,79,East South-East,23,30,0,490.15,101.805,0,0
7/2/2025 11:00,27.1,79,East South-East,24,31,0,554.3666667,101.7966667,0,0
7/2/2025 12:00,27.1,77,East South-East,24,31,0,666.95,101.7333333,0,0
7/2/2025 13:00,27.1,83,East South-East,23,37,0.2,575.0166667,101.65,0,0
7/2/2025 14:00,27.3,75,East,27,33,0,653.55,101.5716667,0,0
7/2/2025 15:00,27.2,79,East,25,36,0,478.05,101.53,0,0
7/2/2025 16:00,27.3,77,East,25,35,0,296.3166667,101.535,0,0
7/2/2025 17:00,27.1,76,East,26,35,0,134.3666667,101.56,0,0
7/2/2025 18:00,27,77,East,26,33,0,12.53333333,101.5833333,0,0
7/2/2025 19:00,27,77,East,25,35,0,0,101.6083333,0,0
7/2/2025 20:00,26.7,78,East,30,37,0,0,101.6133333,0,0
7/2/2025 21:00,26.6,80,East,23,34,0,0,101.6466667,0,0
7/2/2025 22:00,26.6,80,East South-East,21,29,0,0,101.66,0,0
7/2/2025 23:00,26.6,80,East,23,34,0,0,101.6133333,0,0
7/3/2025 0:00,26.3,81,East,23,33,0,0,101.5816667,0,0
7/3/2025 1:00,26.3,80,East,23,31,0,0,101.515,0,0
7/3/2025 2:00,26.3,80,East,23,30,0,0,101.4383333,0,0
7/3/2025 3:00,26.2,81,East,24,30,0,0,101.3866667,0,0
7/3/2025 4:00,26.2,81,East,24,31,0,0,101.3283333,0,0
7/3/2025 5:00,26.2,82,East,19,30,0,0,101.34,0,0
7/3/2025 6:00,26.2,83,East,21,30,0,0,101.3983333,0,0
7/3/2025 7:00,26.3,79,East,17,24,0,7.066666667,101.49,0,0
7/3/2025 8:00,26,84,East,20,35,0.4,101.6833333,101.5433333,0,0
7/3/2025 9:00,26.4,83,East North-East,13,30,0,237.3,101.56,0,0
7/3/2025 10:00,27,77,East,23,30,0,515.8166667,101.5283333,0,0
7/3/2025 11:00,27.1,78,East,23,29,0,611.1166667,101.5066667,0,0
7/3/2025 12:00,27.3,77,East North-East,21,28,0,656.4666667,101.45,0,0
7/3/2025 13:00,27,79,East North-East,19,29,0,609.7166667,101.3633333,0,0
7/3/2025 14:00,27.5,77,East North-East,17,31,0,654.2,101.2633333,0,0
7/3/2025 15:00,27.5,77,East North-East,14,22,0,504.5166667,101.1883333,0,0
7/3/2025 16:00,27.2,78,East,10,30,0.4,308.6833333,101.1666667,0,0
7/3/2025 17:00,26.6,82,East,10,24,0,135.4666667,101.1616667,0,0
7/3/2025 18:00,26.7,77,North-East,11,20,0,11.66666667,101.205,0,0
7/3/2025 19:00,26.6,79,North-East,9,20,0,0,101.2083333,0,0
7/3/2025 20:00,25.7,81,North-East,4,14,0,0,101.2416667,0,0
7/3/2025 21:00,25.2,87,West North-West,4,9,0,0,101.2333333,0,0
7/3/2025 22:00,24,89,West,4,8,0,0,101.26,0,0
7/3/2025 23:00,23.9,91,West,0,8,0,0,101.2416667,0,0
7/4/2025 0:00,23.9,91,West,2,6,0,0,101.2166667,0,0
7/4/2025 1:00,23.6,93,West South-West,3,19,1.4,0,101.1833333,0,0
7/4/2025 2:00,22.7,90,North North-West,2,28,0,0,101.1316667,0,0
7/4/2025 3:00,23,95,West South-West,5,27,0.6,0,101.0883333,0,0
7/4/2025 4:00,23.1,96,South-West,6,17,0.2,0,101.06,0,0
7/4/2025 5:00,22.9,95,South-West,5,17,0,0,101.06,0,0
7/4/2025 6:00,23.6,91,West South-West,9,34,0,0,101.0833333,0,0
7/4/2025 7:00,23.5,92,South-West,4,23,0,5.216666667,101.1566667,0,0
7/4/2025 8:00,23.6,91,South South-West,10,25,0.2,61.36666667,101.1883333,0,0
7/4/2025 9:00,24.9,86,South-West,4,20,0,236.7666667,101.21,0,0
7/4/2025 10:00,25.3,87,South,18,32,0,352.1,101.225,0,0
7/4/2025 11:00,24.7,85,South,18,39,0,333.4666667,101.2133333,0,0
7/4/2025 12:00,25.5,81,East North-East,26,39,0,607.9,101.13,0,0
7/4/2025 13:00,26.2,74,North-East,31,42,0,598.9166667,101.0616667,0,0
7/4/2025 14:00,26.4,73,East,19,39,0,632.8166667,100.9716667,0,0
7/4/2025 15:00,25.9,75,East North-East,23,36,0,475.9666667,100.9266667,0,0
7/4/2025 16:00,25.3,75,South,6,32,0,199.2333333,100.93,0,0
7/4/2025 17:00,24.8,77,South-West,4,16,0,62.05,100.9566667,0,0
7/4/2025 18:00,24.8,77,South-West,9,18,0,8.466666667,101.0183333,0,0
7/4/2025 19:00,24.4,76,South-West,7,19,0,0,101.0666667,0,0
7/4/2025 20:00,24.4,75,South-West,6,19,0,0,101.0866667,0,0
7/4/2025 21:00,24.3,74,South-West,6,21,0,0,101.1166667,0,0
7/4/2025 22:00,24.3,74,South-West,6,17,0,0,101.1433333,0,0
7/4/2025 23:00,24.1,75,West South-West,4,14,0,0,101.155,0,0
7/5/2025 0:00,24.4,73,West South-West,6,17,0,0,101.1516667,0,0
7/5/2025 1:00,24.5,73,West South-West,10,19,0,0,101.16,0,0
7/5/2025 2:00,24.7,72,West South-West,6,18,0,0,101.145,0,0
7/5/2025 3:00,24.6,72,West South-West,7,23,0,0,101.1116667,0,0
7/5/2025 4:00,24.7,72,West South-West,10,22,0,0,101.08,0,0
7/5/2025 5:00,24.6,72,West South-West,9,21,0,0,101.095,0,0
7/5/2025 6:00,24.3,74,West South-West,10,24,0,0,101.1316667,0,0
7/5/2025 7:00,25,72,West,10,22,0,17.91666667,101.2033333,0,0
7/5/2025 8:00,25.9,69,West South-West,9,22,0,160.8166667,101.24,0,0
7/5/2025 9:00,26.7,68,West South-West,11,22,0,325.4,101.2816667,0,0
7/5/2025 10:00,27,68,West South-West,12,24,0,515.85,101.3066667,0,0
7/5/2025 11:00,26.6,66,West,13,24,0,519.2166667,101.2983333,0,0
7/5/2025 12:00,26.6,66,West South-West,14,27,0,471.0333333,101.27,0,0
7/5/2025 13:00,26.8,68,West South-West,14,28,0,375.3833333,101.2083333,0,0
7/5/2025 14:00,27.4,64,West South-West,16,27,0,606.5,101.1366667,0,0
7/5/2025 15:00,26.6,69,West South-West,14,28,0,479.8333333,101.11,0,0
7/5/2025 16:00,27,68,West South-West,14,27,0,255.7333333,101.115,0,0
7/5/2025 17:00,26.2,71,West South-West,10,28,0,131.4833333,101.1483333,0,0
7/5/2025 18:00,25.7,75,West South-West,9,26,0,14.23333333,101.2233333,0,0
7/5/2025 19:00,25.7,75,West South-West,7,25,0,0,101.3,0,0
7/5/2025 20:00,25.6,77,West South-West,9,18,0,0,101.3783333,0,0
7/5/2025 21:00,25.6,77,West South-West,9,19,0,0,101.4283333,0,0
7/5/2025 22:00,25.6,79,West South-West,6,14,0,0,101.45,0,0
7/5/2025 23:00,25.6,80,West South-West,7,15,0,0,101.4616667,0,0
7/6/2025 0:00,25.8,81,West South-West,6,21,0,0,101.44,0,0
7/6/2025 1:00,25.7,82,West South-West,8,17,0,0,101.4216667,0,0
7/6/2025 2:00,25.8,81,West South-West,6,20,0,0,101.405,0,0
7/6/2025 3:00,25.9,81,West South-West,7,24,0,0,101.3683333,0,0
7/6/2025 4:00,25.7,84,West,4,23,0,0,101.345,0,0
7/6/2025 5:00,25.7,83,West South-West,4,22,0,0,101.3583333,0,0
7/6/2025 6:00,25.8,84,West,7,18,0,0,101.395,0,0
7/6/2025 7:00,25.9,84,West,3,24,0,17.76666667,101.4666667,0,0
7/6/2025 8:00,27.2,77,West North-West,6,18,0,147.6666667,101.495,0,0
7/6/2025 9:00,27.4,80,West North-West,9,19,0,242.0333333,101.5283333,0,0
7/6/2025 10:00,27.8,78,North-West,9,18,0,497.0333333,101.54,0,0
7/6/2025 11:00,28,76,North-West,8,15,0,524.9833333,101.5266667,0,0
7/6/2025 12:00,28.1,76,North-West,7,14,0,552.65,101.4816667,0,0
7/6/2025 13:00,28.1,74,North-West,9,16,0,538.8666667,101.435,0,0
7/6/2025 14:00,27.9,74,North North-West,5,15,0,446.8166667,101.3683333,0,0
7/6/2025 15:00,28.2,75,West North-West,5,13,0,363.5333333,101.3266667,0,0
7/6/2025 16:00,27.2,79,East,7,12,0,319.4166667,101.2566667,0,0
7/6/2025 17:00,26.9,80,East South-East,6,9,0,108.1166667,101.2816667,0,0
7/6/2025 18:00,26.8,84,East,12,15,0,12.8,101.3466667,0,0
7/6/2025 19:00,26.8,86,East,14,19,0,0,101.3766667,0,0
7/6/2025 20:00,26.9,88,East,15,21,0,0,101.4266667,0,0
7/6/2025 21:00,26.8,88,East,16,21,0.2,0,101.4733333,0,0
7/6/2025 22:00,26.7,89,East North-East,16,22,0,0,101.485,0,0
7/6/2025 23:00,26.8,89,East North-East,13,19,0,0,101.4866667,0,0
7/7/2025 0:00,26.7,88,North-East,18,24,0,0,101.45,0,0
7/7/2025 1:00,26.7,85,North North-East,18,28,0,0,101.4183333,0,0
7/7/2025 2:00,26.8,86,North,17,29,0,0,101.355,0,0
7/7/2025 3:00,26.7,86,North,17,30,0,0,101.3,0,0
7/7/2025 4:00,26.6,83,North North-East,21,31,0,0,101.2516667,0,0
7/7/2025 5:00,26.6,85,North North-East,17,32,0,0,101.2266667,0,0
7/7/2025 6:00,26.6,84,North North-East,18,29,0,0,101.235,0,0
7/7/2025 7:00,26.8,83,North North-East,19,32,0,18.1,101.2816667,0,0
7/7/2025 8:00,27.3,82,North North-East,18,34,0,139.5333333,101.3316667,0,0
7/7/2025 9:00,28.1,78,North North-East,18,36,0,324.8666667,101.4316667,0,0
7/7/2025 10:00,28.4,76,North,19,32,0,530.25,101.475,0,0
7/7/2025 11:00,28.5,77,North,21,36,0,619.6666667,101.3783333,0,0
7/7/2025 12:00,28.4,78,North,23,37,0,631.4333333,101.3,0,0
7/7/2025 13:00,28.8,77,North,19,33,0,675.8833333,101.2716667,0,0
7/7/2025 14:00,28.4,79,North,18,31,0,652.3833333,101.2366667,0,0
7/7/2025 15:00,27.9,82,North North-East,18,30,0,383.3666667,101.19,0,0
7/7/2025 16:00,27.5,81,North,17,31,0,187.8666667,101.1216667,0,0
7/7/2025 17:00,27.5,77,North,18,29,0,93.75,101.1483333,0,0
7/7/2025 18:00,27.2,80,North,16,27,0,11.11666667,101.1933333,0,0
7/7/2025 19:00,27.1,79,North,19,30,0,0,101.2466667,0,0
7/7/2025 20:00,27.1,78,North North-East,23,47,0,0,101.2933333,0,0
7/7/2025 21:00,27.1,78,North North-East,19,47,0,0,101.3466667,0,0
7/7/2025 22:00,27.2,80,North North-East,21,34,0,0,101.3716667,0,0
7/7/2025 23:00,27,77,North North-East,21,35,0,0,101.3133333,0,0
7/8/2025 0:00,26.9,77,North North-East,26,39,0,0,101.2733333,0,0
7/8/2025 1:00,26.9,77,North North-East,22,41,0,0,101.2266667,0,0
7/8/2025 2:00,26.7,78,North,24,37,0,0,101.1766667,0,0
7/8/2025 3:00,26.6,77,North,22,36,0,0,101.1366667,0,0
7/8/2025 4:00,26.6,75,North,21,36,0,0,101.1183333,0,0
7/8/2025 5:00,26.6,76,North,18,35,0,0,101.1033333,0,0
7/8/2025 6:00,26.6,72,North North-West,17,33,0,0,101.1466667,0,0
7/8/2025 7:00,26.6,74,North North-West,16,28,0,9.233333333,101.2266667,0,0
7/8/2025 8:00,27.2,73,North North-West,17,30,0,106.7,101.2816667,0,0
7/8/2025 9:00,28,73,North North-West,18,29,0,352.0666667,101.3666667,0,0
7/8/2025 10:00,28.1,71,North North-West,16,30,0,408.2666667,101.4033333,0,0
7/8/2025 11:00,28.2,71,North North-West,18,30,0,389.95,101.4016667,0,0
7/8/2025 12:00,27.8,74,North North-West,18,31,0,409.7333333,101.3466667,0,0
7/8/2025 13:00,28,75,North North-West,18,29,0,354.1666667,101.27,0,0
7/8/2025 14:00,27.9,75,North North-West,15,30,0,315.0166667,101.2033333,0,0
7/8/2025 15:00,28.4,73,North North-West,18,28,0,362.7833333,101.1383333,0,0
7/8/2025 16:00,27.3,79,North North-West,14,31,0,245.5,101.1133333,0,0
7/8/2025 17:00,27,80,North North-West,15,27,0,69.2,101.1333333,0,0
7/8/2025 18:00,27.1,79,North-West,16,30,0,10.25,101.185,0,0
7/8/2025 19:00,26.9,81,North-West,13,29,0,0,101.2566667,0,0
7/8/2025 20:00,26.8,83,North North-West,10,23,0,0,101.3,0,0
7/8/2025 21:00,26.7,84,North North-West,9,21,0,0,101.3483333,0,0
7/8/2025 22:00,26.9,82,North North-West,12,19,0,0,101.3883333,0,0
7/8/2025 23:00,26.8,83,North North-West,13,21,0,0,101.4,0,0
7/9/2025 0:00,26.7,84,North-West,12,19,0,0,101.3883333,0,0
7/9/2025 1:00,26.4,85,North-West,8,18,0,0,101.38,0,0
7/9/2025 2:00,26.4,85,North North-West,6,14,0,0,101.3166667,0,0
7/9/2025 3:00,26.1,85,North North-West,7,13,0,0,101.2533333,0,0
7/9/2025 4:00,26,85,North North-West,10,17,0,0,101.2,0,0
7/9/2025 5:00,26.3,84,North North-West,13,20,0,0,101.2166667,0,0
7/9/2025 6:00,26.3,83,North-West,12,22,0,0,101.33,0,0
7/9/2025 7:00,26.4,83,North North-West,10,19,0,16.9,101.4166667,0,0
7/9/2025 8:00,27.7,76,North North-West,13,23,0,188.1666667,101.4783333,0,0
7/9/2025 9:00,27.9,75,North North-West,15,28,0,321.7666667,101.5383333,0,0
7/9/2025 10:00,28.2,75,North North-West,19,32,0,524.8,101.535,0,0
7/9/2025 11:00,28.5,76,North-West,20,35,0,605.5833333,101.545,0,0
7/9/2025 12:00,28.4,73,North-West,20,35,0,596.4,101.54,0,0
7/9/2025 13:00,28.2,74,North-West,21,32,0,567.0833333,101.4766667,0,0
7/9/2025 14:00,28.5,77,North-West,19,35,0,736,101.405,0,0
7/9/2025 15:00,28.6,76,North-West,19,32,0,566.25,101.3383333,0,0
7/9/2025 16:00,27.5,80,North North-West,13,26,0,286.6666667,101.3316667,0,0
7/9/2025 17:00,27.2,79,North-West,8,22,0,96.3,101.355,0,0
7/9/2025 18:00,26.9,78,North North-West,7,14,0,11.8,101.3933333,0,0
7/9/2025 19:00,26.7,81,North North-West,3,10,0,0,101.42,0,0
7/9/2025 20:00,26.6,83,South-West,4,6,0,0,101.4766667,0,0
7/9/2025 21:00,27,82,East,8,12,0,0,101.5466667,0,0
7/9/2025 22:00,26.9,83,East North-East,12,15,0,0,101.6183333,0,0
7/9/2025 23:00,26.8,83,East North-East,14,18,0,0,101.6166667,0,0
7/10/2025 0:00,26.7,84,North-East,10,19,0,0,101.6183333,0,0
7/10/2025 1:00,26.6,83,North North-East,13,20,0,0,101.6116667,0,0
7/10/2025 2:00,26.6,84,North-East,14,24,0,0,101.5633333,0,0
7/10/2025 3:00,26.5,83,North-East,15,22,0,0,101.5033333,0,0
7/10/2025 4:00,26.5,82,East North-East,11,21,0,0,101.4666667,0,0
7/10/2025 5:00,26.5,85,East North-East,15,20,0,0,101.4983333,0,0
7/10/2025 6:00,26.7,84,East North-East,16,24,0,0,101.5216667,0,0
7/10/2025 7:00,26.7,82,East North-East,17,24,0,9.8,101.5616667,0,0
7/10/2025 8:00,27.2,80,East North-East,21,26,0,128.95,101.6083333,0,0
7/10/2025 9:00,27.2,82,East North-East,24,32,0,341.35,101.6333333,0,0
7/10/2025 10:00,27.5,82,East North-East,21,30,0,491.7666667,101.6666667,0,0
7/10/2025 11:00,27.5,83,East North-East,21,28,0,537.1833333,101.67,0,0
7/10/2025 12:00,27.7,84,East North-East,21,27,0,602.8666667,101.6166667,0,0
7/10/2025 13:00,27.9,82,East North-East,21,30,0,633.5333333,101.53,0,0
7/10/2025 14:00,27.9,82,East North-East,26,34,0,593.5,101.42,0,0
7/10/2025 15:00,27.8,81,East North-East,28,34,0,550.5833333,101.3683333,0,0
7/10/2025 16:00,27.7,84,East North-East,26,33,0,327.6666667,101.3766667,0,0
7/10/2025 17:00,27.3,82,East North-East,27,35,0,175.7666667,101.4033333,0,0
7/10/2025 18:00,27.3,82,East North-East,25,36,0,9.066666667,101.4766667,0,0
7/10/2025 19:00,27.2,82,East North-East,23,32,0,0,101.555,0,0
7/10/2025 20:00,27.2,82,East North-East,23,31,0,0,101.6283333,0,0
7/10/2025 21:00,27.1,80,East North-East,23,29,0,0,101.6833333,0,0
7/10/2025 22:00,27,82,East North-East,23,33,0,0,101.7116667,0,0
7/10/2025 23:00,27.1,79,East North-East,27,35,0,0,101.7166667,0,0
7/11/2025 0:00,26.9,80,East North-East,26,35,0,0,101.6966667,0,0
7/11/2025 1:00,26.7,81,East North-East,27,34,0,0,101.6683333,0,0
7/11/2025 2:00,26.6,78,East North-East,22,33,0,0,101.63,0,0
7/11/2025 3:00,26.6,79,East North-East,20,27,0,0,101.6183333,0,0
7/11/2025 4:00,26.6,80,East,24,30,0,0,101.5866667,0,0
7/11/2025 5:00,26.5,79,East South-East,26,33,0,0,101.565,0,0
7/11/2025 6:00,25.9,86,East,35,50,0,0,101.595,0,0
7/11/2025 7:00,26.7,72,East,29,43,0,7.45,101.6666667,0,0
7/11/2025 8:00,26.5,75,East South-East,28,44,0,92.5,101.7433333,0,0
7/11/2025 9:00,26.6,77,East South-East,24,34,0,218,101.8033333,0,0
7/11/2025 10:00,26.8,79,East South-East,30,41,0,513.5333333,101.75,0,0
7/11/2025 11:00,26.9,81,East,30,41,0,604.7666667,101.6833333,0,0
7/11/2025 12:00,27.1,80,East,31,43,0,598.35,101.615,0,0
7/11/2025 13:00,27.3,78,East,33,45,0,739.9833333,101.5316667,0,0
7/11/2025 14:00,27.2,80,East,31,42,0,646.35,101.45,0,0
7/11/2025 15:00,27.2,81,East,33,42,0,344.6666667,101.3866667,0,0
7/11/2025 16:00,27.2,81,East,28,40,0,235.4166667,101.4,0,0
7/11/2025 17:00,27,80,East,29,39,0,109.75,101.4183333,0,0
7/11/2025 18:00,27,83,East,28,37,0,16.45,101.45,0,0
7/11/2025 19:00,27.1,80,East,28,40,0,0,101.4883333,0,0
7/11/2025 20:00,27,82,East,24,34,0,0,101.5483333,0,0
7/11/2025 21:00,27,80,East,27,32,0,0,101.5866667,0,0
7/11/2025 22:00,26.7,84,East,17,35,0,0,101.6083333,0,0
7/11/2025 23:00,26.8,84,East,22,30,0,0,101.6216667,0,0
7/12/2025 0:00,26.9,82,East,24,31,0,0,101.58,0,0
7/12/2025 1:00,26.5,84,East North-East,23,35,0,0,101.535,0,0
7/12/2025 2:00,26.7,81,East North-East,28,36,0,0,101.4866667,0,0
7/12/2025 3:00,26.7,84,East North-East,21,33,0,0,101.46,0,0
7/12/2025 4:00,26.7,81,East,25,35,0,0,101.4233333,0,0
7/12/2025 5:00,26.6,82,East North-East,22,31,0,0,101.4466667,0,0
7/12/2025 6:00,26.7,82,East North-East,21,28,0,0,101.4766667,0,0
7/12/2025 7:00,26.7,83,East,21,31,0,7.033333333,101.5366667,0,0
7/12/2025 8:00,26.1,82,East North-East,23,39,0,102.3833333,101.58,0,0
7/12/2025 9:00,26.1,86,North-East,18,42,0.4,107.4,101.6633333,0,0
7/12/2025 10:00,27.2,77,East North-East,24,30,0,476.7166667,101.6316667,0,0
7/12/2025 11:00,27.2,76,East North-East,23,31,0,606.8,101.5916667,0,0
7/12/2025 12:00,27.4,77,East North-East,18,27,0,668.0166667,101.5133333,0,0
7/12/2025 13:00,27.2,78,East,17,24,0,688.3333333,101.445,0,0
7/12/2025 14:00,27.4,78,East,17,22,0,653.2333333,101.3866667,0,0
7/12/2025 15:00,27.4,78,East,15,22,0,541.05,101.345,0,0
7/12/2025 16:00,27.2,78,East,15,21,0,357.0333333,101.3116667,0,0
7/12/2025 17:00,27,80,East,14,21,0,163.2833333,101.3383333,0,0
7/12/2025 18:00,26.9,80,East,18,23,0,18.83333333,101.385,0,0
7/12/2025 19:00,26.7,78,East,16,22,0,0,101.4266667,0,0
7/12/2025 20:00,26.6,79,East,14,20,0,0,101.4783333,0,0
7/12/2025 21:00,26.6,81,East South-East,14,21,0,0,101.5083333,0,0
7/12/2025 22:00,26.4,83,East South-East,14,20,0,0,101.5016667,0,0
7/12/2025 23:00,26.4,81,East South-East,15,21,0,0,101.4666667,0,0
7/13/2025 0:00,26.4,83,East South-East,17,22,0,0,101.44,0,0
7/13/2025 1:00,26.3,81,East South-East,18,25,0,0,101.4216667,0,0
7/13/2025 2:00,26.3,80,East South-East,21,26,0,0,101.39,0,0
7/13/2025 3:00,26.3,79,South-East,19,27,0,0,101.31,0,0
7/13/2025 4:00,26.1,84,South-East,21,27,0,0,101.2866667,0,0
7/13/2025 5:00,25.7,84,East South-East,22,30,0,0,101.29,0,0
7/13/2025 6:00,25.4,73,East,21,39,0,0,101.3166667,0,0
7/13/2025 7:00,25.4,85,South-East,20,36,0,13.55,101.3466667,0,0
7/13/2025 8:00,26.6,84,South-East,22,28,0,171.75,101.37,0,0
7/13/2025 9:00,25.1,88,South-East,8,32,0.2,93.71666667,101.4316667,0,0
7/13/2025 10:00,26.1,85,South-East,24,32,0,460.2666667,101.425,0,0
7/13/2025 11:00,26.1,85,South-East,22,32,0,610.75,101.3866667,0,0
7/13/2025 12:00,26.6,83,South-East,22,29,0,670.2833333,101.345,0,0
7/13/2025 13:00,26.7,83,South-East,19,27,0,642.7333333,101.2833333,0,0
7/13/2025 14:00,26.4,83,South-East,19,25,0,530.6333333,101.21,0,0
7/13/2025 15:00,26.7,81,East South-East,16,26,0,412.4833333,101.17,0,0
7/13/2025 16:00,27.1,76,East South-East,13,22,0,342.8,101.1516667,0,0
7/13/2025 17:00,27.1,75,East,14,20,0,179.1666667,101.1566667,0,0
7/13/2025 18:00,26.8,77,East,15,23,0,20.36666667,101.215,0,0
7/13/2025 19:00,26.7,79,East,17,23,0,0,101.2316667,0,0
7/13/2025 20:00,26.7,79,East South-East,16,23,0,0,101.265,0,0
7/13/2025 21:00,26.6,81,East South-East,18,23,0,0,101.3066667,0,0
7/13/2025 22:00,26.5,79,East,19,25,0,0,101.3216667,0,0
7/13/2025 23:00,26.3,79,East,18,26,0,0,101.305,0,0
7/14/2025 0:00,26.3,80,East South-East,18,24,0,0,101.3066667,0,0
7/14/2025 1:00,26.3,80,East South-East,15,22,0,0,101.3233333,0,0
7/14/2025 2:00,26.3,79,East South-East,19,25,0,0,101.2983333,0,0
7/14/2025 3:00,26.2,79,East,17,24,0,0,101.2883333,0,0
7/14/2025 4:00,26.1,79,East South-East,14,21,0,0,101.2983333,0,0
7/14/2025 5:00,26.1,78,East South-East,13,20,0,0,101.3466667,0,0
7/14/2025 6:00,25.9,78,East South-East,14,19,0,0,101.39,0,0
7/14/2025 7:00,26.1,79,East South-East,13,19,0,19.63333333,101.4566667,0,0
7/14/2025 8:00,26.5,76,East South-East,14,18,0,162.9666667,101.4916667,0,0
7/14/2025 9:00,26.7,76,East South-East,13,19,0,334.1666667,101.54,0,0
7/14/2025 10:00,26.9,74,East South-East,11,17,0,545.8833333,101.5833333,0,0
7/14/2025 11:00,26.9,74,South-East,14,20,0,641.7166667,101.5516667,0,0
7/14/2025 12:00,27,72,East South-East,13,22,0,686.4333333,101.4783333,0,0
7/14/2025 13:00,27.2,76,South-East,13,20,0,716.5666667,101.41,0,0
7/14/2025 14:00,27.4,73,South-East,9,18,0,698.3666667,101.36,0,0
7/14/2025 15:00,27.4,74,South-East,10,18,0,574.7666667,101.3233333,0,0
7/14/2025 16:00,27.1,73,South-East,12,19,0,388.6666667,101.3116667,0,0
7/14/2025 17:00,26.7,77,East South-East,14,20,0,174.5666667,101.35,0,0
7/14/2025 18:00,26.6,76,East South-East,18,24,0,9.183333333,101.3866667,0,0
7/14/2025 19:00,26.3,84,East South-East,21,28,0,0,101.4166667,0,0
7/14/2025 20:00,25.8,86,East South-East,20,30,0,0,101.4416667,0,0
7/14/2025 21:00,26,84,East South-East,22,30,0,0,101.44,0,0
7/14/2025 22:00,25.9,85,East South-East,23,31,0,0,101.4283333,0,0
7/14/2025 23:00,25.8,86,East South-East,23,33,0,0,101.4083333,0,0
7/15/2025 0:00,25.7,89,East South-East,22,32,0,0,101.4016667,0,0
7/15/2025 1:00,25.7,86,East South-East,22,31,0,0,101.4016667,0,0
7/15/2025 2:00,25.6,86,East South-East,22,28,0,0,101.3483333,0,0
7/15/2025 3:00,25.6,83,East South-East,19,29,0,0,101.3016667,0,0
7/15/2025 4:00,25.5,87,East South-East,23,31,0,0,101.265,0,0
7/15/2025 5:00,25.9,83,South-East,23,28,0,0,101.2883333,0,0
7/15/2025 6:00,25.9,83,South-East,24,30,0,0,101.3283333,0,0
7/15/2025 7:00,25.9,83,South-East,24,32,0,14.9,101.37,0,0
7/15/2025 8:00,26.2,81,South-East,26,34,0,115.6166667,101.41,0,0
7/15/2025 9:00,26.3,78,South-East,24,33,0,192,101.4416667,0,0
7/15/2025 10:00,26.4,75,South-East,24,35,0,455.5166667,101.44,0,0
7/15/2025 11:00,26.6,76,East South-East,22,34,0,558.4,101.41,0,0
7/15/2025 12:00,26.6,80,South-East,25,33,0,615.6333333,101.365,0,0
7/15/2025 13:00,26.6,80,South-East,24,36,0,499.1666667,101.295,0,0
7/15/2025 14:00,26.8,80,South-East,24,32,0,650.1,101.24,0,0
7/15/2025 15:00,26.7,79,East South-East,25,33,0,526.75,101.1866667,0,0
7/15/2025 16:00,26.4,80,East South-East,26,37,0,314.4333333,101.1683333,0,0
7/15/2025 17:00,26.3,80,South-East,29,36,0,94.98333333,101.2016667,0,0
7/15/2025 18:00,26,80,East South-East,30,39,0,16.3,101.2433333,0,0
7/15/2025 19:00,25.9,80,East South-East,32,42,0,0,101.2533333,0,0
7/15/2025 20:00,25.9,80,East South-East,33,43,0,0,101.28,0,0
7/15/2025 21:00,25.8,79,East South-East,30,42,0,0,101.3,0,0
7/15/2025 22:00,25.7,79,East South-East,30,44,0,0,101.3183333,0,0
7/15/2025 23:00,25.5,79,East South-East,30,39,0,0,101.315,0,0
7/16/2025 0:00,25.4,79,East South-East,24,37,0,0,101.3,0,0
7/16/2025 1:00,25.3,78,East South-East,25,35,0,0,101.2766667,0,0
7/16/2025 2:00,25.3,77,East South-East,26,32,0,0,101.2266667,0,0
7/16/2025 3:00,25.3,78,East South-East,22,30,0,0,101.1933333,0,0
7/16/2025 4:00,25.3,77,East South-East,21,29,0,0,101.1616667,0,0
7/16/2025 5:00,25.3,78,South-East,21,30,0,0,101.185,0,0
7/16/2025 6:00,25.3,80,South-East,22,30,0,0,101.2366667,0,0
7/16/2025 7:00,25.4,78,South-East,21,29,0,17.01666667,101.2983333,0,0
7/16/2025 8:00,25.6,76,South-East,20,27,0,160.7,101.3416667,0,0
7/16/2025 9:00,25.9,76,East South-East,18,26,0,297.1166667,101.3783333,0,0
7/16/2025 10:00,25.9,75,East South-East,18,27,0,449.3666667,101.39,0,0
7/16/2025 11:00,26.1,74,South-East,21,28,0,513.0666667,101.37,0,0
7/16/2025 12:00,26.4,74,South-East,19,28,0,506.9333333,101.3033333,0,0
7/16/2025 13:00,26.2,75,South-East,18,26,0,303.5,101.2516667,0,0
7/16/2025 14:00,26.4,75,South-East,20,28,0,417.2333333,101.1733333,0,0
7/16/2025 15:00,26.2,73,East South-East,21,28,0,374.0833333,101.135,0,0
7/16/2025 16:00,26.1,74,East South-East,22,32,0,221.9666667,101.1333333,0,0
7/16/2025 17:00,26,75,East South-East,21,29,0,113.35,101.1683333,0,0
7/16/2025 18:00,25.9,76,East South-East,22,32,0,18,101.2166667,0,0
7/16/2025 19:00,25.8,75,East South-East,22,30,0,0,101.2316667,0,0
7/16/2025 20:00,25.5,80,East South-East,23,32,0,0,101.2733333,0,0
7/16/2025 21:00,25.4,82,East,25,35,0,0,101.315,0,0
7/16/2025 22:00,25.3,83,East,24,35,0,0,101.33,0,0
7/16/2025 23:00,25.5,81,East,23,33,0,0,101.3316667,0,0
7/17/2025 0:00,25.3,84,East,21,29,0,0,101.3133333,0,0
7/17/2025 1:00,25.2,85,East,17,27,0,0,101.2983333,0,0
7/17/2025 2:00,25.1,82,East South-East,14,25,0,0,101.255,0,0
7/17/2025 3:00,25.1,84,East South-East,18,27,0,0,101.2116667,0,0
7/17/2025 4:00,25.4,80,East South-East,21,28,0,0,101.18,0,0
7/17/2025 5:00,25.5,79,East South-East,17,26,0,0,101.215,0,0
7/17/2025 6:00,25.6,80,East South-East,22,27,0,0,101.2633333,0,0
7/17/2025 7:00,25.7,79,East South-East,20,29,0,6.533333333,101.3316667,0,0
7/17/2025 8:00,26,78,East South-East,23,30,0,113.1833333,101.3966667,0,0
7/17/2025 9:00,26.3,76,East South-East,20,30,0,358.4166667,101.4266667,0,0
7/17/2025 10:00,26.3,77,East South-East,21,30,0,553.0833333,101.4433333,0,0
7/17/2025 11:00,26.7,79,East South-East,20,29,0,633.9333333,101.425,0,0
7/17/2025 12:00,26.6,79,East South-East,19,30,0,567.5666667,101.3633333,0,0
7/17/2025 13:00,26.8,80,East,22,31,0,556.8833333,101.305,0,0
7/17/2025 14:00,26.5,81,East,25,34,0,599.5833333,101.24,0,0
7/17/2025 15:00,26.5,79,East South-East,20,32,0,534.8666667,101.2116667,0,0
7/17/2025 16:00,26.5,80,East,21,28,0,367.85,101.2183333,0,0
7/17/2025 17:00,26.4,82,East,21,27,0,177.9333333,101.2433333,0,0
7/17/2025 18:00,26.3,83,East,19,27,0,22.21666667,101.31,0,0
7/17/2025 19:00,26.2,82,East,19,28,0,0,101.3666667,0,0
7/17/2025 20:00,25.8,84,East North-East,21,29,0,0,101.4216667,0,0
7/17/2025 21:00,26,83,East,19,27,0,0,101.4583333,0,0
7/17/2025 22:00,26,81,East North-East,17,24,0,0,101.4766667,0,0
7/17/2025 23:00,26,81,East North-East,15,23,0,0,101.4516667,0,0
7/18/2025 0:00,25.9,82,East North-East,17,24,0,0,101.435,0,0
7/18/2025 1:00,25.9,82,East,16,23,0,0,101.4166667,0,0
7/18/2025 2:00,25.9,80,East,18,28,0,0,101.39,0,0
7/18/2025 3:00,26,81,East,16,23,0,0,101.3383333,0,0
7/18/2025 4:00,25.8,79,East,15,22,0,0,101.2916667,0,0
7/18/2025 5:00,25.8,82,East South-East,19,26,0,0,101.26,0,0
7/18/2025 6:00,25.8,80,East,20,30,0,0,101.285,0,0
7/18/2025 7:00,25.8,81,East South-East,21,28,0,8.166666667,101.37,0,0
7/18/2025 8:00,26,80,East South-East,21,32,0,95.78333333,101.46,0,0
7/18/2025 9:00,26.5,77,East South-East,23,35,0,278.65,101.57,0,0
7/18/2025 10:00,26.7,77,East South-East,23,32,0,533.0166667,101.6166667,0,0
7/18/2025 11:00,26.7,78,East South-East,22,31,0,585.4333333,101.5883333,0,0
7/18/2025 12:00,26.7,79,East South-East,21,32,0,652.9666667,101.5083333,0,0
7/18/2025 13:00,26.6,78,East,24,31,0,698.9666667,101.3916667,0,0
7/18/2025 14:00,26.7,80,East,21,29,0,617.8833333,101.33,0,0
7/18/2025 15:00,26.7,80,East South-East,23,29,0,457.7166667,101.2933333,0,0
7/18/2025 16:00,26.7,82,East,22,31,0,336.4333333,101.2666667,0,0
7/18/2025 17:00,26.5,81,East South-East,25,33,0,141.15,101.3133333,0,0
7/18/2025 18:00,26.4,81,East South-East,26,35,0,24.08333333,101.3833333,0,0
7/18/2025 19:00,26.4,82,East South-East,27,38,0,0,101.445,0,0
7/18/2025 20:00,26.4,79,East South-East,27,39,0,0,101.505,0,0
7/18/2025 21:00,26.3,80,East South-East,28,36,0,0,101.5283333,0,0
7/18/2025 22:00,26.2,79,East South-East,29,37,0,0,101.52,0,0
7/18/2025 23:00,26,80,East South-East,27,39,0,0,101.505,0,0
7/19/2025 0:00,25.9,80,East South-East,28,41,0,0,101.49,0,0
7/19/2025 1:00,25.8,79,East South-East,26,39,0,0,101.465,0,0
7/19/2025 2:00,25.7,78,East South-East,26,36,0,0,101.4266667,0,0
7/19/2025 3:00,25.7,78,East South-East,25,34,0,0,101.385,0,0
7/19/2025 4:00,25.7,77,East South-East,24,36,0,0,101.3833333,0,0
7/19/2025 5:00,25.7,76,East South-East,26,35,0,0,101.4016667,0,0
7/19/2025 6:00,25.7,77,East South-East,24,35,0,0,101.4566667,0,0
7/19/2025 7:00,25.7,77,East,27,39,0,14.38333333,101.5,0,0
7/19/2025 8:00,26.1,75,East,24,36,0,142.9833333,101.5433333,0,0
7/19/2025 9:00,26.1,74,East,26,33,0,300.75,101.6016667,0,0
7/19/2025 10:00,26.3,72,East,23,35,0,539.95,101.6316667,0,0
7/19/2025 11:00,26.3,72,East,23,31,0,654.9833333,101.61,0,0
7/19/2025 12:00,26.6,74,East,20,31,0,683.8166667,101.5533333,0,0
7/19/2025 13:00,26.5,73,East,19,27,0,745.1666667,101.4966667,0,0
7/19/2025 14:00,26.5,73,East,18,29,0,678,101.4416667,0,0
7/19/2025 15:00,26.6,73,East,18,26,0,531.8,101.395,0,0
7/19/2025 16:00,26.5,73,East South-East,19,28,0,378.4833333,101.37,0,0
7/19/2025 17:00,26.5,72,East,18,24,0,182.3833333,101.3833333,0,0
7/19/2025 18:00,26.3,73,East,17,24,0,25.66666667,101.435,0,0
7/19/2025 19:00,26.3,74,East South-East,15,24,0,0,101.4983333,0,0
7/19/2025 20:00,26.5,76,East South-East,20,26,0,0,101.5466667,0,0
7/19/2025 21:00,26,74,East South-East,19,27,0,0,101.5583333,0,0
7/19/2025 22:00,26,75,East South-East,20,27,0,0,101.5733333,0,0
7/19/2025 23:00,25.9,75,East South-East,21,29,0,0,101.5483333,0,0
7/20/2025 0:00,25.9,77,East South-East,22,30,0,0,101.51,0,0
7/20/2025 1:00,25.7,76,East South-East,24,31,0,0,101.5066667,0,0
7/20/2025 2:00,25.7,77,East South-East,24,33,0,0,101.4516667,0,0
7/20/2025 3:00,25.6,75,East South-East,23,32,0,0,101.4333333,0,0
7/20/2025 4:00,25.6,74,East South-East,21,34,0,0,101.405,0,0
7/20/2025 5:00,25.6,75,East South-East,22,32,0,0,101.4366667,0,0
7/20/2025 6:00,25.6,77,East South-East,20,29,0,0,101.4716667,0,0
7/20/2025 7:00,25.7,76,East,19,27,0,23.56666667,101.53,0,0
7/20/2025 8:00,25.9,74,East South-East,20,28,0,176.4333333,101.5783333,0,0
7/20/2025 9:00,26.1,77,East South-East,22,28,0,346.4333333,101.595,0,0
7/20/2025 10:00,26.3,78,East,21,30,0,551.7166667,101.5933333,0,0
7/20/2025 11:00,26.5,79,East,19,29,0,570.1,101.5666667,0,0
7/20/2025 12:00,26.6,77,East,18,27,0,693,101.5216667,0,0
7/20/2025 13:00,26.7,79,East South-East,17,23,0,739.7166667,101.4833333,0,0
7/20/2025 14:00,26.7,80,East South-East,19,25,0,586.2333333,101.3916667,0,0
7/20/2025 15:00,27,79,East,19,28,0,552,101.3566667,0,0
7/20/2025 16:00,26.9,79,East,18,24,0,346.9,101.3533333,0,0
7/20/2025 17:00,26.8,80,East,16,23,0,184.3166667,101.3983333,0,0
7/20/2025 18:00,26.7,80,East South-East,16,23,0,24.48333333,101.45,0,0
7/20/2025 19:00,26.4,81,East South-East,18,23,0,0,101.5083333,0,0
7/20/2025 20:00,26.5,84,East South-East,24,32,0,0,101.5566667,0,0
7/20/2025 21:00,26.1,85,East South-East,21,34,0,0,101.5666667,0,0
7/20/2025 22:00,26.3,82,East South-East,21,31,0,0,101.5716667,0,0
7/20/2025 23:00,26.2,81,East South-East,21,29,0,0,101.5533333,0,0
7/21/2025 0:00,26,81,East South-East,20,28,0,0,101.5166667,0,0
7/21/2025 1:00,25.9,81,East South-East,19,29,0,0,101.4816667,0,0
7/21/2025 2:00,25.8,82,East South-East,18,26,0,0,101.425,0,0
7/21/2025 3:00,25.8,81,East South-East,21,29,0,0,101.3633333,0,0
7/21/2025 4:00,25.7,83,East South-East,19,30,0,0,101.3166667,0,0
7/21/2025 5:00,25.8,80,East,19,28,0,0,101.32,0,0
7/21/2025 6:00,25.8,82,East South-East,19,25,0,0,101.3683333,0,0
7/21/2025 7:00,25.9,82,East South-East,18,29,0,10.61666667,101.425,0,0
7/21/2025 8:00,26.4,76,East,19,26,0,172.7833333,101.47,0,0
7/21/2025 9:00,26.5,76,East,20,27,0,334.3,101.5066667,0,0
7/21/2025 10:00,26.7,79,East,17,25,0,524.65,101.525,0,0
7/21/2025 11:00,26.7,78,East,19,28,0,654.4833333,101.48,0,0
7/21/2025 12:00,27,79,East,18,30,0,635.2,101.4116667,0,0
7/21/2025 13:00,27,80,East South-East,22,31,0,510.9,101.335,0,0
7/21/2025 14:00,27,80,East South-East,20,28,0,682.05,101.275,0,0
7/21/2025 15:00,26.9,80,East South-East,19,28,0,305.6,101.2183333,0,0
7/21/2025 16:00,27,82,East South-East,24,35,0,286.3166667,101.195,0,0
7/21/2025 17:00,26.5,83,East,20,36,0,164.6666667,101.205,0,0
7/21/2025 18:00,26.2,83,East South-East,24,33,0,18.3,101.2566667,0,0
7/21/2025 19:00,26.3,79,East South-East,19,33,0,0,101.2983333,0,0
7/21/2025 20:00,26.5,82,East South-East,23,31,0,0,101.3183333,0,0
7/21/2025 21:00,26.5,82,East,24,32,0,0,101.3433333,0,0
7/21/2025 22:00,26.2,80,East,19,31,0,0,101.37,0,0
7/21/2025 23:00,26.2,79,East,23,31,0,0,101.3266667,0,0
7/22/2025 0:00,26.2,81,East South-East,19,28,0,0,101.3433333,0,0
7/22/2025 1:00,26,81,East South-East,17,26,0,0,101.3283333,0,0
7/22/2025 2:00,26,83,East South-East,19,25,0,0,101.2483333,0,0
7/22/2025 3:00,25.7,84,East,18,24,0,0,101.2083333,0,0
7/22/2025 4:00,25.6,84,East,20,27,0,0,101.2033333,0,0
7/22/2025 5:00,25.8,81,East North-East,17,27,0,0,101.205,0,0
7/22/2025 6:00,25.7,83,East North-East,15,23,0,0,101.2033333,0,0
7/22/2025 7:00,25.9,82,East North-East,17,22,0,22.25,101.24,0,0
7/22/2025 8:00,26.2,81,East North-East,15,23,0,141.9666667,101.2716667,0,0
7/22/2025 9:00,26.8,77,East North-East,14,22,0,342,101.3133333,0,0
7/22/2025 10:00,27,75,East North-East,18,26,0,547.8,101.3266667,0,0
7/22/2025 11:00,27.4,70,North-East,17,28,0,642.2666667,101.2916667,0,0
7/22/2025 12:00,27.4,74,North-East,19,27,0,706.5,101.235,0,0
7/22/2025 13:00,27.7,73,North-East,17,26,0,767.7,101.185,0,0
7/22/2025 14:00,27.4,69,North-East,18,26,0,678.0833333,101.105,0,0
7/22/2025 15:00,27.7,67,North North-East,13,27,0,572.5166667,101.0266667,0,0
7/22/2025 16:00,27.5,70,North North-East,12,24,0,390.4833333,101.0183333,0,0
7/22/2025 17:00,27.1,70,North North-East,11,18,0,191.1333333,101.04,0,0
7/22/2025 18:00,26.5,75,North,10,19,0,31.25,101.0966667,0,0
7/22/2025 19:00,25.8,75,North North-West,7,15,0,0,101.145,0,0
7/22/2025 20:00,25.7,77,North North-West,6,13,0,0,101.205,0,0
7/22/2025 21:00,25.5,77,North North-West,5,10,0,0,101.2566667,0,0
7/22/2025 22:00,23.3,85,West,3,7,0,0,101.3,0,0
7/22/2025 23:00,23.1,88,West,3,6,0,0,101.31,0,0
7/23/2025 0:00,23.1,89,West North-West,2,10,0,0,101.2966667,0,0
7/23/2025 1:00,22.6,90,West,3,6,0,0,101.2666667,0,0
7/23/2025 2:00,23.8,88,North North-West,5,10,0,0,101.215,0,0
7/23/2025 3:00,25.8,79,North-East,9,13,0,0,101.1566667,0,0
7/23/2025 4:00,25.1,78,North-East,6,12,0,0,101.1383333,0,0
7/23/2025 5:00,25.8,80,North-East,10,14,0,0,101.1566667,0,0
7/23/2025 6:00,22.8,89,North-West,3,10,0,0,101.2016667,0,0
7/23/2025 7:00,26,79,North,10,19,0,21.73333333,101.265,0,0
7/23/2025 8:00,26.5,78,East North-East,12,20,0,32.33333333,101.3233333,0,0
7/23/2025 9:00,26,84,South-East,11,27,0.8,0.033333333,101.3933333,0,0
7/23/2025 10:00,27.6,74,NA,15,23,0,NA,NA,0,0
7/23/2025 11:00,26,84,NA,14,34,2.6,NA,NA,0,0
7/23/2025 12:00,26.3,85,NA,11,28,2.2,NA,NA,0,0
7/23/2025 13:00,28,74,NA,20,30,0,NA,NA,0,0
7/23/2025 14:00,27,72,NA,19,35,0,NA,NA,0,0
7/23/2025 15:00,27.3,71,NA,20,32,0,NA,NA,0,0
7/23/2025 16:00,27.2,72,NA,17,28,0,NA,NA,0,0
7/23/2025 17:00,26.3,77,NA,12,31,0,NA,NA,0,0
7/23/2025 18:00,26,78,NA,6,31,0,NA,NA,0,0
7/23/2025 19:00,26.2,79,NA,12,22,0,NA,NA,0,0
7/23/2025 20:00,25.9,80,NA,10,19,0,NA,NA,0,0
7/23/2025 21:00,25.5,80,NA,9,19,0,NA,NA,0,0
7/23/2025 22:00,25,84,NA,6,19,0,NA,NA,0,0
7/23/2025 23:00,25.4,82,NA,8,14,0,NA,NA,0,0
7/24/2025 0:00,25.4,80,NA,9,15,0,NA,NA,0,0
7/24/2025 1:00,25.6,78,NA,9,17,0,NA,NA,0,0
7/24/2025 2:00,25.6,78,NA,8,18,0,NA,NA,0,0
7/24/2025 3:00,25.6,77,NA,8,18,0,NA,NA,0,0
7/24/2025 4:00,25.5,77,NA,11,18,0,NA,NA,0,0
7/24/2025 5:00,25.6,76,NA,11,19,0,NA,NA,0,0
7/24/2025 6:00,24.6,81,NA,6,20,0,NA,NA,0,0
7/24/2025 7:00,24.5,84,NA,4,15,0,NA,NA,0,0
7/24/2025 8:00,26.8,75,NA,12,19,0,NA,NA,0,0
7/24/2025 9:00,27.3,73,NA,9,18,0,NA,NA,0,0
7/24/2025 10:00,27.8,71,NA,9,18,0,NA,NA,0,0
7/24/2025 11:00,28,68,NA,10,21,0,NA,NA,0,0
7/24/2025 12:00,28.1,70,NA,10,20,0,NA,NA,0,0
7/24/2025 13:00,28.2,69,NA,10,20,0,NA,NA,0,0
7/24/2025 14:00,28.2,67,NA,8,19,0,NA,NA,0,0
7/24/2025 15:00,28,69,NA,10,18,0,NA,NA,0,0
7/24/2025 16:00,27.7,70,NA,9,18,0,NA,NA,0,0
7/24/2025 17:00,27.2,71,NA,8,15,0,NA,NA,0,0
7/24/2025 18:00,26.3,76,NA,6,13,0,NA,NA,0,0
7/24/2025 19:00,26,76,NA,5,11,0,NA,NA,0,0
7/24/2025 20:00,25.8,78,NA,5,10,0,NA,NA,0,0
7/24/2025 21:00,24.2,84,NA,3,8,0,NA,NA,0,0
7/24/2025 22:00,23.7,87,NA,0,6,0,NA,NA,0,0
7/24/2025 23:00,23.2,89,NA,0,4,0,NA,NA,0,0
7/25/2025 0:00,22.9,90,NA,2,5,0,NA,NA,0,0
7/25/2025 1:00,23.1,91,NA,0,4,0,NA,NA,0,0
7/25/2025 2:00,24.5,88,NA,4,11,0,NA,NA,0,0
7/25/2025 3:00,25.2,81,NA,6,11,0,NA,NA,0,0
7/25/2025 4:00,25.2,79,NA,5,9,0,NA,NA,0,0
7/25/2025 5:00,25.5,79,NA,7,12,0,NA,NA,0,0
7/25/2025 6:00,25.6,79,NA,7,13,0,NA,NA,0,0
7/25/2025 7:00,25.9,77,NA,6,14,0,NA,NA,0,0
7/25/2025 8:00,26.2,74,NA,10,18,0,NA,NA,0,0
7/25/2025 9:00,27.2,73,NA,17,28,0,NA,NA,0,0
7/25/2025 10:00,27.5,71,NA,16,33,0,NA,NA,0,0
7/25/2025 11:00,27.5,69,NA,18,29,0,NA,NA,0,0
7/25/2025 12:00,27.5,69,NA,19,31,0,NA,NA,0,0
7/25/2025 13:00,27.7,69,NA,16,31,0,NA,NA,0,0
7/25/2025 14:00,27.8,66,NA,14,27,0,NA,NA,0,0
7/25/2025 15:00,28.2,64,NA,9,22,0,NA,NA,0,0
7/25/2025 16:00,27.9,68,NA,9,19,0,NA,NA,0,0
7/25/2025 17:00,26.8,67,NA,9,16,0,NA,NA,0,0
7/25/2025 18:00,25.9,73,NA,6,14,0,NA,NA,0,0
7/25/2025 19:00,25,76,NA,3,9,0,NA,NA,0,0
7/25/2025 20:00,25,80,NA,5,8,0,NA,NA,0,0
7/25/2025 21:00,23.7,83,NA,5,8,0,NA,NA,0,0
7/25/2025 22:00,23,86,NA,2,8,0,NA,NA,0,0
7/25/2025 23:00,22.6,87,NA,2,6,0,NA,NA,0,0
7/26/2025 0:00,22.5,88,NA,0,6,0,NA,NA,0,0
7/26/2025 1:00,22.6,88,NA,2,3,0,NA,NA,0,0
7/26/2025 2:00,22.3,89,NA,2,4,0,NA,NA,0,0
7/26/2025 3:00,22.4,90,NA,2,7,0,NA,NA,0,0
7/26/2025 4:00,25.5,78,NA,10,16,0,NA,NA,0,0
7/26/2025 5:00,25.7,76,NA,12,17,0,NA,NA,0,0
7/26/2025 6:00,25.6,78,NA,11,17,0,NA,NA,0,0
7/26/2025 7:00,25.9,74,NA,14,18,0,NA,NA,0,0
7/26/2025 8:00,26.3,71,NA,14,21,0,NA,NA,0,0
7/26/2025 9:00,26.5,72,NA,14,23,0,NA,NA,0,0
7/26/2025 10:00,26.7,69,NA,14,21,0,NA,NA,0,0
7/26/2025 11:00,26.9,67,NA,15,21,0,NA,NA,0,0
7/26/2025 12:00,27,70,NA,14,21,0,NA,NA,0,0
7/26/2025 13:00,27.1,71,NA,14,22,0,NA,NA,0,0
7/26/2025 14:00,26.9,72,NA,11,21,0,NA,NA,0,0
7/26/2025 15:00,27.3,67,NA,10,18,0,NA,NA,0,0
7/26/2025 16:00,27.2,69,NA,8,17,0,NA,NA,0,0
7/26/2025 17:00,26.9,69,NA,8,15,0,NA,NA,0,0
7/26/2025 18:00,26.3,71,NA,8,18,0,NA,NA,0,0
7/26/2025 19:00,26.3,75,NA,10,15,0,NA,NA,0,0
7/26/2025 20:00,26.2,74,NA,9,15,0,NA,NA,0,0
7/26/2025 21:00,26.1,74,NA,9,14,0,NA,NA,0,0
7/26/2025 22:00,26.2,75,NA,9,13,0,NA,NA,0,0
7/26/2025 23:00,26,74,NA,10,17,0,NA,NA,0,0
7/27/2025 0:00,26,75,NA,9,15,0,NA,NA,0,0
7/27/2025 1:00,25.9,75,NA,6,11,0,NA,NA,0,0
7/27/2025 2:00,25.6,75,NA,6,10,0,NA,NA,0,0
7/27/2025 3:00,25.1,80,NA,6,9,0,NA,NA,0,0
7/27/2025 4:00,25.5,75,NA,6,14,0,NA,NA,0,0
7/27/2025 5:00,24.5,78,NA,5,9,0,NA,NA,0,0
7/27/2025 6:00,25.6,76,NA,8,13,0,NA,NA,0,0
7/27/2025 7:00,25.9,76,NA,10,15,0,NA,NA,0,0
7/27/2025 8:00,26.3,75,NA,10,19,0,NA,NA,0,0
7/27/2025 9:00,26.7,76,NA,11,19,0,NA,NA,0,0
7/27/2025 10:00,26.6,78,NA,14,21,0,NA,NA,0,0
7/27/2025 11:00,26.7,77,NA,15,22,0,NA,NA,0,0
7/27/2025 12:00,26.7,79,NA,18,27,0,NA,NA,0,0
7/27/2025 13:00,27.1,76,NA,21,27,0,NA,NA,0,0
7/27/2025 14:00,27,78,NA,22,30,0,NA,NA,0,0
7/27/2025 15:00,27,76,NA,19,25,0,NA,NA,0,0
7/27/2025 16:00,27,76,NA,18,26,0,NA,NA,0,0
7/27/2025 17:00,26.9,78,NA,18,23,0,NA,NA,0,0
7/27/2025 18:00,26.7,78,NA,16,26,0,NA,NA,0,0
7/27/2025 19:00,26.6,79,NA,15,23,0,NA,NA,0,0
7/27/2025 20:00,26.6,78,NA,14,22,0,NA,NA,0,0
7/27/2025 21:00,26.5,79,NA,13,21,0,NA,NA,0,0
7/27/2025 22:00,26.5,79,NA,15,22,0,NA,NA,0,0
7/27/2025 23:00,26.1,83,NA,19,30,0,NA,NA,0,0
7/28/2025 0:00,25.8,78,NA,17,28,0,NA,NA,0,0
7/28/2025 1:00,25.8,83,NA,21,25,0,NA,NA,0,0
7/28/2025 2:00,26,79,NA,15,24,0,NA,NA,0,0
7/28/2025 3:00,25.8,82,NA,15,21,0,NA,NA,0,0
7/28/2025 4:00,26,82,NA,14,21,0,NA,NA,0,0
7/28/2025 5:00,26.2,80,NA,18,24,0,NA,NA,0,0
7/28/2025 6:00,26.1,80,NA,22,28,0,NA,NA,0,0
7/28/2025 7:00,26.2,78,NA,19,26,0,NA,NA,0,0
7/28/2025 8:00,26.5,77,NA,18,26,0,NA,NA,0,0
7/28/2025 9:00,26.6,78,NA,21,28,0,NA,NA,0,0
7/28/2025 10:00,26.9,77,NA,19,29,0,NA,NA,0,0
7/28/2025 11:00,27,79,NA,21,29,0,NA,NA,0,0
7/28/2025 12:00,26.9,78,NA,21,30,0,NA,NA,0,0
7/28/2025 13:00,26.9,75,NA,21,31,0,NA,NA,0,0
7/28/2025 14:00,27,75,NA,19,29,0,NA,NA,0,0
7/28/2025 15:00,27,75,NA,22,29,0,NA,NA,0,0
7/28/2025 16:00,26.8,75,NA,21,30,0,NA,NA,0,0
7/28/2025 17:00,26.6,78,NA,21,28,0,NA,NA,0,0
7/28/2025 18:00,26.6,80,NA,19,27,0,NA,NA,0,0
7/28/2025 19:00,26.5,79,NA,21,29,0,NA,NA,0,0
7/28/2025 20:00,26.5,78,NA,22,28,0,NA,NA,0,0
7/28/2025 21:00,26.6,77,NA,19,28,0,NA,NA,0,0
7/28/2025 22:00,26.2,84,NA,26,32,0,NA,NA,0,0
7/28/2025 23:00,26.2,85,NA,28,39,0,NA,NA,0,0
7/29/2025 0:00,26,87,NA,28,39,0,NA,NA,0,0
7/29/2025 1:00,25.7,89,NA,31,39,0,NA,NA,0,0
7/29/2025 2:00,25.7,88,NA,30,42,0,NA,NA,0,0
7/29/2025 3:00,25.7,86,NA,32,39,0,NA,NA,0,0
7/29/2025 4:00,25.7,88,NA,26,39,0,NA,NA,0,0
7/29/2025 5:00,25.9,85,NA,27,39,0,NA,NA,0,0
7/29/2025 6:00,25.8,85,NA,27,37,0,NA,NA,0,0
7/29/2025 7:00,26,83,NA,25,35,0,NA,NA,0,0
7/29/2025 8:00,26.2,83,NA,26,33,0,NA,NA,0,0
7/29/2025 9:00,26.4,84,NA,25,33,0,NA,NA,0,0
7/29/2025 10:00,25.8,90,NA,31,38,0,NA,NA,0,0
7/29/2025 11:00,26.3,86,NA,24,41,0,NA,NA,0,0
7/29/2025 12:00,26.3,88,NA,30,36,0,NA,NA,0,0
7/29/2025 13:00,25.6,89,NA,44,53,0,NA,NA,0,0
7/29/2025 14:00,25.7,88,NA,38,52,0,NA,NA,0,0
7/29/2025 15:00,25.6,87,NA,39,56,0,NA,NA,0,0
7/29/2025 16:00,25.7,87,NA,40,54,0,NA,NA,0,0
7/29/2025 17:00,25.6,86,NA,45,58,0,NA,NA,0,0
7/29/2025 18:00,25.6,87,NA,42,59,0,NA,NA,0,0
7/29/2025 19:00,25.7,86,NA,42,58,0,NA,NA,0,0
7/29/2025 20:00,25.5,85,NA,41,58,0,NA,NA,0,0
7/29/2025 21:00,25.4,88,NA,45,57,0,NA,NA,0,0
7/29/2025 22:00,25.1,88,NA,43,60,0,NA,NA,0,0
7/29/2025 23:00,24.7,90,NA,45,59,0,NA,NA,0,0
7/30/2025 0:00,24.7,91,NA,42,59,0,NA,NA,0,0
7/30/2025 1:00,24.5,92,NA,46,63,0,NA,NA,0,0
7/30/2025 2:00,25.1,86,NA,44,58,0,NA,NA,0,0
7/30/2025 3:00,25,87,NA,40,56,0,NA,NA,0,0
7/30/2025 4:00,25.2,88,NA,37,50,0,NA,NA,0,0
7/30/2025 5:00,25.2,90,NA,41,55,0,NA,NA,0,0
7/30/2025 6:00,25.1,86,NA,40,57,0,NA,NA,0,0
7/30/2025 7:00,24.9,88,NA,41,58,0.2,NA,NA,0,0
7/30/2025 8:00,24.1,92,NA,42,56,0.2,NA,NA,0,0
7/30/2025 9:00,25,88,NA,44,57,0,NA,NA,0,0
7/30/2025 10:00,24.7,87,NA,47,62,0,NA,NA,0,0
7/30/2025 11:00,25.1,83,NA,44,59,0.2,NA,NA,0,0
7/30/2025 12:00,25.3,83,NA,46,58,0,NA,NA,0,0
7/30/2025 13:00,25.4,83,NA,44,58,NA,NA,NA,0,0
7/30/2025 14:00,24.9,86,NA,49,61,0,NA,NA,0,0
7/30/2025 15:00,25.1,84,NA,49,65,0,NA,NA,0,0
7/30/2025 16:00,24.9,83,NA,48,63,0,NA,NA,0,0
7/30/2025 17:00,25,83,NA,47,63,0,NA,NA,0,0
7/30/2025 18:00,24.9,81,NA,50,66,0,NA,NA,0,0
7/30/2025 19:00,24.8,79,NA,49,66,0,NA,NA,0,0
7/30/2025 20:00,24.9,77,NA,49,62,0,NA,NA,0,0
7/30/2025 21:00,24.9,75,NA,41,59,0,NA,NA,0,0
7/30/2025 22:00,25,78,NA,39,52,0,NA,NA,0,0
7/30/2025 23:00,24.8,78,NA,43,55,0,NA,NA,0,0
7/31/2025 0:00,24.8,77,NA,39,55,0,NA,NA,0,0
7/31/2025 1:00,24.7,78,NA,41,54,0,NA,NA,0,0
7/31/2025 2:00,24.7,75,NA,38,53,0,NA,NA,0,0
7/31/2025 3:00,24.8,75,NA,37,51,0,NA,NA,0,0
7/31/2025 4:00,24.7,71,NA,34,50,0,NA,NA,0,0
7/31/2025 5:00,24.9,75,NA,33,48,0,NA,NA,0,0
7/31/2025 6:00,24.7,76,NA,35,48,0,NA,NA,0,0
7/31/2025 7:00,24.8,76,NA,34,46,0,NA,NA,0,0
7/31/2025 8:00,24.8,75,NA,36,49,0,NA,NA,0,0
7/31/2025 9:00,25.2,73,NA,34,45,0,NA,NA,0,0
7/31/2025 10:00,25.3,71,NA,32,45,0,NA,NA,0,0
7/31/2025 11:00,25.3,72,NA,32,44,0,NA,NA,0,0
7/31/2025 12:00,25.5,74,NA,32,46,0,NA,NA,0,0
7/31/2025 13:00,25.3,72,NA,33,46,0,NA,NA,0,0
7/31/2025 14:00,25.2,72,NA,34,46,0,NA,NA,0,0
7/31/2025 15:00,25,72,NA,35,47,0,NA,NA,0,0
7/31/2025 16:00,25.2,73,NA,34,46,0,NA,NA,0,0
7/31/2025 17:00,25.2,74,NA,32,46,0,NA,NA,0,0
7/31/2025 18:00,25.1,74,NA,32,45,0,NA,NA,0,0
7/31/2025 19:00,25.1,73,NA,32,42,0,NA,NA,0,0
7/31/2025 20:00,25,72,NA,32,42,0,NA,NA,0,0
7/31/2025 21:00,25.1,74,NA,32,42,0,NA,NA,0,0
7/31/2025 22:00,25.1,73,NA,32,46,0,NA,NA,0,0
7/31/2025 23:00,25.2,75,NA,30,42,0,NA,NA,0,0
8/1/2025 0:00,25.2,73,NA,30,43,0,NA,NA,0,0
8/1/2025 1:00,25.3,76,NA,28,41,0,NA,NA,0,0
8/1/2025 2:00,25.2,75,NA,27,39,0,NA,NA,0,0
8/1/2025 3:00,25.1,75,NA,26,37,0,NA,NA,0,0
8/1/2025 4:00,25.3,77,NA,28,36,0,NA,NA,0,0
8/1/2025 5:00,25.2,75,NA,27,37,0,NA,NA,0,0
8/1/2025 6:00,25.2,75,NA,27,39,0,NA,NA,0,0
8/1/2025 7:00,25.4,76,NA,27,36,0,NA,NA,0,0
8/1/2025 8:00,25.5,75,NA,31,40,0,NA,NA,0,0
8/1/2025 9:00,25.8,75,NA,29,41,0,NA,NA,0,0
8/1/2025 10:00,25.9,76,NA,30,42,0,NA,NA,0,0
8/1/2025 11:00,26,76,NA,31,42,0,NA,NA,0,0
8/1/2025 12:00,26.1,76,NA,30,40,0,NA,NA,0,0
8/1/2025 13:00,26.3,77,NA,28,41,0,NA,NA,0,0
8/1/2025 14:00,26.4,75,NA,27,38,0,NA,NA,0,0
8/1/2025 15:00,26.5,77,NA,26,36,0,NA,NA,0,0
8/1/2025 16:00,26.5,78,NA,26,35,0,NA,NA,0,0
8/1/2025 17:00,26.3,79,NA,25,33,0,NA,NA,0,0
8/1/2025 18:00,26.2,77,NA,24,33,0,NA,NA,0,0
8/1/2025 19:00,26.3,80,NA,23,32,0,NA,NA,0,0
8/1/2025 20:00,26.3,80,NA,22,32,0,NA,NA,0,0
8/1/2025 21:00,26.3,82,NA,21,32,0,NA,NA,0,0
8/1/2025 22:00,26.2,82,NA,21,28,0,NA,NA,0,0
8/1/2025 23:00,26.3,80,NA,13,25,0,NA,NA,0,0
8/2/2025 0:00,26.2,84,NA,18,29,0.6,NA,NA,0,0
8/2/2025 1:00,26,87,NA,19,32,0,NA,NA,0,0
8/2/2025 2:00,25.9,86,NA,20,29,0,NA,NA,0,0
8/2/2025 3:00,NA,NA,NA,NA,NA,NA,NA,NA,0,0
8/2/2025 4:00,NA,NA,NA,NA,NA,NA,NA,NA,0,0
8/2/2025 5:00,NA,NA,NA,NA,NA,NA,NA,NA,0,0
8/2/2025 6:00,25.6,87,NA,13,22,0,NA,NA,0,0
8/2/2025 7:00,26.1,84,NA,13,26,0,NA,NA,0,0
8/2/2025 8:00,26.4,82,NA,14,31,0,NA,NA,0,0
8/2/2025 9:00,26.9,80,NA,15,29,0,NA,NA,0,0
8/2/2025 10:00,28,77,NA,14,27,0,NA,NA,0,0
8/2/2025 11:00,28.2,75,NA,13,24,0,NA,NA,0,0
8/2/2025 12:00,28.4,70,NA,14,24,0,NA,NA,0,0
8/2/2025 13:00,28.4,73,NA,14,27,0,NA,NA,0,0
8/2/2025 14:00,28.2,74,NA,16,25,0,NA,NA,0,0
8/2/2025 15:00,28.2,74,NA,15,27,0,NA,NA,0,0
8/2/2025 16:00,28.1,75,NA,14,24,0,NA,NA,0,0
8/2/2025 17:00,27.4,78,NA,14,43,0,NA,NA,0,0
8/2/2025 18:00,26.7,80,NA,15,25,0,NA,NA,0,0
8/2/2025 19:00,26.7,82,NA,17,24,0,NA,NA,0,0
8/2/2025 20:00,26.8,82,NA,18,28,0,NA,NA,0,0
8/2/2025 21:00,26.7,82,NA,17,25,0,NA,NA,0,0
8/2/2025 22:00,26.6,84,NA,13,24,0,NA,NA,0,0
8/2/2025 23:00,26.6,85,NA,14,24,0,NA,NA,0,0
8/3/2025 0:00,26.5,85,NA,13,24,0,NA,NA,0,0
8/3/2025 1:00,26.3,84,NA,14,26,0,NA,NA,0,0
8/3/2025 2:00,26.3,85,NA,9,22,0,NA,NA,0,0
8/3/2025 3:00,26.3,85,NA,14,21,0,NA,NA,0,0
8/3/2025 4:00,26.2,85,NA,14,22,0,NA,NA,0,0
8/3/2025 5:00,26.3,85,NA,14,22,0,NA,NA,0,0
8/3/2025 6:00,26.3,84,NA,17,26,0,NA,NA,0,0
8/3/2025 7:00,26.7,83,NA,16,26,0,NA,NA,0,0
8/3/2025 8:00,27.4,82,NA,15,29,0,NA,NA,0,0
8/3/2025 9:00,27.7,81,NA,18,28,0,NA,NA,0,0
8/3/2025 10:00,27.9,80,NA,18,30,0,NA,NA,0,0
8/3/2025 11:00,28.4,79,NA,21,35,0,NA,NA,0,0
8/3/2025 12:00,28.1,78,NA,25,41,0,NA,NA,0,0
8/3/2025 13:00,28.3,79,NA,24,38,0,NA,NA,0,0
8/3/2025 14:00,28.4,78,NA,25,40,0,NA,NA,0,0
8/3/2025 15:00,27.9,78,NA,25,39,0,NA,NA,0,0
8/3/2025 16:00,27.9,81,NA,26,40,0,NA,NA,0,0
8/3/2025 17:00,27.7,83,NA,24,40,0,NA,NA,0,0
8/3/2025 18:00,27.1,86,NA,22,36,0,NA,NA,0,0
8/3/2025 19:00,27,86,NA,23,33,0,NA,NA,0,0
8/3/2025 20:00,27.1,87,NA,22,34,0,NA,NA,0,0
8/3/2025 21:00,26.9,86,NA,20,35,0,NA,NA,0,0
8/3/2025 22:00,26.9,88,NA,19,35,0,NA,NA,0,0
8/3/2025 23:00,26.9,88,NA,16,31,0,NA,NA,0,0
8/4/2025 0:00,26.7,86,NA,19,32,0,NA,NA,0,0
8/4/2025 1:00,26.3,85,NA,19,31,0,NA,NA,0,0
8/4/2025 2:00,26.6,88,NA,17,29,0,NA,NA,0,0
8/4/2025 3:00,26.5,88,NA,18,26,0.2,NA,NA,0,0
8/4/2025 4:00,26.4,85,NA,13,27,0,NA,NA,0,0
8/4/2025 5:00,26.3,87,NA,8,27,0,NA,NA,0,0
8/4/2025 6:00,25.9,86,NA,15,28,0,NA,NA,0,0
8/4/2025 7:00,25.7,92,NA,5,28,1.8,NA,NA,0,0
8/4/2025 8:00,27,83,NA,17,24,0,NA,NA,0,0
8/4/2025 9:00,25.8,85,NA,15,38,0.4,NA,NA,0,0
8/4/2025 10:00,27.7,82,NA,11,25,0,NA,NA,0,0
8/4/2025 11:00,27.8,80,NA,18,26,0,NA,NA,0,0
8/4/2025 12:00,28.3,76,NA,16,27,0,NA,NA,0,0
8/4/2025 13:00,28.5,76,NA,19,28,0,NA,NA,0,0
8/4/2025 14:00,29,75,NA,8,27,0,NA,NA,0,0
8/4/2025 15:00,27.9,80,NA,8,25,0,NA,NA,0,0
8/4/2025 16:00,27.6,82,NA,9,18,0,NA,NA,0,0
8/4/2025 17:00,26.3,86,NA,9,16,0,NA,NA,0,0
8/4/2025 18:00,26,88,NA,6,13,0,NA,NA,0,0
8/4/2025 19:00,26.1,88,NA,7,12,0,NA,NA,0,0
8/4/2025 20:00,26.2,89,NA,7,9,0,NA,NA,0,0
8/4/2025 21:00,25.4,92,NA,9,20,1,NA,NA,0,0
8/4/2025 22:00,24.4,95,NA,4,21,1.8,NA,NA,0,0
8/4/2025 23:00,24.1,96,NA,6,12,0,NA,NA,0,0
8/5/2025 0:00,25.1,93,NA,16,21,0,NA,NA,0,0
8/5/2025 1:00,25.4,92,NA,16,22,0,NA,NA,0,0
8/5/2025 2:00,25.2,91,NA,19,23,0,NA,NA,0,0
8/5/2025 3:00,25.4,91,NA,18,24,0,NA,NA,0,0
8/5/2025 4:00,25.4,92,NA,16,23,0,NA,NA,0,0
8/5/2025 5:00,25.4,90,NA,15,22,0,NA,NA,0,0
8/5/2025 6:00,25.7,90,NA,19,24,0,NA,NA,0,0
8/5/2025 7:00,25.9,90,NA,20,26,0,NA,NA,0,0
8/5/2025 8:00,25.9,88,NA,21,28,0,NA,NA,0,0
8/5/2025 9:00,25.4,91,NA,21,27,0.2,NA,NA,0,0
8/5/2025 10:00,25.9,90,NA,10,25,0.2,NA,NA,0,0
8/5/2025 11:00,26.9,84,NA,7,15,0,NA,NA,0,0
8/5/2025 12:00,26.9,80,NA,8,12,0,NA,NA,0,0
8/5/2025 13:00,27.1,81,NA,8,13,0,NA,NA,0,0
8/5/2025 14:00,26.9,83,NA,9,13,0,NA,NA,0,0
8/5/2025 15:00,27.1,79,NA,16,26,0,NA,NA,0,0
8/5/2025 16:00,27.2,79,NA,9,23,0,NA,NA,0,0
8/5/2025 17:00,26.7,83,NA,6,12,0,NA,NA,0,0
8/5/2025 18:00,26.7,85,NA,9,12,0,NA,NA,0,0
8/5/2025 19:00,26.9,81,NA,10,14,0,NA,NA,0,0
8/5/2025 20:00,26.9,80,NA,14,17,0,NA,NA,0,0
8/5/2025 21:00,26.8,82,NA,14,18,0,NA,NA,0,0
8/5/2025 22:00,26.7,82,NA,12,18,0,NA,NA,0,0
8/5/2025 23:00,26.7,83,NA,13,18,0,NA,NA,0,0
8/6/2025 0:00,26.7,85,NA,15,21,0,NA,NA,0,0
8/6/2025 1:00,26.4,86,NA,15,29,0,NA,NA,0,0
8/6/2025 2:00,26.5,86,NA,13,20,0,NA,NA,0,0
8/6/2025 3:00,26.5,85,NA,13,23,0,NA,NA,0,0
8/6/2025 4:00,26.5,86,NA,12,18,0,NA,NA,0,0
8/6/2025 5:00,25.1,91,NA,4,29,1.8,NA,NA,0,0
8/6/2025 6:00,25.8,88,NA,10,18,0.2,NA,NA,0,0
8/6/2025 7:00,26.6,86,NA,17,23,0.8,NA,NA,0,0
8/6/2025 8:00,27,84,NA,19,29,0.6,NA,NA,0,0
8/6/2025 9:00,27.2,82,NA,19,26,0,NA,NA,0,0
8/6/2025 10:00,27.2,82,NA,21,27,0,NA,NA,0,0
8/6/2025 11:00,27.3,81,NA,22,29,0,NA,NA,0,0
8/6/2025 12:00,27.2,82,NA,23,29,0,NA,NA,0,0
8/6/2025 13:00,27.3,84,NA,21,29,0,NA,NA,0,0
8/6/2025 14:00,27.2,79,NA,24,30,0,NA,NA,0,0
8/6/2025 15:00,27.2,78,NA,24,31,0,NA,NA,0,0
8/6/2025 16:00,27.3,78,NA,21,30,0,NA,NA,0,0
8/6/2025 17:00,27.1,80,NA,21,28,0,NA,NA,0,0
8/6/2025 18:00,26.8,80,NA,21,28,0,NA,NA,0,0
8/6/2025 19:00,26.7,81,NA,22,28,0,NA,NA,0,0
8/6/2025 20:00,26.8,78,NA,23,32,0,NA,NA,0,0
8/6/2025 21:00,26.6,80,NA,24,30,0,NA,NA,0,0
8/6/2025 22:00,26.7,81,NA,22,32,0,NA,NA,0,0
8/6/2025 23:00,26.6,83,NA,22,30,0,NA,NA,0,0
8/7/2025 0:00,26.6,83,NA,24,31,0,NA,NA,0,0
8/7/2025 1:00,26.4,81,NA,21,30,0,NA,NA,0,0
8/7/2025 2:00,26.4,82,NA,21,31,0,NA,NA,0,0
8/7/2025 3:00,26.3,87,NA,20,35,0,NA,NA,0,0
8/7/2025 4:00,26.3,83,NA,25,36,0,NA,NA,0,0
8/7/2025 5:00,26.5,83,NA,27,37,0,NA,NA,0,0
8/7/2025 6:00,26.4,83,NA,24,36,0,NA,NA,0,0
8/7/2025 7:00,26.4,83,NA,27,36,0,NA,NA,0,0
8/7/2025 8:00,26.6,82,NA,25,34,0,NA,NA,0,0
8/7/2025 9:00,26.8,81,NA,27,34,0,NA,NA,0,0
8/7/2025 10:00,27,78,NA,29,37,0,NA,NA,0,0
8/7/2025 11:00,27.2,77,NA,25,35,0,NA,NA,0,0
8/7/2025 12:00,27.2,79,NA,25,33,0,NA,NA,0,0
8/7/2025 13:00,27.2,77,NA,25,35,0,NA,NA,0,0
8/7/2025 14:00,27.2,78,NA,23,31,0,NA,NA,0,0
8/7/2025 15:00,27.2,79,NA,21,30,0,NA,NA,0,0
8/7/2025 16:00,27.1,79,NA,21,29,0,NA,NA,0,0
8/7/2025 17:00,26.9,80,NA,23,32,0,NA,NA,0,0
8/7/2025 18:00,26.7,81,NA,26,33,0,NA,NA,0,0
8/7/2025 19:00,26.7,82,NA,27,35,0,NA,NA,0,0
8/7/2025 20:00,26.7,84,NA,25,39,0,NA,NA,0,0
8/7/2025 21:00,25.6,87,NA,24,38,0,NA,NA,0,0
8/7/2025 22:00,26.6,84,NA,27,36,0,NA,NA,0,0
8/7/2025 23:00,25.9,87,NA,27,44,1,NA,NA,0,0
8/8/2025 0:00,26.5,80,NA,26,43,2.2,NA,NA,0,0
8/8/2025 1:00,26.5,80,NA,27,36,0,NA,NA,0,0
8/8/2025 2:00,26.3,79,NA,26,37,0,NA,NA,0,0
8/8/2025 3:00,26.3,82,NA,24,36,0,NA,NA,0,0
8/8/2025 4:00,25.7,88,NA,28,36,0,NA,NA,0,0
8/8/2025 5:00,25.7,86,NA,27,35,0,NA,NA,0,0
8/8/2025 6:00,25.1,85,NA,28,42,0,NA,NA,0,0
8/8/2025 7:00,25.8,84,NA,28,39,0,NA,NA,0,0
8/8/2025 8:00,26.2,83,NA,30,40,0,NA,NA,0,0
8/8/2025 9:00,26.1,84,NA,24,39,0,NA,NA,0,0
8/8/2025 10:00,27,80,NA,31,38,0,NA,NA,0,0
8/8/2025 11:00,27.1,80,NA,31,40,0,NA,NA,0,0
8/8/2025 12:00,27.1,80,NA,31,39,0,NA,NA,0,0
8/8/2025 13:00,27.3,79,NA,29,40,0,NA,NA,0,0
8/8/2025 14:00,27.3,78,NA,27,36,0,NA,NA,0,0
8/8/2025 15:00,27.5,77,NA,27,36,0,NA,NA,0,0
8/8/2025 16:00,27.5,78,NA,26,35,0,NA,NA,0,0
8/8/2025 17:00,27.2,77,NA,24,34,0,NA,NA,0,0
8/8/2025 18:00,27,79,NA,26,31,0,NA,NA,0,0
8/8/2025 19:00,27,83,NA,24,32,0,NA,NA,0,0
8/8/2025 20:00,26.8,81,NA,22,30,0,NA,NA,0,0
8/8/2025 21:00,26.6,86,NA,21,27,0,NA,NA,0,0
8/8/2025 22:00,26.5,86,NA,18,28,0,NA,NA,0,0
8/8/2025 23:00,26.5,87,NA,17,24,0,NA,NA,0,0
8/9/2025 0:00,26.4,87,NA,14,23,0,NA,NA,0,0
8/9/2025 1:00,26.4,84,NA,12,18,0,NA,NA,0,0
8/9/2025 2:00,26.4,83,NA,11,15,0,NA,NA,0,0
8/9/2025 3:00,26.3,84,NA,8,18,0,NA,NA,0,0
8/9/2025 4:00,26.3,85,NA,9,16,0,NA,NA,0,0
8/9/2025 5:00,26.2,86,NA,9,18,0.4,NA,NA,0,0
8/9/2025 6:00,26.1,85,NA,9,15,0,NA,NA,0,0
8/9/2025 7:00,26.5,84,NA,11,18,0,NA,NA,0,0
8/9/2025 8:00,27,82,NA,12,22,0,NA,NA,0,0
8/9/2025 9:00,27.5,79,NA,14,21,0,NA,NA,0,0
8/9/2025 10:00,27.8,78,NA,16,23,0,NA,NA,0,0
8/9/2025 11:00,28.1,78,NA,15,24,0,NA,NA,0,0
8/9/2025 12:00,28.1,77,NA,16,26,0,NA,NA,0,0
8/9/2025 13:00,28.3,78,NA,15,24,0,NA,NA,0,0
8/9/2025 14:00,27.9,79,NA,15,24,0,NA,NA,0,0
8/9/2025 15:00,27.8,79,NA,15,23,0,NA,NA,0,0
8/9/2025 16:00,27.5,81,NA,14,21,0,NA,NA,0,0
8/9/2025 17:00,27.6,80,NA,12,22,0,NA,NA,0,0
8/9/2025 18:00,27.1,82,NA,14,22,0,NA,NA,0,0
8/9/2025 19:00,27.1,84,NA,13,18,0,NA,NA,0,0
8/9/2025 20:00,26.9,84,NA,17,22,0,NA,NA,0,0
8/9/2025 21:00,26.8,85,NA,16,21,0,NA,NA,0,0
8/9/2025 22:00,26.7,86,NA,17,24,0,NA,NA,0,0
8/9/2025 23:00,26.7,85,NA,20,25,0,NA,NA,0,0
8/10/2025 0:00,26.6,85,NA,17,27,0,NA,NA,0,0
8/10/2025 1:00,26.6,85,NA,19,24,0,NA,NA,0,0
8/10/2025 2:00,26.4,85,NA,19,27,0,NA,NA,0,0
8/10/2025 3:00,26.4,85,NA,14,23,0,NA,NA,0,0
8/10/2025 4:00,26.4,85,NA,15,22,0,NA,NA,0,0
8/10/2025 5:00,26.4,85,NA,12,19,0,NA,NA,0,0
8/10/2025 6:00,26.4,84,NA,14,18,0,NA,NA,0,0
8/10/2025 7:00,26.7,81,NA,16,21,0,NA,NA,0,0
8/10/2025 8:00,27.1,81,NA,16,24,0,NA,NA,0,0
8/10/2025 9:00,27.2,78,NA,17,24,0,NA,NA,0,0
8/10/2025 10:00,27.3,79,NA,17,23,0,NA,NA,0,0
8/10/2025 11:00,27.4,76,NA,19,25,0,NA,NA,0,0
8/10/2025 12:00,27.3,78,NA,19,25,0,NA,NA,0,0
8/10/2025 13:00,27.4,74,NA,20,27,0,NA,NA,0,0
8/10/2025 14:00,27.4,76,NA,21,27,0,NA,NA,0,0
8/10/2025 15:00,27.4,78,NA,19,29,0,NA,NA,0,0
8/10/2025 16:00,27.5,74,NA,19,29,0,NA,NA,0,0
8/10/2025 17:00,27.3,76,NA,17,25,0,NA,NA,0,0
8/10/2025 18:00,26.9,79,NA,16,24,0,NA,NA,0,0
8/10/2025 19:00,26.9,77,NA,18,24,0,NA,NA,0,0
8/10/2025 20:00,26.7,78,NA,17,23,0,NA,NA,0,0
8/10/2025 21:00,26.7,77,NA,16,22,0,NA,NA,0,0
8/10/2025 22:00,26.6,79,NA,16,22,0,NA,NA,0,0
8/10/2025 23:00,26.6,79,NA,15,23,0,NA,NA,0,0
8/11/2025 0:00,26.5,79,NA,21,27,0,NA,NA,0,0
8/11/2025 1:00,26.4,76,NA,18,24,0,NA,NA,0,0
8/11/2025 2:00,26.2,77,NA,15,22,0,NA,NA,0,0
8/11/2025 3:00,26.3,76,NA,13,21,0,NA,NA,0,0
8/11/2025 4:00,26.2,74,NA,14,19,0,NA,NA,0,0
8/11/2025 5:00,26.1,75,NA,14,18,0,NA,NA,0,0
8/11/2025 6:00,26.1,77,NA,12,19,0,NA,NA,0,0
8/11/2025 7:00,26.2,78,NA,14,21,0,NA,NA,0,0
8/11/2025 8:00,26.6,77,NA,15,21,0,NA,NA,0,0
8/11/2025 9:00,26.7,73,NA,16,22,0,NA,NA,0,0
8/11/2025 10:00,27,75,NA,15,21,0,NA,NA,0,0
8/11/2025 11:00,27.1,76,NA,16,22,0,NA,NA,0,0
8/11/2025 12:00,27.3,77,NA,15,25,0,NA,NA,0,0
8/11/2025 13:00,27.1,75,NA,17,26,0,NA,NA,0,0
8/11/2025 14:00,27.2,75,NA,15,25,0,NA,NA,0,0
8/11/2025 15:00,27.3,77,NA,14,25,0,NA,NA,0,0
8/11/2025 16:00,27.2,75,NA,14,22,0,NA,NA,0,0
8/11/2025 17:00,27,78,NA,17,22,0,NA,NA,0,0
8/11/2025 18:00,26.6,77,NA,16,23,0,NA,NA,0,0
8/11/2025 19:00,26.6,79,NA,19,23,0,NA,NA,0,0
8/11/2025 20:00,26.6,79,NA,22,30,0,NA,NA,0,0
8/11/2025 21:00,26.7,78,NA,24,30,0,NA,NA,0,0
8/11/2025 22:00,26.5,81,NA,24,31,0,NA,NA,0,0
8/11/2025 23:00,26.5,83,NA,19,29,0,NA,NA,0,0
8/12/2025 0:00,26.6,78,NA,17,25,0,NA,NA,0,0
8/12/2025 1:00,26.5,80,NA,16,21,0,NA,NA,0,0
8/12/2025 2:00,25.8,84,NA,6,27,0,NA,NA,0,0
8/12/2025 3:00,26.5,80,NA,15,23,0.2,NA,NA,0,0
8/12/2025 4:00,26.3,82,NA,15,25,0,NA,NA,0,0
8/12/2025 5:00,26.3,79,NA,19,24,0,NA,NA,0,0
8/12/2025 6:00,26.3,80,NA,17,23,0,NA,NA,0,0
8/12/2025 7:00,26.3,79,NA,20,27,0,NA,NA,0,0
8/12/2025 8:00,26.6,77,NA,18,23,0,NA,NA,0,0
8/12/2025 9:00,26.7,79,NA,17,23,0,NA,NA,0,0
8/12/2025 10:00,26.9,78,NA,19,25,0,NA,NA,0,0
8/12/2025 11:00,27.2,78,NA,18,26,0,NA,NA,0,0
8/12/2025 12:00,27.3,78,NA,21,30,0,NA,NA,0,0
8/12/2025 13:00,27.3,80,NA,20,29,0,NA,NA,0,0
8/12/2025 14:00,27.3,79,NA,19,27,0,NA,NA,0,0
8/12/2025 15:00,27.2,77,NA,23,28,0,NA,NA,0,0
8/12/2025 16:00,27.2,80,NA,22,32,0,NA,NA,0,0
8/12/2025 17:00,27.1,82,NA,23,35,0,NA,NA,0,0
8/12/2025 18:00,26.7,81,NA,24,31,0,NA,NA,0,0
8/12/2025 19:00,26.7,81,NA,23,31,0,NA,NA,0,0
8/12/2025 20:00,26.7,83,NA,21,31,0,NA,NA,0,0
8/12/2025 21:00,26.6,82,NA,23,31,0,NA,NA,0,0
8/12/2025 22:00,26.5,83,NA,23,31,0,NA,NA,0,0
8/12/2025 23:00,26.5,83,NA,25,33,0,NA,NA,0,0
8/13/2025 0:00,26.4,82,NA,24,32,0,NA,NA,0,0
8/13/2025 1:00,26.4,83,NA,26,34,0,NA,NA,0,0
8/13/2025 2:00,26.4,84,NA,23,33,0,NA,NA,0,0
8/13/2025 3:00,26.3,80,NA,25,33,0,NA,NA,0,0
8/13/2025 4:00,26.3,83,NA,22,31,0,NA,NA,0,0
8/13/2025 5:00,26.3,82,NA,27,34,0,NA,NA,0,0
8/13/2025 6:00,26.2,83,NA,25,33,0,NA,NA,0,0
8/13/2025 7:00,26.4,85,NA,23,33,0,NA,NA,0,0
8/13/2025 8:00,26.6,82,NA,28,36,0,NA,NA,0,0
8/13/2025 9:00,26.8,82,NA,25,35,0,NA,NA,0,0
8/13/2025 10:00,26.9,83,NA,21,32,0,NA,NA,0,0
8/13/2025 11:00,27.3,80,NA,22,28,0,NA,NA,0,0
8/13/2025 12:00,27.3,80,NA,21,27,0,NA,NA,0,0
8/13/2025 13:00,27.5,80,NA,17,25,0,NA,NA,0,0
8/13/2025 14:00,27.7,82,NA,16,23,0,NA,NA,0,0
8/13/2025 15:00,27.9,75,NA,17,26,0,NA,NA,0,0
8/13/2025 16:00,27.2,83,NA,24,34,0,NA,NA,0,0
8/13/2025 17:00,27.1,73,NA,19,31,0,NA,NA,0,0
8/13/2025 18:00,27.2,75,NA,19,30,0,NA,NA,0,0
8/13/2025 19:00,26.9,82,NA,14,21,0,NA,NA,0,0
8/13/2025 20:00,27.1,79,NA,19,25,0,NA,NA,0,0
8/13/2025 21:00,27.1,78,NA,18,25,0,NA,NA,0,0
8/13/2025 22:00,27.1,79,NA,19,25,0,NA,NA,0,0
8/13/2025 23:00,27,77,NA,21,28,0,NA,NA,0,0
8/14/2025 0:00,26.2,77,NA,22,33,0,NA,NA,0,0
8/14/2025 1:00,26.2,81,NA,27,35,0,NA,NA,0,0
8/14/2025 2:00,26.3,79,NA,26,36,0,NA,NA,0,0
8/14/2025 3:00,26.3,73,NA,22,33,0,NA,NA,0,0
8/14/2025 4:00,26.3,73,NA,23,34,0,NA,NA,0,0
8/14/2025 5:00,26.3,74,NA,14,35,0,NA,NA,0,0
8/14/2025 6:00,26.1,74,NA,13,25,0,NA,NA,0,0
8/14/2025 7:00,26.4,71,NA,11,19,0,NA,NA,0,0
8/14/2025 8:00,27.1,69,NA,13,21,0,NA,NA,0,0
8/14/2025 9:00,27.6,67,NA,14,23,0,NA,NA,0,0
8/14/2025 10:00,27.7,69,NA,16,26,0,NA,NA,0,0
8/14/2025 11:00,28.2,65,NA,18,29,0,NA,NA,0,0
8/14/2025 12:00,28.6,64,NA,15,37,0,NA,NA,0,0
8/14/2025 13:00,28.6,65,NA,12,30,0,NA,NA,0,0
8/14/2025 14:00,29.1,63,NA,10,20,0,NA,NA,0,0
8/14/2025 15:00,28.1,67,NA,15,24,0,NA,NA,0,0
8/14/2025 16:00,28.1,67,NA,13,26,0,NA,NA,0,0
8/14/2025 17:00,27,69,NA,9,19,0,NA,NA,0,0
8/14/2025 18:00,26.7,72,NA,10,20,0,NA,NA,0,0
8/14/2025 19:00,26.6,72,NA,9,18,0,NA,NA,0,0
8/14/2025 20:00,26.3,74,NA,7,17,0,NA,NA,0,0
8/14/2025 21:00,26.1,74,NA,6,13,0,NA,NA,0,0
8/14/2025 22:00,26.3,75,NA,11,18,0,NA,NA,0,0
8/14/2025 23:00,26,77,NA,8,18,0,NA,NA,0,0
8/15/2025 0:00,25.9,75,NA,8,18,0,NA,NA,0,0
8/15/2025 1:00,25.7,74,NA,8,19,0,NA,NA,0,0
8/15/2025 2:00,25.7,72,NA,8,18,0,NA,NA,0,0
8/15/2025 3:00,25.7,72,NA,8,16,0,NA,NA,0,0
8/15/2025 4:00,25.9,72,NA,11,18,0,NA,NA,0,0
8/15/2025 5:00,25.9,72,NA,14,21,0,NA,NA,0,0
8/15/2025 6:00,24.8,77,NA,3,20,0,NA,NA,0,0
8/15/2025 7:00,26,80,NA,8,15,0,NA,NA,0,0
8/15/2025 8:00,27,73,NA,11,18,0,NA,NA,0,0
8/15/2025 9:00,27.6,72,NA,11,21,0,NA,NA,0,0
8/15/2025 10:00,27.9,71,NA,14,23,0,NA,NA,0,0
8/15/2025 11:00,28.4,70,NA,13,23,0,NA,NA,0,0
8/15/2025 12:00,28.6,65,NA,8,24,0,NA,NA,0,0
8/15/2025 13:00,28.6,68,NA,12,23,0,NA,NA,0,0
8/15/2025 14:00,28.3,68,NA,8,21,0,NA,NA,0,0
8/15/2025 15:00,28,68,NA,9,23,0,NA,NA,0,0
8/15/2025 16:00,28.4,66,NA,7,20,0,NA,NA,0,0
8/15/2025 17:00,27.4,71,NA,7,19,0,NA,NA,0,0
8/15/2025 18:00,27.1,70,NA,7,18,0,NA,NA,0,0
8/15/2025 19:00,27,71,NA,7,19,0,NA,NA,0,0
8/15/2025 20:00,26.2,86,NA,6,17,0,NA,NA,0,0
8/15/2025 21:00,25.9,87,NA,4,16,0,NA,NA,0,0
8/15/2025 22:00,25.7,85,NA,7,22,0,NA,NA,0,0
8/15/2025 23:00,25.3,89,NA,5,17,0,NA,NA,0,0
8/16/2025 0:00,25.1,89,NA,4,14,0,NA,NA,0,0
8/16/2025 1:00,24.6,91,NA,4,12,0,NA,NA,0,0
8/16/2025 2:00,24.6,91,NA,3,11,0,NA,NA,0,0
8/16/2025 3:00,24.9,87,NA,4,9,0,NA,NA,0,0
8/16/2025 4:00,25.1,87,NA,3,12,0,NA,NA,0,0
8/16/2025 5:00,25,84,NA,5,10,0,NA,NA,0,0
8/16/2025 6:00,25.1,87,NA,3,10,0,NA,NA,0,0
8/16/2025 7:00,26.1,85,NA,12,19,0,NA,NA,0,0
8/16/2025 8:00,26.4,85,NA,16,23,0,NA,NA,0,0
8/16/2025 9:00,26.4,83,NA,10,22,0,NA,NA,0,0
8/16/2025 10:00,26,88,NA,24,34,0,NA,NA,0,0
8/16/2025 11:00,26.1,86,NA,26,32,0,NA,NA,0,0
8/16/2025 12:00,26.3,85,NA,23,33,0,NA,NA,0,0
8/16/2025 13:00,26.3,84,NA,23,30,0,NA,NA,0,0
8/16/2025 14:00,26.3,82,NA,24,32,0,NA,NA,0,0
8/16/2025 15:00,25,87,NA,30,41,0,NA,NA,0,0
8/16/2025 16:00,24.4,92,NA,18,37,0,NA,NA,0,0
8/16/2025 17:00,25.9,83,NA,26,33,0,NA,NA,0,0
8/16/2025 18:00,25.9,83,NA,24,36,0,NA,NA,0,0
8/16/2025 19:00,25.6,80,NA,29,37,0,NA,NA,0,0
8/16/2025 20:00,25.6,80,NA,32,43,0,NA,NA,0,0
8/16/2025 21:00,25.5,79,NA,33,43,0,NA,NA,0,0
8/16/2025 22:00,25.5,78,NA,31,42,0,NA,NA,0,0
8/16/2025 23:00,25.5,79,NA,31,42,0,NA,NA,0,0
8/17/2025 0:00,25.5,78,NA,31,40,0,NA,NA,0,0
8/17/2025 1:00,25.3,76,NA,32,43,0,NA,NA,0,0
8/17/2025 2:00,25.2,76,NA,32,42,0,NA,NA,0,0
8/17/2025 3:00,25.3,76,NA,33,44,0,NA,NA,0,0
8/17/2025 4:00,25.1,74,NA,33,42,0,NA,NA,0,0
8/17/2025 5:00,25.1,74,NA,32,43,0,NA,NA,0,0
8/17/2025 6:00,25.3,76,NA,32,43,0,NA,NA,0,0
8/17/2025 7:00,25.1,74,NA,33,44,0,NA,NA,0,0
8/17/2025 8:00,25.3,73,NA,34,43,0,NA,NA,0,0
8/17/2025 9:00,25.5,71,NA,33,43,0,NA,NA,0,0
8/17/2025 10:00,25.5,72,NA,31,43,0,NA,NA,0,0
8/17/2025 11:00,25.6,73,NA,29,41,0,NA,NA,0,0
8/17/2025 12:00,25.7,70,NA,27,39,0,NA,NA,0,0
8/17/2025 13:00,25.8,72,NA,26,38,0,NA,NA,0,0
8/17/2025 14:00,25.6,72,NA,27,39,0,NA,NA,0,0
8/17/2025 15:00,25.5,72,NA,28,37,0,NA,NA,0,0
8/17/2025 16:00,25.5,73,NA,27,37,0,NA,NA,0,0
8/17/2025 17:00,25.5,71,NA,28,37,0,NA,NA,0,0
8/17/2025 18:00,25.4,73,NA,32,40,0,NA,NA,0,0
8/17/2025 19:00,25.5,74,NA,32,40,0,NA,NA,0,0
8/17/2025 20:00,25.4,74,NA,34,42,0,NA,NA,0,0
8/17/2025 21:00,25.3,77,NA,29,41,0,NA,NA,0,0
8/17/2025 22:00,25.3,77,NA,29,39,0,NA,NA,0,0
8/17/2025 23:00,25.2,79,NA,30,42,0,NA,NA,0,0
8/18/2025 0:00,25.1,78,NA,31,43,0,NA,NA,0,0
8/18/2025 1:00,25.1,81,NA,35,44,0,NA,NA,0,0
8/18/2025 2:00,24.9,78,NA,32,44,0,NA,NA,0,0
8/18/2025 3:00,24.8,77,NA,30,43,0,NA,NA,0,0
8/18/2025 4:00,24.9,76,NA,31,41,0,NA,NA,0,0
8/18/2025 5:00,24.7,76,NA,33,45,0,NA,NA,0,0
8/18/2025 6:00,24.7,76,NA,34,44,0,NA,NA,0,0
8/18/2025 7:00,24.9,76,NA,31,41,0,NA,NA,0,0
8/18/2025 8:00,25,75,NA,32,42,0,NA,NA,0,0
8/18/2025 9:00,24.9,80,NA,33,43,0,NA,NA,0,0
8/18/2025 10:00,25.2,77,NA,31,45,0,NA,NA,0,0
8/18/2025 11:00,25.1,79,NA,33,44,0,NA,NA,0,0
8/18/2025 12:00,25,79,NA,34,44,0,NA,NA,0,0
8/18/2025 13:00,25.6,78,NA,30,42,0,NA,NA,0,0
8/18/2025 14:00,25.2,77,NA,32,41,0,NA,NA,0,0
8/18/2025 15:00,25.1,75,NA,34,43,0,NA,NA,0,0
8/18/2025 16:00,25.1,77,NA,34,44,0,NA,NA,0,0
8/18/2025 17:00,25.2,74,NA,35,47,0,NA,NA,0,0
8/18/2025 18:00,25.1,73,NA,33,47,0,NA,NA,0,0
8/18/2025 19:00,25,73,NA,32,43,0,NA,NA,0,0
8/18/2025 20:00,25.1,74,NA,36,46,0,NA,NA,0,0
8/18/2025 21:00,25,74,NA,34,46,0,NA,NA,0,0
8/18/2025 22:00,25,74,NA,37,50,0,NA,NA,0,0
8/18/2025 23:00,24.8,71,NA,35,48,0,NA,NA,0,0
8/19/2025 0:00,24.8,70,NA,35,49,0,NA,NA,0,0
8/19/2025 1:00,24.9,73,NA,34,48,0,NA,NA,0,0
8/19/2025 2:00,24.8,69,NA,34,47,0,NA,NA,0,0
8/19/2025 3:00,24.7,70,NA,37,48,0,NA,NA,0,0
8/19/2025 4:00,24.5,69,NA,31,46,0,NA,NA,0,0
8/19/2025 5:00,24.8,70,NA,33,44,0,NA,NA,0,0
8/19/2025 6:00,24.7,65,NA,29,42,0,NA,NA,0,0
8/19/2025 7:00,25,66,NA,25,39,0,NA,NA,0,0
8/19/2025 8:00,25,68,NA,25,35,0,NA,NA,0,0
8/19/2025 9:00,25.3,68,NA,22,38,0,NA,NA,0,0
8/19/2025 10:00,25.5,67,NA,22,32,0,NA,NA,0,0
8/19/2025 11:00,25.6,62,NA,23,32,0,NA,NA,0,0
8/19/2025 12:00,25.7,63,NA,21,30,0,NA,NA,0,0
8/19/2025 13:00,25.9,63,NA,20,31,0,NA,NA,0,0
8/19/2025 14:00,25.8,68,NA,21,35,0,NA,NA,0,0
8/19/2025 15:00,25.9,70,NA,21,30,0,NA,NA,0,0
8/19/2025 16:00,25.9,71,NA,20,29,0,NA,NA,0,0
8/19/2025 17:00,25.8,71,NA,21,32,0,NA,NA,0,0
8/19/2025 18:00,25.6,69,NA,21,30,0,NA,NA,0,0
8/19/2025 19:00,25.7,72,NA,21,28,0,NA,NA,0,0
8/19/2025 20:00,25.6,74,NA,21,28,0,NA,NA,0,0
8/19/2025 21:00,25.8,73,NA,18,34,0,NA,NA,0,0
8/19/2025 22:00,25.9,70,NA,18,24,0,NA,NA,0,0
8/19/2025 23:00,26,71,NA,16,23,0,NA,NA,0,0
8/20/2025 0:00,25.9,73,NA,16,23,0,NA,NA,0,0
8/20/2025 1:00,25.9,73,NA,17,22,0,NA,NA,0,0
8/20/2025 2:00,25.8,73,NA,19,26,0,NA,NA,0,0
8/20/2025 3:00,25.8,74,NA,21,28,0,NA,NA,0,0
8/20/2025 4:00,25.7,76,NA,23,31,0,NA,NA,0,0
8/20/2025 5:00,25.6,76,NA,20,31,0,NA,NA,0,0
8/20/2025 6:00,25.6,76,NA,19,28,0,NA,NA,0,0
8/20/2025 7:00,25.9,75,NA,19,28,0,NA,NA,0,0
8/20/2025 8:00,26.2,74,NA,18,25,0,NA,NA,0,0
8/20/2025 9:00,26.3,75,NA,21,27,0,NA,NA,0,0
8/20/2025 10:00,26.4,75,NA,22,31,0,NA,NA,0,0
8/20/2025 11:00,26.6,76,NA,22,31,0,NA,NA,0,0
8/20/2025 12:00,26.7,76,NA,22,29,0,NA,NA,0,0
8/20/2025 13:00,26.6,77,NA,22,31,0,NA,NA,0,0
8/20/2025 14:00,26.7,76,NA,23,32,0,NA,NA,0,0
8/20/2025 15:00,26.7,77,NA,22,32,0,NA,NA,0,0
8/20/2025 16:00,26.6,77,NA,20,29,0,NA,NA,0,0
8/20/2025 17:00,26.6,77,NA,19,27,0,NA,NA,0,0
8/20/2025 18:00,26.5,80,NA,18,26,0,NA,NA,0,0
8/20/2025 19:00,26.3,78,NA,15,25,0,NA,NA,0,0
8/20/2025 20:00,26.4,79,NA,18,24,0,NA,NA,0,0
8/20/2025 21:00,26.3,80,NA,19,28,0,NA,NA,0,0
8/20/2025 22:00,26.1,79,NA,19,27,0,NA,NA,0,0
8/20/2025 23:00,26.1,78,NA,22,28,0,NA,NA,0,0
8/21/2025 0:00,26.1,80,NA,22,30,0,NA,NA,0,0
8/21/2025 1:00,26,78,NA,21,32,0,NA,NA,0,0
8/21/2025 2:00,25.9,78,NA,23,31,0,NA,NA,0,0
8/21/2025 3:00,25.8,77,NA,24,32,0,NA,NA,0,0
8/21/2025 4:00,25.6,79,NA,24,34,0,NA,NA,0,0
8/21/2025 5:00,25.6,76,NA,22,32,0,NA,NA,0,0
8/21/2025 6:00,25.7,79,NA,24,32,0,NA,NA,0,0
8/21/2025 7:00,26,76,NA,22,30,0,NA,NA,0,0
8/21/2025 8:00,26.4,75,NA,25,32,0,NA,NA,0,0
8/21/2025 9:00,26.4,72,NA,27,34,0,NA,NA,0,0
8/21/2025 10:00,26.7,75,NA,26,34,0,NA,NA,0,0
8/21/2025 11:00,26.7,72,NA,26,32,0,NA,NA,0,0
8/21/2025 12:00,26.8,72,NA,22,31,0,NA,NA,0,0
8/21/2025 13:00,26.8,72,NA,19,28,0,NA,NA,0,0
8/21/2025 14:00,26.9,73,NA,23,28,0,NA,NA,0,0
8/21/2025 15:00,26.8,71,NA,23,30,0,NA,NA,0,0
8/21/2025 16:00,26.9,73,NA,26,35,0,NA,NA,0,0
8/21/2025 17:00,26.7,75,NA,24,35,0,NA,NA,0,0
8/21/2025 18:00,26.4,76,NA,27,36,0,NA,NA,0,0
8/21/2025 19:00,26.3,75,NA,31,39,0,NA,NA,0,0
8/21/2025 20:00,26.3,75,NA,31,39,0,NA,NA,0,0
8/21/2025 21:00,26.3,78,NA,27,38,0,NA,NA,0,0
8/21/2025 22:00,26.2,79,NA,30,38,0,NA,NA,0,0
8/21/2025 23:00,26.1,81,NA,32,41,0,NA,NA,0,0
8/22/2025 0:00,25.9,82,NA,33,45,0,NA,NA,0,0
8/22/2025 1:00,25.9,83,NA,32,44,0,NA,NA,0,0
8/22/2025 2:00,25.9,84,NA,33,42,0,NA,NA,0,0
8/22/2025 3:00,26,83,NA,31,44,0,NA,NA,0,0
8/22/2025 4:00,24.7,90,NA,18,50,1,NA,NA,0,0
8/22/2025 5:00,26.3,79,NA,28,37,0,NA,NA,0,0
8/22/2025 6:00,26.2,84,NA,27,39,0,NA,NA,0,0
8/22/2025 7:00,26.4,78,NA,29,37,0,NA,NA,0,0
8/22/2025 8:00,26.4,81,NA,27,41,0.2,NA,NA,0,0
8/22/2025 9:00,26.8,76,NA,30,40,0,NA,NA,0,0
8/22/2025 10:00,27.1,76,NA,26,39,0,NA,NA,0,0
8/22/2025 11:00,27.2,76,NA,29,38,0,NA,NA,0,0
8/22/2025 12:00,27.1,78,NA,31,40,0,NA,NA,0,0
8/22/2025 13:00,27.1,76,NA,29,41,0,NA,NA,0,0
8/22/2025 14:00,27.3,75,NA,29,39,0,NA,NA,0,0
8/22/2025 15:00,27.4,73,NA,27,39,0,NA,NA,0,0
8/22/2025 16:00,27.4,72,NA,28,38,0,NA,NA,0,0
8/22/2025 17:00,27.1,71,NA,30,40,0,NA,NA,0,0
8/22/2025 18:00,26.9,73,NA,33,44,0,NA,NA,0,0
8/22/2025 19:00,26.7,75,NA,34,47,0,NA,NA,0,0
8/22/2025 20:00,26.6,76,NA,33,49,0,NA,NA,0,0
8/22/2025 21:00,26.6,78,NA,36,50,0,NA,NA,0,0
8/22/2025 22:00,26.6,76,NA,36,53,0,NA,NA,0,0
8/22/2025 23:00,26.5,74,NA,38,54,0,NA,NA,0,0
8/23/2025 0:00,26.6,75,NA,36,49,0,NA,NA,0,0
8/23/2025 1:00,26.4,77,NA,32,48,0,NA,NA,0,0
8/23/2025 2:00,26.3,74,NA,34,47,0,NA,NA,0,0
8/23/2025 3:00,26.3,70,NA,36,48,0,NA,NA,0,0
8/23/2025 4:00,26.3,73,NA,32,44,0,NA,NA,0,0
8/23/2025 5:00,26.1,75,NA,31,44,0,NA,NA,0,0
8/23/2025 6:00,26.1,77,NA,32,43,0,NA,NA,0,0
8/23/2025 7:00,26.4,76,NA,35,48,0,NA,NA,0,0
8/23/2025 8:00,26.4,73,NA,35,46,0,NA,NA,0,0
8/23/2025 9:00,26.5,75,NA,33,45,0,NA,NA,0,0
8/23/2025 10:00,26.8,73,NA,38,50,0,NA,NA,0,0
8/23/2025 11:00,26.7,72,NA,33,46,0,NA,NA,0,0
8/23/2025 12:00,27,73,NA,33,45,0,NA,NA,0,0
8/23/2025 13:00,27,75,NA,32,46,0,NA,NA,0,0
8/23/2025 14:00,27.1,74,NA,32,44,0,NA,NA,0,0
8/23/2025 15:00,27,75,NA,34,43,0,NA,NA,0,0
8/23/2025 16:00,27.1,76,NA,35,44,0,NA,NA,0,0
8/23/2025 17:00,26.9,75,NA,37,46,0,NA,NA,0,0
8/23/2025 18:00,26.6,76,NA,33,45,0,NA,NA,0,0
8/23/2025 19:00,26.6,79,NA,34,46,0,NA,NA,0,0
8/23/2025 20:00,26.6,78,NA,33,46,0,NA,NA,0,0
8/23/2025 21:00,26.2,83,NA,33,47,0,NA,NA,0,0
8/23/2025 22:00,24.3,90,NA,50,66,0.6,NA,NA,0,0
8/23/2025 23:00,26,80,NA,35,54,0.8,NA,NA,0,0
8/24/2025 0:00,24.2,83,NA,19,70,0.6,NA,NA,0,0
8/24/2025 1:00,26.3,79,NA,34,49,0,NA,NA,0,0
8/24/2025 2:00,26.2,78,NA,36,50,0,NA,NA,0,0
8/24/2025 3:00,26.1,77,NA,37,50,0,NA,NA,0,0
8/24/2025 4:00,26,73,NA,37,57,0,NA,NA,0,0
8/24/2025 5:00,24.6,82,NA,46,65,0,NA,NA,0,0
8/24/2025 6:00,25.7,74,NA,24,52,0,NA,NA,0,0
8/24/2025 7:00,26.2,76,NA,37,55,0,NA,NA,0,0
8/24/2025 8:00,26.4,71,NA,39,56,0,NA,NA,0,0
8/24/2025 9:00,26.3,79,NA,33,53,0,NA,NA,0,0
8/24/2025 10:00,26.4,76,NA,37,51,0,NA,NA,0,0
8/24/2025 11:00,26.2,76,NA,37,52,0,NA,NA,0,0
8/24/2025 12:00,24,88,NA,40,63,0.6,NA,NA,0,0
8/24/2025 13:00,26.4,71,NA,25,41,0,NA,NA,0,0
8/24/2025 14:00,26.6,77,NA,36,48,0,NA,NA,0,0
8/24/2025 15:00,26.4,77,NA,34,49,0.4,NA,NA,0,0
8/24/2025 16:00,26.6,78,NA,36,50,0,NA,NA,0,0
8/24/2025 17:00,26.1,80,NA,37,50,0,NA,NA,0,0
8/24/2025 18:00,26.2,80,NA,36,49,0,NA,NA,0,0
8/24/2025 19:00,26,78,NA,40,50,0,NA,NA,0,0
8/24/2025 20:00,26,80,NA,39,49,0,NA,NA,0,0
8/24/2025 21:00,26.1,81,NA,36,49,0,NA,NA,0,0
8/24/2025 22:00,25.4,82,NA,35,54,0,NA,NA,0,0
8/24/2025 23:00,26.2,81,NA,38,52,0,NA,NA,0,0
8/25/2025 0:00,26.1,81,NA,39,50,0,NA,NA,0,0
8/25/2025 1:00,25.1,81,NA,38,53,0.2,NA,NA,0,0
8/25/2025 2:00,26,83,NA,36,49,1,NA,NA,0,0
8/25/2025 3:00,26.3,82,NA,36,47,0,NA,NA,0,0
8/25/2025 4:00,26,83,NA,35,50,0,NA,NA,0,0
8/25/2025 5:00,25.5,86,NA,33,57,0,NA,NA,0,0
8/25/2025 6:00,26.1,78,NA,35,48,0,NA,NA,0,0
8/25/2025 7:00,26.3,82,NA,34,44,0,NA,NA,0,0
8/25/2025 8:00,26.6,78,NA,33,47,0,NA,NA,0,0
8/25/2025 9:00,24.8,88,NA,35,49,1.2,NA,NA,0,0
8/25/2025 10:00,26.9,77,NA,32,42,0.8,NA,NA,0,0
8/25/2025 11:00,26.9,77,NA,31,42,0,NA,NA,0,0
8/25/2025 12:00,27,80,NA,30,41,0,NA,NA,0,0
8/25/2025 13:00,27,81,NA,29,40,0,NA,NA,0,0
8/25/2025 14:00,26.4,79,NA,27,44,0.2,NA,NA,0,0
8/25/2025 15:00,26.8,81,NA,28,42,0,NA,NA,0,0
8/25/2025 16:00,26.9,77,NA,30,42,0,NA,NA,0,0
8/25/2025 17:00,26.9,79,NA,33,41,0,NA,NA,0,0
8/25/2025 18:00,26.6,84,NA,25,58,0.4,NA,NA,0,0
8/25/2025 19:00,26.8,79,NA,30,41,0,NA,NA,0,0
8/25/2025 20:00,26.8,77,NA,33,45,0,NA,NA,0,0
8/25/2025 21:00,26.7,77,NA,32,42,0,NA,NA,0,0
8/25/2025 22:00,26.6,81,NA,31,42,0,NA,NA,0,0
8/25/2025 23:00,26.5,79,NA,30,41,0,NA,NA,0,0
8/26/2025 0:00,26.5,80,NA,30,41,0,NA,NA,0,0
8/26/2025 1:00,26.4,80,NA,32,42,0,NA,NA,0,0
8/26/2025 2:00,26.1,85,NA,28,41,0,NA,NA,0,0
8/26/2025 3:00,26.2,82,NA,28,42,0,NA,NA,0,0
8/26/2025 4:00,25.7,83,NA,36,46,0,NA,NA,0,0
8/26/2025 5:00,25.8,83,NA,29,44,0.4,NA,NA,0,0
8/26/2025 6:00,25.5,83,NA,33,44,0,NA,NA,0,0
8/26/2025 7:00,25.9,86,NA,29,39,0,NA,NA,0,0
8/26/2025 8:00,26.3,83,NA,24,36,0,NA,NA,0,0
8/26/2025 9:00,26.9,78,NA,29,38,0,NA,NA,0,0
8/26/2025 10:00,26.4,83,NA,24,39,0.2,NA,NA,0,0
8/26/2025 11:00,27,80,NA,28,40,0,NA,NA,0,0
8/26/2025 12:00,27,79,NA,27,40,0,NA,NA,0,0
8/26/2025 13:00,26.7,80,NA,25,36,0,NA,NA,0,0
8/26/2025 14:00,27,82,NA,26,36,0,NA,NA,0,0
8/26/2025 15:00,25.6,84,NA,25,36,0.8,NA,NA,0,0
8/26/2025 16:00,26.5,84,NA,18,28,0,NA,NA,0,0
8/26/2025 17:00,25,90,NA,22,36,0.8,NA,NA,0,0
8/26/2025 18:00,26.2,86,NA,17,30,0.2,NA,NA,0,0
8/26/2025 19:00,26.6,81,NA,24,32,0,NA,NA,0,0
8/26/2025 20:00,26.4,79,NA,25,33,0,NA,NA,0,0
8/26/2025 21:00,26.3,77,NA,25,35,0,NA,NA,0,0
8/26/2025 22:00,26.2,80,NA,25,36,0,NA,NA,0,0
8/26/2025 23:00,26.2,79,NA,30,39,0,NA,NA,0,0
8/27/2025 0:00,26.2,78,NA,27,40,0,NA,NA,0,0
8/27/2025 1:00,26.1,76,NA,26,37,0,NA,NA,0,0
8/27/2025 2:00,26,78,NA,27,37,0,NA,NA,0,0
8/27/2025 3:00,26.1,76,NA,28,37,0,NA,NA,0,0
8/27/2025 4:00,26,75,NA,26,37,0,NA,NA,0,0
8/27/2025 5:00,25.9,74,NA,25,35,0,NA,NA,0,0
8/27/2025 6:00,26.1,75,NA,25,35,0,NA,NA,0,0
8/27/2025 7:00,26.1,77,NA,23,32,0,NA,NA,0,0
8/27/2025 8:00,25.2,81,NA,20,34,1.4,NA,NA,0,0
8/27/2025 9:00,25,83,NA,16,35,0.6,NA,NA,0,0
8/27/2025 10:00,26.5,79,NA,24,32,0,NA,NA,0,0
8/27/2025 11:00,26.8,73,NA,24,32,0,NA,NA,0,0
8/27/2025 12:00,26.8,73,NA,23,32,0,NA,NA,0,0
8/27/2025 13:00,27,73,NA,23,33,0,NA,NA,0,0
8/27/2025 14:00,26.6,74,NA,26,36,0,NA,NA,0,0
8/27/2025 15:00,26.7,76,NA,24,37,0,NA,NA,0,0
8/27/2025 16:00,26.9,77,NA,27,39,0,NA,NA,0,0
8/27/2025 17:00,26.5,82,NA,27,39,0,NA,NA,0,0
8/27/2025 18:00,25.8,86,NA,23,41,0.2,NA,NA,0,0
8/27/2025 19:00,26.2,79,NA,31,44,0,NA,NA,0,0
8/27/2025 20:00,25.3,85,NA,27,44,0,NA,NA,0,0
8/27/2025 21:00,25.3,86,NA,37,47,0,NA,NA,0,0
8/27/2025 22:00,25.5,83,NA,33,42,0,NA,NA,0,0
8/27/2025 23:00,25.6,85,NA,31,42,0,NA,NA,0,0
8/28/2025 0:00,25.5,85,NA,24,45,0,NA,NA,0,0
8/28/2025 1:00,25.4,85,NA,30,41,0,NA,NA,0,0
8/28/2025 2:00,25.3,81,NA,29,41,0,NA,NA,0,0
8/28/2025 3:00,24.5,87,NA,27,42,0,NA,NA,0,0
8/28/2025 4:00,24.7,88,NA,33,43,0,NA,NA,0,0
8/28/2025 5:00,24.6,90,NA,30,41,0,NA,NA,0,0
8/28/2025 6:00,25,86,NA,25,38,0,NA,NA,0,0
8/28/2025 7:00,25.2,85,NA,30,42,0,NA,NA,0,0
8/28/2025 8:00,25.6,83,NA,30,39,0,NA,NA,0,0
8/28/2025 9:00,25.3,87,NA,27,39,0,NA,NA,0,0
8/28/2025 10:00,24.3,90,NA,19,36,0.6,NA,NA,0,0
8/28/2025 11:00,25.7,86,NA,15,33,2.2,NA,NA,0,0
8/28/2025 12:00,26.5,79,NA,21,28,0,NA,NA,0,0
8/28/2025 13:00,25.9,88,NA,27,35,0,NA,NA,0,0
8/28/2025 14:00,25.5,85,NA,9,34,2,NA,NA,0,0
8/28/2025 15:00,26,83,NA,17,24,0,NA,NA,0,0
8/28/2025 16:00,25.3,79,NA,9,35,2,NA,NA,0,0
8/28/2025 17:00,25.2,88,NA,16,23,0,NA,NA,0,0
8/28/2025 18:00,25.4,89,NA,15,24,0,NA,NA,0,0
8/28/2025 19:00,25.5,89,NA,17,22,0,NA,NA,0,0
8/28/2025 20:00,25.1,88,NA,21,26,0,NA,NA,0,0
8/28/2025 21:00,25.4,87,NA,22,28,0,NA,NA,0,0
8/28/2025 22:00,25.3,88,NA,23,30,0,NA,NA,0,0
8/28/2025 23:00,25.5,86,NA,25,32,0,NA,NA,0,0
8/29/2025 0:00,25.2,88,NA,25,32,0,NA,NA,0,0
8/29/2025 1:00,25.4,89,NA,21,30,0,NA,NA,0,0
8/29/2025 2:00,25.2,85,NA,17,29,0,NA,NA,0,0
8/29/2025 3:00,25.3,82,NA,19,25,0,NA,NA,0,0
8/29/2025 4:00,25.2,82,NA,21,27,0,NA,NA,0,0
8/29/2025 5:00,24.2,86,NA,13,36,0,NA,NA,0,0
8/29/2025 6:00,25,83,NA,20,26,0,NA,NA,0,0
8/29/2025 7:00,25.6,79,NA,12,23,0,NA,NA,0,0
8/29/2025 8:00,26.1,78,NA,15,20,0,NA,NA,0,0
8/29/2025 9:00,26.3,80,NA,13,20,0,NA,NA,0,0
8/29/2025 10:00,26.1,81,NA,15,19,0,NA,NA,0,0
8/29/2025 11:00,26.8,83,NA,15,23,0,NA,NA,0,0
8/29/2025 12:00,26.9,78,NA,17,27,0,NA,NA,0,0
8/29/2025 13:00,27.1,76,NA,18,26,0,NA,NA,0,0
8/29/2025 14:00,26.9,77,NA,16,23,0,NA,NA,0,0
8/29/2025 15:00,27,74,NA,17,23,0,NA,NA,0,0
8/29/2025 16:00,27,77,NA,14,21,0,NA,NA,0,0
8/29/2025 17:00,26.9,78,NA,13,21,0,NA,NA,0,0
8/29/2025 18:00,26.6,80,NA,17,26,0,NA,NA,0,0
8/29/2025 19:00,26.4,79,NA,15,22,0,NA,NA,0,0
8/29/2025 20:00,26.4,80,NA,15,22,0,NA,NA,0,0
8/29/2025 21:00,26.4,79,NA,18,22,0,NA,NA,0,0
8/29/2025 22:00,26.4,79,NA,16,22,0,NA,NA,0,0
8/29/2025 23:00,26,80,NA,12,21,0,NA,NA,0,0
8/30/2025 0:00,25.5,75,NA,7,27,0,NA,NA,0,0
8/30/2025 1:00,25.4,82,NA,8,15,0,NA,NA,0,0
8/30/2025 2:00,25.5,84,NA,4,8,0,NA,NA,0,0
8/30/2025 3:00,23.1,92,NA,2,8,0,NA,NA,0,0
8/30/2025 4:00,25.6,85,NA,13,18,0,NA,NA,0,0
8/30/2025 5:00,26,81,NA,10,17,0,NA,NA,0,0
8/30/2025 6:00,24.6,91,NA,8,33,3,NA,NA,0,0
8/30/2025 7:00,25.1,92,NA,2,10,0,NA,NA,0,0
8/30/2025 8:00,26.4,79,NA,7,14,0,NA,NA,0,0
8/30/2025 9:00,27.2,76,NA,11,17,0,NA,NA,0,0
8/30/2025 10:00,27.3,75,NA,11,19,0,NA,NA,0,0
8/30/2025 11:00,27.5,71,NA,12,19,0,NA,NA,0,0
8/30/2025 12:00,27.4,72,NA,10,20,0,NA,NA,0,0
8/30/2025 13:00,27.6,69,NA,13,25,0,NA,NA,0,0
8/30/2025 14:00,28.1,70,NA,12,25,0,NA,NA,0,0
8/30/2025 15:00,28.2,65,NA,12,22,0,NA,NA,0,0
8/30/2025 16:00,27.7,64,NA,10,20,0,NA,NA,0,0
8/30/2025 17:00,27.6,64,NA,5,17,0,NA,NA,0,0
8/30/2025 18:00,26.3,68,NA,3,8,0,NA,NA,0,0
8/30/2025 19:00,25,75,NA,0,5,0,NA,NA,0,0
8/30/2025 20:00,24.2,80,NA,4,6,0,NA,NA,0,0
8/30/2025 21:00,23.8,82,NA,0,8,0,NA,NA,0,0
8/30/2025 22:00,23.4,83,NA,0,3,0,NA,NA,0,0
8/30/2025 23:00,23.2,85,NA,0,4,0,NA,NA,0,0
8/31/2025 0:00,22.9,85,NA,0,4,0,NA,NA,0,0
8/31/2025 1:00,23,86,NA,3,6,0,NA,NA,0,0
8/31/2025 2:00,23.5,85,NA,3,6,0,NA,NA,0,0
8/31/2025 3:00,23,88,NA,3,7,0,NA,NA,0,0
8/31/2025 4:00,24,88,NA,5,10,0,NA,NA,0,0
8/31/2025 5:00,25.8,78,NA,8,16,0,NA,NA,0,0
8/31/2025 6:00,25.7,79,NA,9,15,0,NA,NA,0,0
8/31/2025 7:00,26.2,75,NA,12,16,0,NA,NA,0,0
8/31/2025 8:00,26.6,73,NA,12,17,0,NA,NA,0,0
8/31/2025 9:00,26.8,73,NA,12,18,0,NA,NA,0,0
8/31/2025 10:00,27,71,NA,10,17,0,NA,NA,0,0
8/31/2025 11:00,27.1,72,NA,11,18,0,NA,NA,0,0
8/31/2025 12:00,27.1,73,NA,12,18,0,NA,NA,0,0
8/31/2025 13:00,27.2,71,NA,10,19,0,NA,NA,0,0
8/31/2025 14:00,27.1,72,NA,9,17,0,NA,NA,0,0
8/31/2025 15:00,27,70,NA,9,17,0,NA,NA,0,0
8/31/2025 16:00,27,72,NA,11,18,0,NA,NA,0,0
8/31/2025 17:00,26.7,73,NA,10,15,0,NA,NA,0,0
8/31/2025 18:00,26.6,77,NA,12,17,0,NA,NA,0,0
8/31/2025 19:00,26.4,77,NA,11,17,0,NA,NA,0,0
8/31/2025 20:00,26.5,76,NA,12,17,0,NA,NA,0,0
8/31/2025 21:00,26.5,77,NA,12,17,0,NA,NA,0,0
8/31/2025 22:00,26.6,78,NA,12,20,0,NA,NA,0,0
8/31/2025 23:00,26.4,77,NA,12,16,0,NA,NA,0,0
9/1/2025 0:00,26.3,79,NA,10,17,0,NA,NA,0,0
9/1/2025 1:00,26.2,77,NA,11,17,0,NA,NA,0,0
9/1/2025 2:00,26.1,76,NA,8,17,0,NA,NA,0,0
9/1/2025 3:00,26,79,NA,8,15,0,NA,NA,0,0
9/1/2025 4:00,25.7,85,NA,16,20,0,NA,NA,0,0
9/1/2025 5:00,25.1,87,NA,22,34,0,NA,NA,0,0
9/1/2025 6:00,25.1,87,NA,24,32,0,NA,NA,0,0
9/1/2025 7:00,24.9,86,NA,22,34,0,NA,NA,0,0
9/1/2025 8:00,25.7,80,NA,17,29,0,NA,NA,0,0
9/1/2025 9:00,25.7,84,NA,22,28,0,NA,NA,0,0
9/1/2025 10:00,26.4,73,NA,13,30,0,NA,NA,0,0
9/1/2025 11:00,26.5,71,NA,13,18,0,NA,NA,0,0
9/1/2025 12:00,26.8,73,NA,12,19,0,NA,NA,0,0
9/1/2025 13:00,27.2,73,NA,11,18,0,NA,NA,0,0
9/1/2025 14:00,26.8,77,NA,10,20,0,NA,NA,0,0
9/1/2025 15:00,27,74,NA,11,18,0,NA,NA,0,0
9/1/2025 16:00,27,75,NA,14,21,0,NA,NA,0,0
9/1/2025 17:00,27,73,NA,15,23,0,NA,NA,0,0
9/1/2025 18:00,26.7,75,NA,17,21,0,NA,NA,0,0
9/1/2025 19:00,26.6,75,NA,15,21,0,NA,NA,0,0
9/1/2025 20:00,26.6,74,NA,16,24,0,NA,NA,0,0
9/1/2025 21:00,26.3,73,NA,18,25,0,NA,NA,0,0
9/1/2025 22:00,26.2,74,NA,18,25,0,NA,NA,0,0
9/1/2025 23:00,26.2,76,NA,17,27,0,NA,NA,0,0
9/2/2025 0:00,26.1,75,NA,19,26,0,NA,NA,0,0
9/2/2025 1:00,26.1,76,NA,17,23,0,NA,NA,0,0
9/2/2025 2:00,25.8,76,NA,16,24,0,NA,NA,0,0
9/2/2025 3:00,25.6,75,NA,18,24,0,NA,NA,0,0
9/2/2025 4:00,25.6,75,NA,21,26,0,NA,NA,0,0
9/2/2025 5:00,25.6,77,NA,19,25,0,NA,NA,0,0
9/2/2025 6:00,25.5,75,NA,20,27,0,NA,NA,0,0
9/2/2025 7:00,25.7,73,NA,19,27,0,NA,NA,0,0
9/2/2025 8:00,26,77,NA,19,27,0,NA,NA,0,0
9/2/2025 9:00,26.2,72,NA,24,33,0,NA,NA,0,0
9/2/2025 10:00,26.5,72,NA,22,32,0,NA,NA,0,0
9/2/2025 11:00,26.7,71,NA,22,34,0,NA,NA,0,0
9/2/2025 12:00,26.7,73,NA,21,32,0,NA,NA,0,0
9/2/2025 13:00,26.7,74,NA,20,31,0,NA,NA,0,0
9/2/2025 14:00,26.9,69,NA,22,31,0,NA,NA,0,0
9/2/2025 15:00,26.7,71,NA,21,31,0,NA,NA,0,0
9/2/2025 16:00,26.7,71,NA,22,29,0,NA,NA,0,0
9/2/2025 17:00,26.6,74,NA,23,31,0,NA,NA,0,0
9/2/2025 18:00,26.3,73,NA,24,32,0,NA,NA,0,0
9/2/2025 19:00,26.2,75,NA,23,33,0,NA,NA,0,0
9/2/2025 20:00,26.1,74,NA,23,33,0,NA,NA,0,0
9/2/2025 21:00,26,73,NA,24,33,0,NA,NA,0,0
9/2/2025 22:00,25.9,71,NA,23,30,0,NA,NA,0,0
9/2/2025 23:00,25.9,69,NA,23,32,0,NA,NA,0,0
9/3/2025 0:00,25.8,70,NA,23,33,0,NA,NA,0,0
9/3/2025 1:00,25.8,71,NA,19,28,0,NA,NA,0,0
9/3/2025 2:00,25.6,73,NA,21,29,0,NA,NA,0,0
9/3/2025 3:00,25.5,74,NA,21,29,0,NA,NA,0,0
9/3/2025 4:00,25.7,68,NA,18,27,0,NA,NA,0,0
9/3/2025 5:00,25.5,72,NA,20,26,0,NA,NA,0,0
9/3/2025 6:00,25.6,69,NA,18,27,0,NA,NA,0,0
9/3/2025 7:00,25.9,68,NA,20,27,0,NA,NA,0,0
9/3/2025 8:00,26.2,67,NA,19,27,0,NA,NA,0,0
9/3/2025 9:00,26.4,69,NA,21,27,0,NA,NA,0,0
9/3/2025 10:00,26.5,71,NA,19,27,0,NA,NA,0,0
9/3/2025 11:00,26.6,71,NA,20,27,0,NA,NA,0,0
9/3/2025 12:00,26.8,71,NA,19,29,0,NA,NA,0,0
9/3/2025 13:00,26.7,69,NA,18,25,0,NA,NA,0,0
9/3/2025 14:00,26.8,68,NA,18,24,0,NA,NA,0,0
9/3/2025 15:00,26.9,70,NA,17,24,0,NA,NA,0,0
9/3/2025 16:00,26.9,70,NA,16,24,0,NA,NA,0,0
9/3/2025 17:00,26.9,69,NA,15,24,0,NA,NA,0,0
9/3/2025 18:00,26.5,69,NA,17,25,0,NA,NA,0,0
9/3/2025 19:00,26.5,69,NA,16,22,0,NA,NA,0,0
9/3/2025 20:00,26.2,72,NA,17,22,0,NA,NA,0,0
9/3/2025 21:00,26.1,72,NA,13,22,0,NA,NA,0,0
9/3/2025 22:00,25.9,74,NA,11,16,0,NA,NA,0,0
9/3/2025 23:00,25.8,74,NA,10,19,0,NA,NA,0,0
9/4/2025 0:00,25.9,77,NA,13,17,0,NA,NA,0,0
9/4/2025 1:00,25.6,75,NA,14,19,0,NA,NA,0,0
9/4/2025 2:00,25.6,73,NA,14,22,0,NA,NA,0,0
9/4/2025 3:00,25.6,77,NA,12,19,0,NA,NA,0,0
9/4/2025 4:00,25.4,77,NA,13,18,0,NA,NA,0,0
9/4/2025 5:00,25.5,77,NA,14,18,0,NA,NA,0,0
9/4/2025 6:00,25.5,78,NA,14,21,0,NA,NA,0,0
9/4/2025 7:00,25.9,76,NA,13,21,0,NA,NA,0,0
9/4/2025 8:00,26.1,76,NA,16,23,0,NA,NA,0,0
9/4/2025 9:00,26.3,75,NA,16,23,0,NA,NA,0,0
9/4/2025 10:00,26.5,72,NA,14,22,0,NA,NA,0,0
9/4/2025 11:00,26.7,75,NA,12,23,0,NA,NA,0,0
9/4/2025 12:00,26.8,72,NA,13,22,0,NA,NA,0,0
9/4/2025 13:00,26.8,73,NA,14,26,0,NA,NA,0,0
9/4/2025 14:00,26.8,73,NA,17,22,0,NA,NA,0,0
9/4/2025 15:00,27,74,NA,15,27,0,NA,NA,0,0
9/4/2025 16:00,26.9,75,NA,17,23,0,NA,NA,0,0
9/4/2025 17:00,27,76,NA,18,24,0,NA,NA,0,0
9/4/2025 18:00,26.5,76,NA,19,26,0,NA,NA,0,0
9/4/2025 19:00,26.5,76,NA,18,30,0,NA,NA,0,0
9/4/2025 20:00,26.5,79,NA,18,28,0,NA,NA,0,0
9/4/2025 21:00,26.3,82,NA,21,30,0,NA,NA,0,0
9/4/2025 22:00,26,76,NA,18,37,0,NA,NA,0,0
9/4/2025 23:00,25.6,81,NA,27,34,0,NA,NA,0,0
9/5/2025 0:00,25.7,80,NA,23,32,0,NA,NA,0,0
9/5/2025 1:00,25.8,82,NA,22,30,0,NA,NA,0,0
9/5/2025 2:00,25.7,83,NA,18,31,0,NA,NA,0,0
9/5/2025 3:00,25.6,82,NA,16,24,0,NA,NA,0,0
9/5/2025 4:00,25.5,81,NA,18,29,0,NA,NA,0,0
9/5/2025 5:00,25.7,82,NA,20,27,0,NA,NA,0,0
9/5/2025 6:00,25.7,79,NA,19,36,0,NA,NA,0,0
9/5/2025 7:00,25.9,82,NA,23,31,0,NA,NA,0,0
9/5/2025 8:00,26.1,79,NA,19,31,0,NA,NA,0,0
9/5/2025 9:00,26.4,75,NA,16,30,0,NA,NA,0,0
9/5/2025 10:00,25.5,83,NA,17,28,0,NA,NA,0,0
9/5/2025 11:00,24.1,84,NA,27,37,1,NA,NA,0,0
9/5/2025 12:00,26.3,66,NA,19,31,0,NA,NA,0,0
9/5/2025 13:00,25.8,73,NA,23,39,0,NA,NA,0,0
9/5/2025 14:00,26.3,73,NA,14,26,0,NA,NA,0,0
9/5/2025 15:00,27,69,NA,12,22,0,NA,NA,0,0
9/5/2025 16:00,27,69,NA,14,20,0,NA,NA,0,0
9/5/2025 17:00,26.4,75,NA,18,24,0,NA,NA,0,0
9/5/2025 18:00,25.8,78,NA,15,22,0,NA,NA,0,0
9/5/2025 19:00,25.9,79,NA,13,20,0,NA,NA,0,0
9/5/2025 20:00,26.3,80,NA,16,22,0,NA,NA,0,0
9/5/2025 21:00,26.5,79,NA,17,22,0,NA,NA,0,0
9/5/2025 22:00,26.4,75,NA,17,24,0,NA,NA,0,0
9/5/2025 23:00,26.3,77,NA,17,23,0,NA,NA,0,0
9/6/2025 0:00,26.1,78,NA,16,23,0,NA,NA,0,0
9/6/2025 1:00,26.2,80,NA,12,21,0,NA,NA,0,0
9/6/2025 2:00,25.8,83,NA,12,21,0,NA,NA,0,0
9/6/2025 3:00,25.6,80,NA,13,24,0,NA,NA,0,0
9/6/2025 4:00,26,79,NA,16,23,0,NA,NA,0,0
9/6/2025 5:00,26,77,NA,15,22,0,NA,NA,0,0
9/6/2025 6:00,25.8,82,NA,22,28,0,NA,NA,0,0
9/6/2025 7:00,25.9,79,NA,19,29,0,NA,NA,0,0
9/6/2025 8:00,26.4,74,NA,20,27,0,NA,NA,0,0
9/6/2025 9:00,26.3,78,NA,23,32,0,NA,NA,0,0
9/6/2025 10:00,26.2,74,NA,19,30,0,NA,NA,0,0
9/6/2025 11:00,26.4,72,NA,17,28,0,NA,NA,0,0
9/6/2025 12:00,27.4,64,NA,16,31,0,NA,NA,0,0
9/6/2025 13:00,26.7,69,NA,15,27,0,NA,NA,0,0
9/6/2025 14:00,25.9,73,NA,8,35,0,NA,NA,0,0
9/6/2025 15:00,24.7,78,NA,17,28,0,NA,NA,0,0
9/6/2025 16:00,25,75,NA,14,26,0,NA,NA,0,0
9/6/2025 17:00,25.1,74,NA,11,21,0,NA,NA,0,0
9/6/2025 18:00,25.3,74,NA,13,18,0,NA,NA,0,0
9/6/2025 19:00,25,80,NA,27,33,0,NA,NA,0,0
9/6/2025 20:00,24,89,NA,29,39,0,NA,NA,0,0
9/6/2025 21:00,26.1,56,NA,10,35,0,NA,NA,0,0
9/6/2025 22:00,26.1,59,NA,0,26,0,NA,NA,0,0
9/6/2025 23:00,26.2,66,NA,8,10,0,NA,NA,0,0
9/7/2025 0:00,26.4,67,NA,7,10,0,NA,NA,0,0
9/7/2025 1:00,26.4,66,NA,8,12,0,NA,NA,0,0
9/7/2025 2:00,25.7,71,NA,5,12,0,NA,NA,0,0
9/7/2025 3:00,26.1,77,NA,7,11,0,NA,NA,0,0
9/7/2025 4:00,25.9,74,NA,6,12,0,NA,NA,0,0
9/7/2025 5:00,25.8,76,NA,8,13,0,NA,NA,0,0
9/7/2025 6:00,25.6,79,NA,11,18,0,NA,NA,0,0
9/7/2025 7:00,25.8,81,NA,14,19,0,NA,NA,0,0
9/7/2025 8:00,25.6,79,NA,15,20,0,NA,NA,0,0
9/7/2025 9:00,25.5,80,NA,8,21,0.4,NA,NA,0,0
9/7/2025 10:00,24.7,84,NA,12,24,0,NA,NA,0,0
9/7/2025 11:00,24.8,77,NA,16,29,0,NA,NA,0,0
9/7/2025 12:00,24.6,85,NA,14,25,0,NA,NA,0,0
9/7/2025 13:00,25.5,73,NA,17,28,0,NA,NA,0,0
9/7/2025 14:00,25.2,81,NA,17,33,0,NA,NA,0,0
9/7/2025 15:00,26,74,NA,17,33,0,NA,NA,0,0
9/7/2025 16:00,25.7,80,NA,17,26,0,NA,NA,0,0
9/7/2025 17:00,24.8,86,NA,33,41,0,NA,NA,0,0
9/7/2025 18:00,24.5,85,NA,44,56,0,NA,NA,0,0
9/7/2025 19:00,24.8,86,NA,45,57,0,NA,NA,0,0
9/7/2025 20:00,24.3,82,NA,45,59,0,NA,NA,0,0
9/7/2025 21:00,24.6,83,NA,42,55,0,NA,NA,0,0
9/7/2025 22:00,24.7,81,NA,41,57,0,NA,NA,0,0
9/7/2025 23:00,24.7,80,NA,34,52,0.2,NA,NA,0,0
9/8/2025 0:00,25,78,NA,37,47,0,NA,NA,0,0
9/8/2025 1:00,24.4,78,NA,38,53,0,NA,NA,0,0
9/8/2025 2:00,24.7,75,NA,37,49,0,NA,NA,0,0
9/8/2025 3:00,24.5,81,NA,33,45,0,NA,NA,0,0
9/8/2025 4:00,24.4,85,NA,33,43,0,NA,NA,0,0
9/8/2025 5:00,24.4,82,NA,32,43,0,NA,NA,0,0
9/8/2025 6:00,24.8,78,NA,34,43,0,NA,NA,0,0
9/8/2025 7:00,24.9,80,NA,29,43,0,NA,NA,0,0
9/8/2025 8:00,24.9,80,NA,24,37,0,NA,NA,0,0
9/8/2025 9:00,25.1,81,NA,26,33,0,NA,NA,0,0
9/8/2025 10:00,25.4,74,NA,23,33,0,NA,NA,0,0
9/8/2025 11:00,25.5,74,NA,21,30,0,NA,NA,0,0
9/8/2025 12:00,25.6,73,NA,19,31,0,NA,NA,0,0
9/8/2025 13:00,25.8,75,NA,19,29,0,NA,NA,0,0
9/8/2025 14:00,25.9,72,NA,21,31,0,NA,NA,0,0
9/8/2025 15:00,25.7,80,NA,22,31,0,NA,NA,0,0
9/8/2025 16:00,25.4,82,NA,22,30,0,NA,NA,0,0
9/8/2025 17:00,25.2,75,NA,18,27,0,NA,NA,0,0
9/8/2025 18:00,25.3,74,NA,12,22,0,NA,NA,0,0
9/8/2025 19:00,25.5,77,NA,13,20,0,NA,NA,0,0
9/8/2025 20:00,25.5,75,NA,12,19,0,NA,NA,0,0
9/8/2025 21:00,25.5,72,NA,7,18,0,NA,NA,0,0
9/8/2025 22:00,24.3,78,NA,4,11,0,NA,NA,0,0
9/8/2025 23:00,25.2,76,NA,6,15,0,NA,NA,0,0
9/9/2025 0:00,25.2,76,NA,6,12,0,NA,NA,0,0
9/9/2025 1:00,25.5,76,NA,11,15,0,NA,NA,0,0
9/9/2025 2:00,25.2,78,NA,10,19,0,NA,NA,0,0
9/9/2025 3:00,24.3,77,NA,4,14,0,NA,NA,0,0
9/9/2025 4:00,23.4,80,NA,4,8,0,NA,NA,0,0
9/9/2025 5:00,24.7,78,NA,6,12,0,NA,NA,0,0
9/9/2025 6:00,25,77,NA,7,12,0,NA,NA,0,0
9/9/2025 7:00,25.6,77,NA,11,18,0,NA,NA,0,0
9/9/2025 8:00,25.6,73,NA,9,17,0,NA,NA,0,0
9/9/2025 9:00,26.4,70,NA,11,17,0,NA,NA,0,0
9/9/2025 10:00,26.6,72,NA,10,19,0,NA,NA,0,0
9/9/2025 11:00,27,69,NA,12,21,0,NA,NA,0,0
9/9/2025 12:00,26.8,71,NA,12,20,0,NA,NA,0,0
9/9/2025 13:00,26.5,70,NA,14,22,0,NA,NA,0,0
9/9/2025 14:00,26.7,73,NA,13,23,0,NA,NA,0,0
9/9/2025 15:00,26.5,72,NA,15,23,0,NA,NA,0,0
9/9/2025 16:00,26.7,68,NA,12,22,0,NA,NA,0,0
9/9/2025 17:00,26.6,67,NA,13,23,0,NA,NA,0,0
9/9/2025 18:00,26.5,70,NA,12,20,0,NA,NA,0,0
9/9/2025 19:00,26.5,75,NA,15,22,0,NA,NA,0,0
9/9/2025 20:00,26.6,78,NA,16,23,0,NA,NA,0,0
9/9/2025 21:00,26.6,80,NA,18,23,0,NA,NA,0,0
9/9/2025 22:00,26.4,79,NA,20,32,0,NA,NA,0,0
9/9/2025 23:00,26.5,76,NA,14,25,0,NA,NA,0,0
9/10/2025 0:00,26.6,76,NA,17,22,0,NA,NA,0,0
9/10/2025 1:00,26.7,75,NA,9,20,0,NA,NA,0,0
9/10/2025 2:00,25.2,87,NA,21,34,0.2,NA,NA,0,0
9/10/2025 3:00,24.3,90,NA,21,33,0,NA,NA,0,0
9/10/2025 4:00,24.5,92,NA,19,32,0,NA,NA,0,0
9/10/2025 5:00,25.3,78,NA,10,21,0,NA,NA,0,0
9/10/2025 6:00,25.8,76,NA,6,15,0,NA,NA,0,0
9/10/2025 7:00,26.7,78,NA,14,24,0,NA,NA,0,0
9/10/2025 8:00,27,75,NA,12,21,0,NA,NA,0,0
9/10/2025 9:00,26.1,81,NA,22,35,0,NA,NA,0,0
9/10/2025 10:00,26.4,75,NA,12,36,0,NA,NA,0,0
9/10/2025 11:00,26.2,84,NA,14,24,0,NA,NA,0,0
9/10/2025 12:00,24.6,93,NA,6,31,5.8,NA,NA,0,0
9/10/2025 13:00,25.6,90,NA,5,15,0.2,NA,NA,0,0
9/10/2025 14:00,25.5,91,NA,10,16,0.8,NA,NA,0,0
9/10/2025 15:00,25.9,89,NA,15,19,0,NA,NA,0,0
9/10/2025 16:00,25.6,90,NA,4,19,1.2,NA,NA,0,0
9/10/2025 17:00,25.9,88,NA,13,18,0,NA,NA,0,0
9/10/2025 18:00,26.3,86,NA,16,22,0,NA,NA,0,0
9/10/2025 19:00,26.3,85,NA,23,28,0,NA,NA,0,0
9/10/2025 20:00,26.2,88,NA,28,34,0,NA,NA,0,0
9/10/2025 21:00,26.3,90,NA,28,35,0,NA,NA,0,0
9/10/2025 22:00,25.9,92,NA,26,35,0,NA,NA,0,0
9/10/2025 23:00,26.3,89,NA,19,30,0,NA,NA,0,0
9/11/2025 0:00,26.2,87,NA,13,21,0,NA,NA,0,0
9/11/2025 1:00,26,86,NA,10,19,0,NA,NA,0,0
9/11/2025 2:00,26.2,88,NA,10,18,0,NA,NA,0,0
9/11/2025 3:00,26.1,89,NA,13,19,0,NA,NA,0,0
9/11/2025 4:00,25.8,87,NA,9,18,0,NA,NA,0,0
9/11/2025 5:00,25.7,91,NA,26,34,0,NA,NA,0,0
9/11/2025 6:00,25.2,91,NA,21,37,0,NA,NA,0,0
9/11/2025 7:00,25.9,90,NA,16,25,0,NA,NA,0,0
9/11/2025 8:00,26.8,84,NA,14,24,0,NA,NA,0,0
9/11/2025 9:00,25.4,89,NA,19,36,2.2,NA,NA,0,0
9/11/2025 10:00,27.1,86,NA,13,25,3,NA,NA,0,0
9/11/2025 11:00,27.3,81,NA,18,28,0,NA,NA,0,0
9/11/2025 12:00,27.7,78,NA,18,30,0,NA,NA,0,0
9/11/2025 13:00,27.5,78,NA,21,35,0,NA,NA,0,0
9/11/2025 14:00,27.5,81,NA,13,26,0,NA,NA,0,0
9/11/2025 15:00,27.3,83,NA,12,23,0,NA,NA,0,0
9/11/2025 16:00,27.7,79,NA,13,22,0,NA,NA,0,0
9/11/2025 17:00,27.6,80,NA,12,19,0,NA,NA,0,0
9/11/2025 18:00,27,80,NA,12,19,0,NA,NA,0,0
9/11/2025 19:00,26.9,81,NA,10,17,0,NA,NA,0,0
9/11/2025 20:00,26.3,86,NA,13,25,0.6,NA,NA,0,0
9/11/2025 21:00,26.4,83,NA,9,19,0,NA,NA,0,0
9/11/2025 22:00,26.3,85,NA,20,27,0,NA,NA,0,0
9/11/2025 23:00,25,88,NA,11,35,0,NA,NA,0,0
9/12/2025 0:00,25.5,87,NA,9,19,0,NA,NA,0,0
9/12/2025 1:00,24.6,91,NA,18,36,0,NA,NA,0,0
9/12/2025 2:00,25.2,85,NA,10,31,0,NA,NA,0,0
9/12/2025 3:00,25.3,88,NA,16,28,0,NA,NA,0,0
9/12/2025 4:00,24.4,89,NA,10,23,0,NA,NA,0,0
9/12/2025 5:00,24.9,90,NA,19,27,0.8,NA,NA,0,0
9/12/2025 6:00,24.5,92,NA,21,32,0,NA,NA,0,0
9/12/2025 7:00,24.7,89,NA,14,27,0,NA,NA,0,0
9/12/2025 8:00,25.8,86,NA,16,32,0,NA,NA,0,0
9/12/2025 9:00,25.6,89,NA,26,37,0,NA,NA,0,0
9/12/2025 10:00,25.4,87,NA,28,41,0,NA,NA,0,0
9/12/2025 11:00,26.5,80,NA,19,37,0,NA,NA,0,0
9/12/2025 12:00,26.9,79,NA,18,31,0,NA,NA,0,0
9/12/2025 13:00,27,76,NA,14,29,0,NA,NA,0,0
9/12/2025 14:00,27.6,79,NA,7,23,0,NA,NA,0,0
9/12/2025 15:00,28.1,76,NA,8,19,0,NA,NA,0,0
9/12/2025 16:00,27.4,78,NA,9,16,0,NA,NA,0,0
9/12/2025 17:00,27.1,80,NA,8,16,0,NA,NA,0,0
9/12/2025 18:00,26.6,81,NA,9,15,0,NA,NA,0,0
9/12/2025 19:00,25.8,85,NA,18,28,0.6,NA,NA,0,0
9/12/2025 20:00,26.7,81,NA,14,21,0,NA,NA,0,0
9/12/2025 21:00,26.6,83,NA,11,19,0,NA,NA,0,0
9/12/2025 22:00,26.4,84,NA,11,26,0,NA,NA,0,0
9/12/2025 23:00,26.3,81,NA,9,31,0,NA,NA,0,0
9/13/2025 0:00,26.7,81,NA,19,25,0,NA,NA,0,0
9/13/2025 1:00,26.5,78,NA,14,30,0,NA,NA,0,0
9/13/2025 2:00,26.5,81,NA,15,23,0,NA,NA,0,0
9/13/2025 3:00,26.3,80,NA,12,19,0,NA,NA,0,0
9/13/2025 4:00,26.4,79,NA,13,18,0,NA,NA,0,0
9/13/2025 5:00,26.3,79,NA,15,19,0,NA,NA,0,0
9/13/2025 6:00,26.4,80,NA,15,21,0,NA,NA,0,0
9/13/2025 7:00,26.8,79,NA,17,22,0,NA,NA,0,0
9/13/2025 8:00,27,78,NA,18,24,0,NA,NA,0,0
9/13/2025 9:00,27.2,79,NA,19,26,0,NA,NA,0,0
9/13/2025 10:00,26.6,85,NA,23,31,0,NA,NA,0,0
9/13/2025 11:00,27.1,79,NA,21,29,0,NA,NA,0,0
9/13/2025 12:00,27.4,78,NA,21,30,0,NA,NA,0,0
9/13/2025 13:00,27.4,79,NA,22,31,0,NA,NA,0,0
9/13/2025 14:00,27.5,78,NA,21,30,0,NA,NA,0,0
9/13/2025 15:00,27.4,76,NA,20,25,0,NA,NA,0,0
9/13/2025 16:00,27.2,75,NA,19,28,0,NA,NA,0,0
9/13/2025 17:00,27.3,76,NA,19,27,0,NA,NA,0,0
9/13/2025 18:00,26.9,78,NA,20,25,0,NA,NA,0,0
9/13/2025 19:00,26.8,78,NA,21,27,0,NA,NA,0,0
9/13/2025 20:00,26.7,79,NA,22,31,0,NA,NA,0,0
9/13/2025 21:00,26.6,79,NA,21,30,0,NA,NA,0,0
9/13/2025 22:00,26.5,80,NA,18,28,0,NA,NA,0,0
9/13/2025 23:00,26.5,80,NA,17,26,0,NA,NA,0,0
9/14/2025 0:00,26.3,81,NA,16,24,0,NA,NA,0,0
9/14/2025 1:00,26.3,80,NA,15,22,0,NA,NA,0,0
9/14/2025 2:00,26.3,81,NA,16,21,0,NA,NA,0,0
9/14/2025 3:00,26.1,82,NA,19,24,0,NA,NA,0,0
9/14/2025 4:00,26.1,83,NA,16,24,0,NA,NA,0,0
9/14/2025 5:00,26.1,83,NA,17,23,0,NA,NA,0,0
9/14/2025 6:00,26,82,NA,18,26,0,NA,NA,0,0
9/14/2025 7:00,26.6,82,NA,17,23,0,NA,NA,0,0
9/14/2025 8:00,26.9,80,NA,19,24,0,NA,NA,0,0
9/14/2025 9:00,27.1,81,NA,18,24,0,NA,NA,0,0
9/14/2025 10:00,27.6,79,NA,20,27,0,NA,NA,0,0
9/14/2025 11:00,27.5,78,NA,21,29,0,NA,NA,0,0
9/14/2025 12:00,27.8,75,NA,19,28,0,NA,NA,0,0
9/14/2025 13:00,28.1,75,NA,21,31,0,NA,NA,0,0
9/14/2025 14:00,28.2,75,NA,18,28,0,NA,NA,0,0
9/14/2025 15:00,28.2,76,NA,17,26,0,NA,NA,0,0
9/14/2025 16:00,28,77,NA,19,28,0,NA,NA,0,0
9/14/2025 17:00,27.7,76,NA,13,26,0,NA,NA,0,0
9/14/2025 18:00,27.2,78,NA,18,24,0,NA,NA,0,0
9/14/2025 19:00,27.1,78,NA,15,24,0,NA,NA,0,0
9/14/2025 20:00,27,79,NA,14,24,0,NA,NA,0,0
9/14/2025 21:00,27,77,NA,16,20,0,NA,NA,0,0
9/14/2025 22:00,26.9,78,NA,16,21,0,NA,NA,0,0
9/14/2025 23:00,26.8,80,NA,18,23,0,NA,NA,0,0
9/15/2025 0:00,26.7,79,NA,17,24,0,NA,NA,0,0
9/15/2025 1:00,26.6,78,NA,17,21,0,NA,NA,0,0
9/15/2025 2:00,26.5,79,NA,18,25,0,NA,NA,0,0
9/15/2025 3:00,26.3,77,NA,19,27,0,NA,NA,0,0
9/15/2025 4:00,26.4,77,NA,17,25,0,NA,NA,0,0
9/15/2025 5:00,26.1,76,NA,17,25,0,NA,NA,0,0
9/15/2025 6:00,26.2,77,NA,16,24,0,NA,NA,0,0
9/15/2025 7:00,26.7,77,NA,17,23,0,NA,NA,0,0
9/15/2025 8:00,27.1,75,NA,18,28,0,NA,NA,0,0
9/15/2025 9:00,27.2,72,NA,17,27,0,NA,NA,0,0
9/15/2025 10:00,27.5,71,NA,19,29,0,NA,NA,0,0
9/15/2025 11:00,27.7,71,NA,17,28,0,NA,NA,0,0
9/15/2025 12:00,27.8,70,NA,17,27,0,NA,NA,0,0
9/15/2025 13:00,27.8,68,NA,15,24,0,NA,NA,0,0
9/15/2025 14:00,27.8,69,NA,16,26,0,NA,NA,0,0
9/15/2025 15:00,27.8,69,NA,13,24,0,NA,NA,0,0
9/15/2025 16:00,27.6,70,NA,11,22,0,NA,NA,0,0
9/15/2025 17:00,27.6,72,NA,10,19,0,NA,NA,0,0
9/15/2025 18:00,26.7,73,NA,10,21,0,NA,NA,0,0
9/15/2025 19:00,26.9,74,NA,9,17,0,NA,NA,0,0
9/15/2025 20:00,26.8,75,NA,10,18,0,NA,NA,0,0
9/15/2025 21:00,26.9,77,NA,10,16,0,NA,NA,0,0
9/15/2025 22:00,26.6,75,NA,9,15,0,NA,NA,0,0
9/15/2025 23:00,26.5,74,NA,8,14,0,NA,NA,0,0
9/16/2025 0:00,26.3,76,NA,7,14,0,NA,NA,0,0
9/16/2025 1:00,26.3,76,NA,8,13,0,NA,NA,0,0
9/16/2025 2:00,26.3,76,NA,6,13,0,NA,NA,0,0
9/16/2025 3:00,26,77,NA,8,14,0,NA,NA,0,0
9/16/2025 4:00,25.6,79,NA,4,12,0,NA,NA,0,0
9/16/2025 5:00,26.3,77,NA,9,16,0,NA,NA,0,0
9/16/2025 6:00,25.3,83,NA,12,32,0,NA,NA,0,0
9/16/2025 7:00,25.8,83,NA,10,15,0,NA,NA,0,0
9/16/2025 8:00,26.3,82,NA,12,20,0,NA,NA,0,0
9/16/2025 9:00,25.9,84,NA,19,25,0,NA,NA,0,0
9/16/2025 10:00,26.7,82,NA,18,24,0,NA,NA,0,0
9/16/2025 11:00,26.3,82,NA,18,24,0,NA,NA,0,0
9/16/2025 12:00,27,80,NA,18,24,0,NA,NA,0,0
9/16/2025 13:00,27,77,NA,16,25,0,NA,NA,0,0
9/16/2025 14:00,27.1,78,NA,18,27,0,NA,NA,0,0
9/16/2025 15:00,27.2,73,NA,21,28,0,NA,NA,0,0
9/16/2025 16:00,27.3,73,NA,21,28,0,NA,NA,0,0
9/16/2025 17:00,27.2,74,NA,21,35,0,NA,NA,0,0
9/16/2025 18:00,26.9,74,NA,22,29,0,NA,NA,0,0
9/16/2025 19:00,26.8,77,NA,25,33,0,NA,NA,0,0
9/16/2025 20:00,26.7,75,NA,25,32,0,NA,NA,0,0
9/16/2025 21:00,26.6,75,NA,26,33,0,NA,NA,0,0
9/16/2025 22:00,26.6,78,NA,25,34,0,NA,NA,0,0
9/16/2025 23:00,26.2,81,NA,23,37,0,NA,NA,0,0
9/17/2025 0:00,26.3,82,NA,26,34,0,NA,NA,0,0
9/17/2025 1:00,25.9,81,NA,21,43,1.2,NA,NA,0,0
9/17/2025 2:00,26.3,77,NA,26,34,0,NA,NA,0,0
9/17/2025 3:00,26.3,79,NA,27,37,0,NA,NA,0,0
9/17/2025 4:00,26.3,80,NA,28,38,0,NA,NA,0,0
9/17/2025 5:00,25.8,82,NA,27,40,0,NA,NA,0,0
9/17/2025 6:00,26.3,78,NA,30,42,0,NA,NA,0,0
9/17/2025 7:00,26.5,76,NA,29,41,0,NA,NA,0,0
9/17/2025 8:00,26.7,74,NA,29,40,0,NA,NA,0,0
9/17/2025 9:00,26.7,74,NA,32,41,0,NA,NA,0,0
9/17/2025 10:00,26.9,74,NA,32,43,0,NA,NA,0,0
9/17/2025 11:00,27,71,NA,32,44,0,NA,NA,0,0
9/17/2025 12:00,27,74,NA,28,41,0,NA,NA,0,0
9/17/2025 13:00,27.1,77,NA,25,36,0,NA,NA,0,0
9/17/2025 14:00,27.4,75,NA,31,40,0,NA,NA,0,0
9/17/2025 15:00,27.5,74,NA,32,43,0,NA,NA,0,0
9/17/2025 16:00,27.2,72,NA,32,41,0,NA,NA,0,0
9/17/2025 17:00,27.2,75,NA,31,41,0,NA,NA,0,0
9/17/2025 18:00,26.7,79,NA,32,44,0,NA,NA,0,0
9/17/2025 19:00,26.9,76,NA,33,44,0,NA,NA,0,0
9/17/2025 20:00,26.7,73,NA,35,43,0,NA,NA,0,0
9/17/2025 21:00,26.8,76,NA,34,45,0,NA,NA,0,0
9/17/2025 22:00,26.7,75,NA,32,43,0,NA,NA,0,0
9/17/2025 23:00,26.6,78,NA,31,42,0,NA,NA,0,0
9/18/2025 0:00,26.4,78,NA,32,45,0,NA,NA,0,0
9/18/2025 1:00,26.3,77,NA,31,41,0,NA,NA,0,0
9/18/2025 2:00,24.1,89,NA,36,55,0,NA,NA,0,0
9/18/2025 3:00,25.1,82,NA,22,37,0.2,NA,NA,0,0
9/18/2025 4:00,25.1,84,NA,32,48,0,NA,NA,0,0
9/18/2025 5:00,24.5,88,NA,42,59,0,NA,NA,0,0
9/18/2025 6:00,23.9,88,NA,38,55,0,NA,NA,0,0
9/18/2025 7:00,24.5,85,NA,31,63,0.2,NA,NA,0,0
9/18/2025 8:00,25.2,87,NA,24,41,3.4,NA,NA,0,0
9/18/2025 9:00,26.3,84,NA,32,48,0,NA,NA,0,0
9/18/2025 10:00,26.1,75,NA,38,54,0.6,NA,NA,0,0
9/18/2025 11:00,26.7,80,NA,32,47,0,NA,NA,0,0
9/18/2025 12:00,27.2,78,NA,36,47,0,NA,NA,0,0
9/18/2025 13:00,27.2,77,NA,36,52,0,NA,NA,0,0
9/18/2025 14:00,27.2,75,NA,38,52,0,NA,NA,0,0
9/18/2025 15:00,26.9,76,NA,33,64,0,NA,NA,0,0
9/18/2025 16:00,26.6,82,NA,25,64,1.6,NA,NA,0,0
9/18/2025 17:00,27.1,79,NA,31,40,0,NA,NA,0,0
